order_id,product_id,quantity,discount,line_total
ORD000001,P0007,1,0.0,110.75
ORD000001,P0002,2,0.05,222.85
ORD000001,P0010,1,0.0,336.91
ORD000002,P0016,2,0.1,57.44
ORD000003,P0016,1,0.05,30.31
ORD000004,P0009,1,0.05,177.54
ORD000004,P0012,3,0.0,69.45
ORD000005,P0010,1,0.0,336.91
ORD000005,P0005,1,0.15,53.63
ORD000006,P0009,1,0.15,158.85
ORD000007,P0004,1,0.0,97.24
ORD000008,P0008,1,0.05,180.56
ORD000009,P0006,1,0.0,46.81
ORD000009,P0013,1,0.0,5.8
ORD000009,P0008,1,0.05,180.56
ORD000009,P0021,1,0.0,24.53
ORD000010,P0009,3,0.05,532.61
ORD000010,P0021,1,0.1,22.08
ORD000010,P0008,1,0.15,161.55
ORD000010,P0022,1,0.05,51.78
ORD000011,P0002,1,0.05,111.43
ORD000012,P0001,2,0.0,92.96
ORD000012,P0010,1,0.0,336.91
ORD000013,P0003,1,0.0,17.48
ORD000013,P0015,1,0.0,8.21
ORD000013,P0001,2,0.05,88.31
ORD000014,P0012,2,0.2,37.04
ORD000014,P0021,1,0.0,24.53
ORD000015,P0007,1,0.1,99.68
ORD000015,P0015,1,0.05,7.8
ORD000016,P0003,2,0.0,34.96
ORD000016,P0021,2,0.05,46.61
ORD000017,P0001,2,0.2,74.37
ORD000017,P0003,1,0.0,17.48
ORD000018,P0020,1,0.0,27.26
ORD000018,P0017,2,0.05,16.04
ORD000018,P0002,1,0.0,117.29
ORD000018,P0019,2,0.0,87.42
ORD000019,P0012,3,0.0,69.45
ORD000020,P0007,2,0.15,188.28
ORD000021,P0009,1,0.05,177.54
ORD000022,P0016,1,0.1,28.72
ORD000023,P0012,1,0.0,23.15
ORD000023,P0015,1,0.05,7.8
ORD000023,P0008,1,0.05,180.56
ORD000024,P0012,1,0.0,23.15
ORD000025,P0014,2,0.05,21.55
ORD000026,P0021,1,0.15,20.85
ORD000026,P0008,1,0.15,161.55
ORD000027,P0022,1,0.05,51.78
ORD000027,P0002,1,0.0,117.29
ORD000028,P0020,1,0.0,27.26
ORD000028,P0007,2,0.0,221.5
ORD000028,P0003,1,0.0,17.48
ORD000029,P0002,1,0.1,105.56
ORD000029,P0008,1,0.05,180.56
ORD000029,P0014,1,0.0,11.34
ORD000030,P0004,3,0.1,262.55
ORD000030,P0017,2,0.05,16.04
ORD000030,P0012,1,0.0,23.15
ORD000030,P0010,1,0.1,303.22
ORD000031,P0017,1,0.05,8.02
ORD000032,P0022,1,0.05,51.78
ORD000033,P0001,2,0.15,79.02
ORD000034,P0016,1,0.0,31.91
ORD000035,P0015,1,0.0,8.21
ORD000036,P0014,1,0.1,10.21
ORD000037,P0013,2,0.1,10.44
ORD000038,P0006,1,0.15,39.79
ORD000039,P0013,1,0.05,5.51
ORD000040,P0015,1,0.05,7.8
ORD000040,P0004,1,0.0,97.24
ORD000040,P0018,1,0.15,35.53
ORD000040,P0008,2,0.1,342.11
ORD000041,P0012,3,0.15,59.03
ORD000041,P0005,2,0.0,126.18
ORD000041,P0016,3,0.0,95.73
ORD000042,P0016,2,0.2,51.06
ORD000043,P0014,1,0.1,10.21
ORD000043,P0019,3,0.15,111.46
ORD000044,P0013,3,0.05,16.53
ORD000044,P0009,3,0.15,476.54
ORD000044,P0012,1,0.0,23.15
ORD000045,P0016,1,0.0,31.91
ORD000046,P0013,3,0.1,15.66
ORD000046,P0012,2,0.0,46.3
ORD000046,P0018,1,0.0,41.8
ORD000047,P0014,1,0.05,10.77
ORD000047,P0003,1,0.15,14.86
ORD000048,P0017,1,0.0,8.44
ORD000048,P0013,1,0.1,5.22
ORD000048,P0009,1,0.1,168.19
ORD000049,P0016,1,0.1,28.72
ORD000049,P0021,3,0.1,66.23
ORD000049,P0005,1,0.0,63.09
ORD000049,P0012,1,0.1,20.84
ORD000050,P0015,1,0.0,8.21
ORD000051,P0007,1,0.2,88.6
ORD000051,P0013,3,0.0,17.4
ORD000052,P0011,3,0.1,765.21
ORD000052,P0022,1,0.05,51.78
ORD000052,P0018,3,0.05,119.13
ORD000053,P0006,1,0.0,46.81
ORD000053,P0014,1,0.15,9.64
ORD000053,P0018,2,0.0,83.6
ORD000054,P0013,1,0.0,5.8
ORD000055,P0012,1,0.0,23.15
ORD000055,P0006,2,0.0,93.62
ORD000056,P0005,1,0.1,56.78
ORD000057,P0020,3,0.1,73.6
ORD000057,P0018,3,0.0,125.4
ORD000058,P0018,1,0.1,37.62
ORD000058,P0015,2,0.2,13.14
ORD000058,P0003,1,0.0,17.48
ORD000058,P0005,1,0.0,63.09
ORD000059,P0014,2,0.0,22.68
ORD000060,P0004,2,0.1,175.03
ORD000061,P0019,1,0.0,43.71
ORD000061,P0011,1,0.0,283.41
ORD000062,P0017,2,0.0,16.88
ORD000062,P0003,1,0.05,16.61
ORD000062,P0022,1,0.0,54.51
ORD000063,P0008,1,0.0,190.06
ORD000064,P0009,1,0.0,186.88
ORD000065,P0021,1,0.0,24.53
ORD000065,P0004,1,0.2,77.79
ORD000066,P0021,3,0.1,66.23
ORD000066,P0017,1,0.0,8.44
ORD000067,P0003,1,0.0,17.48
ORD000068,P0021,3,0.0,73.59
ORD000068,P0017,1,0.0,8.44
ORD000068,P0015,1,0.0,8.21
ORD000069,P0021,1,0.1,22.08
ORD000069,P0010,1,0.0,336.91
ORD000069,P0019,1,0.0,43.71
ORD000070,P0020,3,0.1,73.6
ORD000071,P0021,1,0.1,22.08
ORD000071,P0011,1,0.0,283.41
ORD000072,P0008,2,0.0,380.12
ORD000072,P0003,2,0.2,27.97
ORD000072,P0011,1,0.0,283.41
ORD000073,P0007,1,0.15,94.14
ORD000074,P0004,1,0.0,97.24
ORD000074,P0002,1,0.15,99.7
ORD000075,P0011,2,0.0,566.82
ORD000075,P0018,2,0.2,66.88
ORD000075,P0005,1,0.15,53.63
ORD000075,P0010,1,0.0,336.91
ORD000076,P0013,1,0.0,5.8
ORD000076,P0006,2,0.0,93.62
ORD000077,P0009,2,0.0,373.76
ORD000078,P0003,1,0.0,17.48
ORD000079,P0001,1,0.05,44.16
ORD000079,P0019,2,0.0,87.42
ORD000079,P0016,1,0.15,27.12
ORD000080,P0014,1,0.2,9.07
ORD000081,P0018,2,0.0,83.6
ORD000082,P0004,1,0.15,82.65
ORD000083,P0014,1,0.1,10.21
ORD000083,P0016,2,0.1,57.44
ORD000084,P0010,1,0.0,336.91
ORD000084,P0019,1,0.15,37.15
ORD000084,P0012,1,0.0,23.15
ORD000085,P0019,1,0.0,43.71
ORD000086,P0010,2,0.05,640.13
ORD000086,P0016,1,0.0,31.91
ORD000086,P0009,1,0.05,177.54
ORD000087,P0013,1,0.0,5.8
ORD000087,P0008,1,0.0,190.06
ORD000088,P0012,1,0.0,23.15
ORD000089,P0022,1,0.0,54.51
ORD000089,P0002,2,0.1,211.12
ORD000090,P0017,1,0.1,7.6
ORD000091,P0012,1,0.1,20.84
ORD000091,P0014,1,0.15,9.64
ORD000091,P0011,1,0.05,269.24
ORD000092,P0008,1,0.15,161.55
ORD000092,P0006,1,0.05,44.47
ORD000093,P0002,1,0.0,117.29
ORD000094,P0008,3,0.2,456.14
ORD000095,P0006,1,0.05,44.47
ORD000095,P0010,1,0.15,286.37
ORD000095,P0017,1,0.0,8.44
ORD000096,P0001,3,0.0,139.44
ORD000097,P0022,1,0.0,54.51
ORD000097,P0011,1,0.0,283.41
ORD000098,P0019,1,0.05,41.52
ORD000098,P0004,1,0.0,97.24
ORD000098,P0017,1,0.15,7.17
ORD000099,P0001,1,0.0,46.48
ORD000099,P0016,1,0.15,27.12
ORD000100,P0004,2,0.05,184.76
ORD000100,P0012,1,0.0,23.15
ORD000100,P0006,1,0.1,42.13
ORD000101,P0008,1,0.1,171.05
ORD000101,P0003,1,0.0,17.48
ORD000102,P0004,1,0.15,82.65
ORD000102,P0013,2,0.0,11.6
ORD000102,P0016,1,0.0,31.91
ORD000103,P0015,3,0.0,24.63
ORD000103,P0022,2,0.05,103.57
ORD000104,P0001,1,0.0,46.48
ORD000105,P0014,3,0.0,34.02
ORD000105,P0009,3,0.0,560.64
ORD000106,P0014,1,0.05,10.77
ORD000106,P0001,1,0.1,41.83
ORD000107,P0008,1,0.0,190.06
ORD000107,P0010,2,0.0,673.82
ORD000108,P0006,1,0.05,44.47
ORD000109,P0016,3,0.05,90.94
ORD000109,P0020,1,0.1,24.53
ORD000109,P0006,1,0.0,46.81
ORD000110,P0021,1,0.0,24.53
ORD000111,P0021,1,0.0,24.53
ORD000111,P0013,2,0.15,9.86
ORD000112,P0003,1,0.0,17.48
ORD000112,P0018,2,0.05,79.42
ORD000113,P0001,1,0.1,41.83
ORD000113,P0003,1,0.0,17.48
ORD000113,P0013,1,0.15,4.93
ORD000113,P0009,2,0.0,373.76
ORD000114,P0013,1,0.0,5.8
ORD000115,P0016,1,0.05,30.31
ORD000115,P0006,1,0.0,46.81
ORD000115,P0020,3,0.0,81.78
ORD000116,P0009,2,0.05,355.07
ORD000117,P0003,2,0.0,34.96
ORD000117,P0012,1,0.0,23.15
ORD000117,P0007,1,0.0,110.75
ORD000117,P0017,3,0.1,22.79
ORD000118,P0022,1,0.0,54.51
ORD000118,P0004,1,0.0,97.24
ORD000119,P0007,1,0.15,94.14
ORD000119,P0017,3,0.05,24.05
ORD000119,P0021,1,0.0,24.53
ORD000120,P0020,1,0.0,27.26
ORD000120,P0007,3,0.0,332.25
ORD000121,P0010,1,0.05,320.06
ORD000122,P0020,3,0.0,81.78
ORD000123,P0021,1,0.05,23.3
ORD000124,P0006,1,0.05,44.47
ORD000124,P0010,2,0.05,640.13
ORD000124,P0003,1,0.15,14.86
ORD000125,P0002,1,0.0,117.29
ORD000125,P0004,1,0.1,87.52
ORD000126,P0012,1,0.0,23.15
ORD000127,P0022,1,0.0,54.51
ORD000127,P0019,1,0.05,41.52
ORD000127,P0017,1,0.0,8.44
ORD000128,P0013,1,0.05,5.51
ORD000128,P0003,1,0.1,15.73
ORD000129,P0005,1,0.05,59.94
ORD000130,P0020,2,0.0,54.52
ORD000130,P0003,1,0.05,16.61
ORD000131,P0022,2,0.05,103.57
ORD000132,P0010,3,0.0,1010.73
ORD000132,P0019,1,0.0,43.71
ORD000132,P0008,1,0.15,161.55
ORD000132,P0012,1,0.05,21.99
ORD000133,P0021,2,0.2,39.25
ORD000133,P0022,1,0.0,54.51
ORD000134,P0002,3,0.15,299.09
ORD000134,P0020,1,0.0,27.26
ORD000135,P0002,1,0.0,117.29
ORD000136,P0007,3,0.0,332.25
ORD000136,P0004,1,0.0,97.24
ORD000136,P0017,2,0.0,16.88
ORD000137,P0013,1,0.0,5.8
ORD000137,P0005,1,0.0,63.09
ORD000138,P0014,1,0.05,10.77
ORD000139,P0007,1,0.1,99.68
ORD000140,P0015,1,0.15,6.98
ORD000141,P0008,1,0.0,190.06
ORD000142,P0006,2,0.1,84.26
ORD000142,P0022,2,0.0,109.02
ORD000142,P0016,2,0.2,51.06
ORD000143,P0010,3,0.0,1010.73
ORD000143,P0004,2,0.0,194.48
ORD000144,P0004,2,0.15,165.31
ORD000144,P0009,2,0.15,317.7
ORD000144,P0017,1,0.1,7.6
ORD000145,P0004,2,0.0,194.48
ORD000146,P0020,1,0.0,27.26
ORD000146,P0017,3,0.0,25.32
ORD000146,P0021,1,0.15,20.85
ORD000147,P0001,1,0.05,44.16
ORD000148,P0006,1,0.0,46.81
ORD000148,P0022,1,0.1,49.06
ORD000149,P0020,2,0.0,54.52
ORD000150,P0002,1,0.1,105.56
ORD000150,P0007,1,0.05,105.21
ORD000151,P0022,1,0.1,49.06
ORD000151,P0005,1,0.0,63.09
ORD000151,P0008,2,0.15,323.1
ORD000151,P0001,1,0.0,46.48
ORD000152,P0021,3,0.15,62.55
ORD000153,P0018,2,0.0,83.6
ORD000154,P0007,1,0.0,110.75
ORD000154,P0012,1,0.0,23.15
ORD000154,P0005,1,0.1,56.78
ORD000155,P0005,1,0.0,63.09
ORD000156,P0007,3,0.0,332.25
ORD000157,P0015,1,0.0,8.21
ORD000158,P0006,2,0.05,88.94
ORD000159,P0022,2,0.05,103.57
ORD000159,P0005,1,0.2,50.47
ORD000159,P0008,1,0.2,152.05
ORD000160,P0006,1,0.15,39.79
ORD000161,P0004,1,0.1,87.52
ORD000162,P0007,1,0.05,105.21
ORD000162,P0020,1,0.0,27.26
ORD000163,P0005,1,0.15,53.63
ORD000164,P0019,1,0.0,43.71
ORD000164,P0010,2,0.0,673.82
ORD000165,P0010,2,0.2,539.06
ORD000166,P0008,1,0.05,180.56
ORD000167,P0021,1,0.1,22.08
ORD000168,P0009,1,0.05,177.54
ORD000168,P0003,1,0.0,17.48
ORD000168,P0011,1,0.0,283.41
ORD000169,P0022,1,0.0,54.51
ORD000169,P0014,1,0.15,9.64
ORD000169,P0007,1,0.15,94.14
ORD000169,P0002,2,0.0,234.58
ORD000170,P0021,1,0.0,24.53
ORD000171,P0008,1,0.05,180.56
ORD000172,P0008,1,0.1,171.05
ORD000172,P0021,1,0.15,20.85
ORD000173,P0020,2,0.05,51.79
ORD000173,P0006,1,0.0,46.81
ORD000173,P0017,2,0.0,16.88
ORD000174,P0007,1,0.0,110.75
ORD000174,P0008,1,0.0,190.06
ORD000175,P0006,1,0.05,44.47
ORD000176,P0014,2,0.05,21.55
ORD000176,P0017,1,0.05,8.02
ORD000177,P0002,2,0.1,211.12
ORD000177,P0007,2,0.05,210.42
ORD000177,P0008,1,0.0,190.06
ORD000178,P0007,2,0.2,177.2
ORD000178,P0008,2,0.15,323.1
ORD000179,P0003,1,0.0,17.48
ORD000180,P0004,1,0.1,87.52
ORD000181,P0012,1,0.0,23.15
ORD000182,P0002,2,0.15,199.39
ORD000182,P0015,1,0.1,7.39
ORD000183,P0002,1,0.1,105.56
ORD000183,P0020,1,0.0,27.26
ORD000183,P0015,1,0.1,7.39
ORD000183,P0022,2,0.15,92.67
ORD000184,P0019,1,0.0,43.71
ORD000184,P0010,1,0.1,303.22
ORD000184,P0016,3,0.0,95.73
ORD000185,P0019,3,0.0,131.13
ORD000186,P0012,2,0.1,41.67
ORD000186,P0011,1,0.0,283.41
ORD000186,P0021,1,0.0,24.53
ORD000187,P0021,1,0.15,20.85
ORD000188,P0002,2,0.15,199.39
ORD000188,P0020,1,0.1,24.53
ORD000189,P0017,3,0.05,24.05
ORD000189,P0021,3,0.0,73.59
ORD000190,P0001,1,0.0,46.48
ORD000191,P0011,1,0.0,283.41
ORD000191,P0003,1,0.05,16.61
ORD000191,P0007,3,0.15,282.41
ORD000191,P0017,3,0.05,24.05
ORD000192,P0014,1,0.15,9.64
ORD000193,P0020,1,0.0,27.26
ORD000193,P0016,2,0.15,54.25
ORD000194,P0015,3,0.0,24.63
ORD000195,P0014,3,0.0,34.02
ORD000196,P0018,1,0.0,41.8
ORD000196,P0003,1,0.1,15.73
ORD000196,P0022,1,0.15,46.33
ORD000197,P0019,1,0.1,39.34
ORD000197,P0005,1,0.0,63.09
ORD000197,P0013,2,0.0,11.6
ORD000198,P0005,1,0.0,63.09
ORD000198,P0013,1,0.0,5.8
ORD000199,P0019,1,0.0,43.71
ORD000200,P0022,1,0.1,49.06
ORD000201,P0017,1,0.15,7.17
ORD000201,P0001,1,0.0,46.48
ORD000202,P0007,1,0.1,99.68
ORD000202,P0019,2,0.0,87.42
ORD000203,P0011,1,0.1,255.07
ORD000203,P0005,2,0.0,126.18
ORD000203,P0019,1,0.0,43.71
ORD000203,P0012,2,0.0,46.3
ORD000204,P0009,2,0.1,336.38
ORD000205,P0014,1,0.0,11.34
ORD000205,P0002,1,0.0,117.29
ORD000205,P0010,1,0.0,336.91
ORD000206,P0005,1,0.15,53.63
ORD000206,P0017,2,0.0,16.88
ORD000207,P0015,1,0.0,8.21
ORD000208,P0008,2,0.0,380.12
ORD000208,P0010,2,0.05,640.13
ORD000209,P0007,1,0.0,110.75
ORD000209,P0019,1,0.0,43.71
ORD000209,P0008,2,0.0,380.12
ORD000210,P0017,2,0.1,15.19
ORD000210,P0022,1,0.0,54.51
ORD000211,P0004,2,0.05,184.76
ORD000212,P0021,1,0.05,23.3
ORD000213,P0014,1,0.05,10.77
ORD000213,P0021,2,0.1,44.15
ORD000214,P0014,1,0.2,9.07
ORD000214,P0012,1,0.1,20.84
ORD000215,P0003,1,0.0,17.48
ORD000215,P0018,1,0.0,41.8
ORD000216,P0003,2,0.05,33.21
ORD000216,P0008,1,0.0,190.06
ORD000216,P0021,2,0.1,44.15
ORD000217,P0013,1,0.0,5.8
ORD000218,P0020,2,0.1,49.07
ORD000218,P0017,1,0.0,8.44
ORD000219,P0022,1,0.0,54.51
ORD000219,P0014,2,0.0,22.68
ORD000219,P0018,1,0.0,41.8
ORD000220,P0006,2,0.0,93.62
ORD000221,P0010,2,0.1,606.44
ORD000221,P0018,1,0.1,37.62
ORD000222,P0013,1,0.1,5.22
ORD000223,P0014,1,0.05,10.77
ORD000224,P0006,3,0.0,140.43
ORD000225,P0003,3,0.1,47.2
ORD000225,P0014,2,0.0,22.68
ORD000226,P0013,3,0.05,16.53
ORD000226,P0015,1,0.1,7.39
ORD000226,P0006,1,0.0,46.81
ORD000226,P0012,3,0.15,59.03
ORD000227,P0009,2,0.05,355.07
ORD000227,P0019,1,0.15,37.15
ORD000228,P0018,1,0.05,39.71
ORD000228,P0013,1,0.0,5.8
ORD000228,P0003,1,0.0,17.48
ORD000229,P0001,1,0.05,44.16
ORD000230,P0016,1,0.15,27.12
ORD000231,P0019,1,0.0,43.71
ORD000231,P0021,3,0.2,58.87
ORD000232,P0004,3,0.1,262.55
ORD000232,P0014,1,0.15,9.64
ORD000233,P0006,1,0.15,39.79
ORD000234,P0005,1,0.0,63.09
ORD000234,P0001,1,0.1,41.83
ORD000235,P0008,2,0.0,380.12
ORD000235,P0021,1,0.0,24.53
ORD000235,P0009,1,0.0,186.88
ORD000236,P0007,1,0.0,110.75
ORD000236,P0019,3,0.1,118.02
ORD000237,P0001,1,0.0,46.48
ORD000237,P0016,1,0.05,30.31
ORD000237,P0006,1,0.0,46.81
ORD000238,P0011,1,0.05,269.24
ORD000238,P0022,3,0.1,147.18
ORD000239,P0011,1,0.05,269.24
ORD000240,P0014,1,0.0,11.34
ORD000240,P0017,1,0.05,8.02
ORD000241,P0021,1,0.0,24.53
ORD000242,P0016,3,0.05,90.94
ORD000243,P0011,1,0.0,283.41
ORD000243,P0015,1,0.05,7.8
ORD000244,P0020,1,0.0,27.26
ORD000245,P0013,1,0.05,5.51
ORD000246,P0020,1,0.1,24.53
ORD000247,P0012,2,0.2,37.04
ORD000248,P0011,1,0.1,255.07
ORD000249,P0019,2,0.05,83.05
ORD000250,P0020,1,0.0,27.26
ORD000251,P0012,2,0.05,43.98
ORD000251,P0002,2,0.0,234.58
ORD000251,P0010,1,0.0,336.91
ORD000251,P0005,1,0.0,63.09
ORD000252,P0019,1,0.2,34.97
ORD000252,P0011,1,0.1,255.07
ORD000253,P0011,2,0.0,566.82
ORD000254,P0019,1,0.0,43.71
ORD000254,P0008,1,0.05,180.56
ORD000255,P0009,2,0.0,373.76
ORD000255,P0015,1,0.05,7.8
ORD000255,P0013,1,0.0,5.8
ORD000256,P0012,1,0.1,20.84
ORD000256,P0022,1,0.05,51.78
ORD000256,P0003,1,0.0,17.48
ORD000257,P0017,1,0.0,8.44
ORD000257,P0019,3,0.05,124.57
ORD000258,P0015,1,0.05,7.8
ORD000258,P0009,1,0.05,177.54
ORD000258,P0002,3,0.0,351.87
ORD000259,P0014,1,0.15,9.64
ORD000260,P0008,1,0.0,190.06
ORD000260,P0002,1,0.1,105.56
ORD000260,P0007,1,0.05,105.21
ORD000261,P0001,1,0.0,46.48
ORD000262,P0010,1,0.0,336.91
ORD000263,P0003,1,0.05,16.61
ORD000264,P0003,3,0.15,44.57
ORD000264,P0007,2,0.1,199.35
ORD000265,P0014,3,0.0,34.02
ORD000266,P0012,1,0.0,23.15
ORD000266,P0015,1,0.15,6.98
ORD000266,P0013,1,0.0,5.8
ORD000267,P0014,1,0.05,10.77
ORD000267,P0006,2,0.0,93.62
ORD000267,P0017,1,0.1,7.6
ORD000268,P0009,2,0.05,355.07
ORD000268,P0021,1,0.15,20.85
ORD000268,P0006,2,0.05,88.94
ORD000269,P0002,1,0.0,117.29
ORD000269,P0014,1,0.1,10.21
ORD000269,P0021,1,0.0,24.53
ORD000269,P0019,1,0.05,41.52
ORD000270,P0006,1,0.2,37.45
ORD000270,P0001,1,0.05,44.16
ORD000270,P0020,1,0.0,27.26
ORD000271,P0019,1,0.1,39.34
ORD000272,P0011,2,0.2,453.46
ORD000273,P0022,1,0.0,54.51
ORD000274,P0010,1,0.0,336.91
ORD000275,P0021,1,0.0,24.53
ORD000276,P0010,2,0.0,673.82
ORD000277,P0013,2,0.0,11.6
ORD000277,P0007,1,0.05,105.21
ORD000278,P0001,1,0.1,41.83
ORD000278,P0019,2,0.0,87.42
ORD000279,P0008,3,0.15,484.65
ORD000280,P0022,1,0.1,49.06
ORD000280,P0010,3,0.05,960.19
ORD000280,P0011,2,0.1,510.14
ORD000280,P0009,1,0.05,177.54
ORD000281,P0009,1,0.15,158.85
ORD000281,P0018,1,0.05,39.71
ORD000282,P0003,2,0.05,33.21
ORD000283,P0018,1,0.05,39.71
ORD000284,P0013,1,0.1,5.22
ORD000285,P0007,1,0.0,110.75
ORD000285,P0020,1,0.15,23.17
ORD000286,P0018,1,0.05,39.71
ORD000286,P0008,3,0.0,570.18
ORD000287,P0010,1,0.0,336.91
ORD000287,P0019,1,0.15,37.15
ORD000288,P0022,3,0.0,163.53
ORD000289,P0016,1,0.05,30.31
ORD000290,P0015,2,0.1,14.78
ORD000291,P0019,1,0.0,43.71
ORD000292,P0015,1,0.0,8.21
ORD000292,P0013,2,0.05,11.02
ORD000293,P0003,2,0.0,34.96
ORD000293,P0006,1,0.0,46.81
ORD000294,P0007,1,0.05,105.21
ORD000294,P0012,1,0.05,21.99
ORD000294,P0015,1,0.05,7.8
ORD000294,P0013,2,0.0,11.6
ORD000295,P0022,1,0.05,51.78
ORD000295,P0003,3,0.05,49.82
ORD000295,P0006,1,0.1,42.13
ORD000296,P0001,3,0.2,111.55
ORD000296,P0004,1,0.0,97.24
ORD000297,P0008,1,0.05,180.56
ORD000298,P0018,1,0.1,37.62
ORD000298,P0013,3,0.05,16.53
ORD000298,P0015,1,0.0,8.21
ORD000299,P0009,1,0.0,186.88
ORD000299,P0014,1,0.15,9.64
ORD000300,P0021,2,0.05,46.61
ORD000300,P0017,2,0.15,14.35
ORD000300,P0011,2,0.05,538.48
ORD000301,P0005,1,0.0,63.09
ORD000301,P0019,3,0.2,104.9
ORD000302,P0011,1,0.0,283.41
ORD000302,P0010,1,0.05,320.06
ORD000303,P0017,1,0.05,8.02
ORD000304,P0006,1,0.0,46.81
ORD000304,P0001,2,0.0,92.96
ORD000305,P0009,1,0.0,186.88
ORD000305,P0005,1,0.1,56.78
ORD000305,P0019,1,0.05,41.52
ORD000306,P0011,2,0.2,453.46
ORD000307,P0020,2,0.05,51.79
ORD000308,P0021,1,0.1,22.08
ORD000308,P0016,1,0.1,28.72
ORD000309,P0016,1,0.15,27.12
ORD000310,P0012,1,0.0,23.15
ORD000310,P0009,1,0.2,149.5
ORD000310,P0008,1,0.15,161.55
ORD000311,P0010,1,0.1,303.22
ORD000312,P0004,1,0.0,97.24
ORD000313,P0003,1,0.05,16.61
ORD000314,P0011,1,0.05,269.24
ORD000314,P0021,2,0.0,49.06
ORD000314,P0005,2,0.05,119.87
ORD000314,P0022,1,0.1,49.06
ORD000315,P0017,1,0.0,8.44
ORD000316,P0010,1,0.0,336.91
ORD000317,P0017,1,0.05,8.02
ORD000317,P0014,1,0.0,11.34
ORD000318,P0010,1,0.1,303.22
ORD000319,P0004,1,0.05,92.38
ORD000320,P0004,3,0.1,262.55
ORD000321,P0007,1,0.1,99.68
ORD000321,P0018,1,0.05,39.71
ORD000321,P0006,2,0.0,93.62
ORD000322,P0010,1,0.05,320.06
ORD000323,P0019,1,0.1,39.34
ORD000324,P0018,2,0.0,83.6
ORD000325,P0013,1,0.0,5.8
ORD000326,P0018,1,0.0,41.8
ORD000326,P0007,3,0.0,332.25
ORD000326,P0001,3,0.0,139.44
ORD000327,P0022,1,0.0,54.51
ORD000327,P0013,1,0.05,5.51
ORD000327,P0006,1,0.0,46.81
ORD000328,P0005,1,0.15,53.63
ORD000328,P0019,2,0.1,78.68
ORD000328,P0012,1,0.0,23.15
ORD000328,P0007,3,0.0,332.25
ORD000329,P0018,1,0.0,41.8
ORD000329,P0005,2,0.15,107.25
ORD000330,P0012,2,0.1,41.67
ORD000331,P0013,2,0.0,11.6
ORD000331,P0006,1,0.2,37.45
ORD000332,P0016,1,0.0,31.91
ORD000332,P0006,2,0.0,93.62
ORD000333,P0003,1,0.0,17.48
ORD000334,P0018,1,0.1,37.62
ORD000335,P0021,1,0.0,24.53
ORD000335,P0022,1,0.0,54.51
ORD000336,P0021,2,0.1,44.15
ORD000337,P0013,1,0.0,5.8
ORD000337,P0012,1,0.05,21.99
ORD000338,P0022,1,0.0,54.51
ORD000338,P0014,1,0.1,10.21
ORD000338,P0012,1,0.05,21.99
ORD000339,P0016,1,0.0,31.91
ORD000339,P0006,1,0.0,46.81
ORD000339,P0005,3,0.0,189.27
ORD000340,P0007,1,0.2,88.6
ORD000340,P0011,2,0.05,538.48
ORD000341,P0001,1,0.05,44.16
ORD000341,P0015,1,0.1,7.39
ORD000342,P0009,1,0.15,158.85
ORD000343,P0013,1,0.0,5.8
ORD000343,P0007,2,0.05,210.42
ORD000344,P0015,1,0.15,6.98
ORD000344,P0016,1,0.0,31.91
ORD000345,P0016,1,0.05,30.31
ORD000346,P0009,1,0.1,168.19
ORD000347,P0009,1,0.0,186.88
ORD000347,P0010,2,0.0,673.82
ORD000347,P0003,2,0.1,31.46
ORD000348,P0022,1,0.05,51.78
ORD000349,P0010,1,0.1,303.22
ORD000349,P0018,1,0.1,37.62
ORD000349,P0012,2,0.0,46.3
ORD000349,P0001,1,0.05,44.16
ORD000350,P0017,1,0.0,8.44
ORD000351,P0018,1,0.0,41.8
ORD000351,P0013,1,0.05,5.51
ORD000351,P0021,1,0.1,22.08
ORD000352,P0011,1,0.05,269.24
ORD000353,P0009,2,0.15,317.7
ORD000353,P0002,2,0.05,222.85
ORD000353,P0020,1,0.2,21.81
ORD000354,P0014,1,0.1,10.21
ORD000354,P0003,3,0.15,44.57
ORD000354,P0020,2,0.0,54.52
ORD000355,P0009,1,0.0,186.88
ORD000355,P0015,2,0.05,15.6
ORD000355,P0022,1,0.05,51.78
ORD000355,P0011,1,0.05,269.24
ORD000356,P0002,3,0.05,334.28
ORD000356,P0004,1,0.1,87.52
ORD000357,P0002,1,0.1,105.56
ORD000358,P0013,2,0.0,11.6
ORD000359,P0022,1,0.0,54.51
ORD000360,P0012,1,0.1,20.84
ORD000360,P0008,3,0.15,484.65
ORD000361,P0002,2,0.2,187.66
ORD000361,P0011,1,0.0,283.41
ORD000361,P0015,1,0.0,8.21
ORD000362,P0009,2,0.1,336.38
ORD000363,P0016,2,0.2,51.06
ORD000364,P0002,1,0.05,111.43
ORD000365,P0003,2,0.0,34.96
ORD000365,P0019,1,0.15,37.15
ORD000366,P0014,3,0.15,28.92
ORD000366,P0019,1,0.0,43.71
ORD000367,P0012,1,0.0,23.15
ORD000368,P0007,2,0.0,221.5
ORD000368,P0015,1,0.15,6.98
ORD000369,P0009,1,0.0,186.88
ORD000370,P0009,1,0.0,186.88
ORD000370,P0021,1,0.15,20.85
ORD000370,P0003,1,0.2,13.98
ORD000370,P0005,1,0.1,56.78
ORD000371,P0012,1,0.0,23.15
ORD000371,P0019,2,0.0,87.42
ORD000372,P0012,1,0.1,20.84
ORD000372,P0016,1,0.15,27.12
ORD000373,P0011,1,0.0,283.41
ORD000373,P0001,1,0.0,46.48
ORD000373,P0007,1,0.0,110.75
ORD000373,P0020,2,0.0,54.52
ORD000374,P0005,1,0.05,59.94
ORD000374,P0022,1,0.0,54.51
ORD000375,P0001,2,0.05,88.31
ORD000376,P0004,1,0.15,82.65
ORD000377,P0017,1,0.2,6.75
ORD000377,P0015,1,0.05,7.8
ORD000377,P0001,1,0.0,46.48
ORD000378,P0012,2,0.0,46.3
ORD000379,P0009,3,0.0,560.64
ORD000380,P0013,3,0.05,16.53
ORD000381,P0020,1,0.0,27.26
ORD000381,P0006,1,0.2,37.45
ORD000382,P0006,1,0.0,46.81
ORD000382,P0017,1,0.0,8.44
ORD000383,P0020,1,0.1,24.53
ORD000383,P0010,2,0.0,673.82
ORD000384,P0008,1,0.0,190.06
ORD000385,P0017,1,0.05,8.02
ORD000386,P0018,1,0.0,41.8
ORD000387,P0013,2,0.05,11.02
ORD000387,P0016,1,0.05,30.31
ORD000387,P0006,1,0.0,46.81
ORD000388,P0004,1,0.1,87.52
ORD000388,P0003,1,0.0,17.48
ORD000388,P0008,2,0.05,361.11
ORD000389,P0002,1,0.0,117.29
ORD000389,P0009,1,0.05,177.54
ORD000390,P0017,2,0.0,16.88
ORD000390,P0008,1,0.0,190.06
ORD000391,P0022,1,0.1,49.06
ORD000392,P0012,2,0.0,46.3
ORD000393,P0001,1,0.0,46.48
ORD000393,P0007,2,0.05,210.42
ORD000394,P0013,2,0.05,11.02
ORD000395,P0004,1,0.2,77.79
ORD000396,P0006,1,0.1,42.13
ORD000396,P0017,1,0.1,7.6
ORD000397,P0007,1,0.2,88.6
ORD000397,P0016,3,0.1,86.16
ORD000398,P0022,3,0.05,155.35
ORD000398,P0009,1,0.05,177.54
ORD000398,P0012,1,0.0,23.15
ORD000399,P0007,1,0.0,110.75
ORD000399,P0004,1,0.0,97.24
ORD000399,P0006,1,0.05,44.47
ORD000400,P0008,1,0.05,180.56
ORD000401,P0015,1,0.2,6.57
ORD000401,P0006,2,0.15,79.58
ORD000402,P0015,1,0.05,7.8
ORD000402,P0010,2,0.0,673.82
ORD000402,P0006,1,0.0,46.81
ORD000402,P0014,1,0.05,10.77
ORD000403,P0014,1,0.05,10.77
ORD000404,P0002,1,0.0,117.29
ORD000405,P0019,3,0.0,131.13
ORD000406,P0010,1,0.2,269.53
ORD000406,P0018,1,0.0,41.8
ORD000407,P0001,2,0.15,79.02
ORD000407,P0003,1,0.0,17.48
ORD000408,P0006,1,0.0,46.81
ORD000409,P0006,1,0.0,46.81
ORD000410,P0016,2,0.15,54.25
ORD000411,P0005,1,0.05,59.94
ORD000412,P0006,1,0.0,46.81
ORD000412,P0018,1,0.15,35.53
ORD000413,P0015,3,0.0,24.63
ORD000413,P0021,1,0.0,24.53
ORD000414,P0014,1,0.0,11.34
ORD000415,P0016,1,0.05,30.31
ORD000416,P0011,1,0.0,283.41
ORD000417,P0008,2,0.0,380.12
ORD000417,P0004,3,0.0,291.72
ORD000417,P0001,1,0.1,41.83
ORD000418,P0003,1,0.0,17.48
ORD000419,P0002,3,0.0,351.87
ORD000419,P0017,1,0.05,8.02
ORD000420,P0022,1,0.05,51.78
ORD000420,P0016,1,0.0,31.91
ORD000421,P0021,1,0.0,24.53
ORD000421,P0009,1,0.0,186.88
ORD000421,P0015,1,0.05,7.8
ORD000422,P0012,1,0.0,23.15
ORD000422,P0013,3,0.05,16.53
ORD000422,P0022,2,0.0,109.02
ORD000423,P0014,1,0.0,11.34
ORD000424,P0009,1,0.0,186.88
ORD000425,P0009,2,0.0,373.76
ORD000426,P0021,1,0.1,22.08
ORD000426,P0019,1,0.0,43.71
ORD000426,P0005,1,0.0,63.09
ORD000427,P0008,1,0.0,190.06
ORD000428,P0004,1,0.05,92.38
ORD000429,P0012,1,0.1,20.84
ORD000430,P0001,2,0.0,92.96
ORD000431,P0022,1,0.0,54.51
ORD000432,P0019,1,0.05,41.52
ORD000432,P0009,3,0.0,560.64
ORD000433,P0006,1,0.2,37.45
ORD000433,P0014,1,0.0,11.34
ORD000433,P0005,1,0.0,63.09
ORD000434,P0010,1,0.05,320.06
ORD000434,P0004,1,0.1,87.52
ORD000434,P0013,2,0.0,11.6
ORD000435,P0005,1,0.0,63.09
ORD000435,P0014,1,0.0,11.34
ORD000436,P0006,1,0.2,37.45
ORD000437,P0010,1,0.05,320.06
ORD000437,P0001,2,0.1,83.66
ORD000437,P0020,1,0.0,27.26
ORD000438,P0019,1,0.1,39.34
ORD000438,P0001,1,0.0,46.48
ORD000439,P0021,1,0.15,20.85
ORD000440,P0012,1,0.15,19.68
ORD000440,P0010,1,0.0,336.91
ORD000441,P0012,1,0.1,20.84
ORD000441,P0017,1,0.0,8.44
ORD000441,P0005,1,0.1,56.78
ORD000441,P0015,3,0.0,24.63
ORD000442,P0003,1,0.0,17.48
ORD000442,P0016,1,0.05,30.31
ORD000443,P0014,1,0.1,10.21
ORD000443,P0007,1,0.0,110.75
ORD000444,P0014,3,0.0,34.02
ORD000444,P0003,1,0.0,17.48
ORD000444,P0010,1,0.0,336.91
ORD000445,P0013,2,0.1,10.44
ORD000445,P0019,1,0.05,41.52
ORD000446,P0016,1,0.0,31.91
ORD000446,P0012,1,0.0,23.15
ORD000446,P0022,1,0.0,54.51
ORD000447,P0009,3,0.05,532.61
ORD000448,P0014,2,0.05,21.55
ORD000449,P0016,1,0.15,27.12
ORD000449,P0015,3,0.2,19.7
ORD000450,P0008,1,0.15,161.55
ORD000451,P0013,1,0.0,5.8
ORD000452,P0007,1,0.1,99.68
ORD000453,P0003,1,0.0,17.48
ORD000454,P0022,1,0.05,51.78
ORD000454,P0001,1,0.05,44.16
ORD000454,P0013,3,0.15,14.79
ORD000454,P0017,1,0.0,8.44
ORD000455,P0011,1,0.0,283.41
ORD000455,P0022,1,0.05,51.78
ORD000455,P0002,2,0.0,234.58
ORD000455,P0007,1,0.0,110.75
ORD000456,P0005,3,0.0,189.27
ORD000456,P0019,1,0.05,41.52
ORD000457,P0014,1,0.05,10.77
ORD000457,P0007,1,0.15,94.14
ORD000458,P0003,1,0.15,14.86
ORD000459,P0003,1,0.05,16.61
ORD000459,P0007,1,0.0,110.75
ORD000459,P0009,1,0.2,149.5
ORD000459,P0014,1,0.0,11.34
ORD000460,P0011,1,0.1,255.07
ORD000460,P0016,1,0.0,31.91
ORD000461,P0003,1,0.0,17.48
ORD000462,P0009,1,0.0,186.88
ORD000463,P0006,1,0.1,42.13
ORD000463,P0003,1,0.2,13.98
ORD000463,P0014,2,0.05,21.55
ORD000464,P0013,2,0.0,11.6
ORD000465,P0018,1,0.0,41.8
ORD000465,P0013,1,0.0,5.8
ORD000466,P0008,1,0.0,190.06
ORD000466,P0015,1,0.15,6.98
ORD000467,P0013,1,0.1,5.22
ORD000467,P0015,1,0.0,8.21
ORD000468,P0010,1,0.1,303.22
ORD000469,P0022,1,0.05,51.78
ORD000470,P0010,3,0.0,1010.73
ORD000470,P0018,1,0.0,41.8
ORD000471,P0021,1,0.05,23.3
ORD000471,P0001,1,0.05,44.16
ORD000472,P0006,2,0.0,93.62
ORD000472,P0011,1,0.0,283.41
ORD000473,P0021,1,0.0,24.53
ORD000473,P0004,1,0.0,97.24
ORD000474,P0007,1,0.0,110.75
ORD000475,P0018,1,0.0,41.8
ORD000475,P0020,1,0.0,27.26
ORD000475,P0005,1,0.1,56.78
ORD000475,P0010,1,0.0,336.91
ORD000476,P0018,1,0.0,41.8
ORD000477,P0013,1,0.0,5.8
ORD000477,P0004,2,0.0,194.48
ORD000478,P0014,1,0.0,11.34
ORD000479,P0019,1,0.1,39.34
ORD000479,P0011,1,0.0,283.41
ORD000479,P0016,1,0.0,31.91
ORD000480,P0011,1,0.0,283.41
ORD000480,P0001,1,0.0,46.48
ORD000480,P0006,1,0.2,37.45
ORD000481,P0006,1,0.05,44.47
ORD000481,P0016,1,0.0,31.91
ORD000481,P0004,1,0.05,92.38
ORD000481,P0013,1,0.1,5.22
ORD000482,P0010,1,0.0,336.91
ORD000483,P0007,1,0.0,110.75
ORD000484,P0018,3,0.0,125.4
ORD000484,P0012,1,0.0,23.15
ORD000485,P0011,2,0.0,566.82
ORD000485,P0008,3,0.0,570.18
ORD000486,P0002,1,0.05,111.43
ORD000486,P0010,1,0.1,303.22
ORD000486,P0004,3,0.05,277.13
ORD000487,P0013,1,0.1,5.22
ORD000487,P0008,1,0.0,190.06
ORD000487,P0016,3,0.0,95.73
ORD000487,P0012,1,0.0,23.15
ORD000488,P0001,1,0.1,41.83
ORD000488,P0007,3,0.0,332.25
ORD000489,P0016,1,0.05,30.31
ORD000489,P0003,1,0.05,16.61
ORD000489,P0004,1,0.0,97.24
ORD000490,P0004,1,0.15,82.65
ORD000490,P0013,1,0.05,5.51
ORD000490,P0008,1,0.05,180.56
ORD000491,P0010,1,0.0,336.91
ORD000491,P0022,2,0.0,109.02
ORD000491,P0003,1,0.0,17.48
ORD000492,P0011,3,0.0,850.23
ORD000493,P0001,1,0.0,46.48
ORD000493,P0021,1,0.0,24.53
ORD000493,P0014,3,0.0,34.02
ORD000494,P0013,1,0.0,5.8
ORD000494,P0003,1,0.0,17.48
ORD000495,P0004,2,0.1,175.03
ORD000495,P0014,1,0.05,10.77
ORD000496,P0015,2,0.15,13.96
ORD000497,P0015,1,0.0,8.21
ORD000497,P0002,1,0.1,105.56
ORD000498,P0009,1,0.2,149.5
ORD000498,P0005,1,0.15,53.63
ORD000499,P0005,1,0.1,56.78
ORD000500,P0011,1,0.0,283.41
ORD000500,P0001,2,0.0,92.96
ORD000500,P0017,1,0.2,6.75
ORD000500,P0022,1,0.0,54.51
ORD000501,P0005,2,0.05,119.87
ORD000501,P0010,1,0.05,320.06
ORD000501,P0006,1,0.1,42.13
ORD000502,P0005,2,0.0,126.18
ORD000502,P0004,1,0.1,87.52
ORD000503,P0020,2,0.0,54.52
ORD000504,P0009,2,0.0,373.76
ORD000505,P0009,3,0.0,560.64
ORD000505,P0015,2,0.1,14.78
ORD000506,P0020,3,0.05,77.69
ORD000506,P0009,1,0.0,186.88
ORD000507,P0002,2,0.05,222.85
ORD000507,P0018,1,0.0,41.8
ORD000507,P0001,1,0.0,46.48
ORD000508,P0022,1,0.0,54.51
ORD000509,P0006,1,0.1,42.13
ORD000510,P0020,1,0.0,27.26
ORD000510,P0022,2,0.2,87.22
ORD000510,P0003,2,0.15,29.72
ORD000511,P0007,1,0.1,99.68
ORD000512,P0014,1,0.15,9.64
ORD000513,P0020,1,0.0,27.26
ORD000513,P0010,1,0.0,336.91
ORD000513,P0018,1,0.05,39.71
ORD000513,P0019,1,0.1,39.34
ORD000514,P0017,1,0.05,8.02
ORD000514,P0012,3,0.2,55.56
ORD000514,P0010,1,0.2,269.53
ORD000514,P0008,1,0.0,190.06
ORD000515,P0020,1,0.0,27.26
ORD000516,P0005,1,0.0,63.09
ORD000517,P0012,1,0.0,23.15
ORD000518,P0010,1,0.0,336.91
ORD000518,P0019,2,0.2,69.94
ORD000518,P0014,2,0.0,22.68
ORD000519,P0022,1,0.0,54.51
ORD000519,P0002,1,0.15,99.7
ORD000520,P0012,1,0.15,19.68
ORD000520,P0005,1,0.0,63.09
ORD000521,P0017,1,0.0,8.44
ORD000521,P0022,1,0.0,54.51
ORD000521,P0018,1,0.05,39.71
ORD000522,P0012,1,0.2,18.52
ORD000522,P0001,1,0.0,46.48
ORD000522,P0015,1,0.1,7.39
ORD000522,P0006,1,0.0,46.81
ORD000523,P0022,2,0.05,103.57
ORD000523,P0002,1,0.1,105.56
ORD000523,P0014,1,0.05,10.77
ORD000524,P0018,1,0.1,37.62
ORD000524,P0006,3,0.2,112.34
ORD000525,P0020,1,0.0,27.26
ORD000525,P0018,2,0.2,66.88
ORD000525,P0022,2,0.15,92.67
ORD000526,P0012,1,0.0,23.15
ORD000527,P0016,1,0.0,31.91
ORD000528,P0007,1,0.15,94.14
ORD000529,P0011,1,0.1,255.07
ORD000530,P0013,1,0.05,5.51
ORD000530,P0002,1,0.0,117.29
ORD000531,P0013,2,0.0,11.6
ORD000532,P0016,3,0.1,86.16
ORD000532,P0003,2,0.0,34.96
ORD000533,P0018,1,0.0,41.8
ORD000534,P0017,2,0.05,16.04
ORD000535,P0013,1,0.2,4.64
ORD000535,P0002,1,0.0,117.29
ORD000536,P0020,3,0.0,81.78
ORD000537,P0003,3,0.0,52.44
ORD000537,P0007,1,0.1,99.68
ORD000538,P0004,1,0.1,87.52
ORD000538,P0022,1,0.05,51.78
ORD000538,P0015,1,0.0,8.21
ORD000539,P0013,1,0.15,4.93
ORD000539,P0022,3,0.0,163.53
ORD000540,P0001,1,0.05,44.16
ORD000540,P0015,1,0.0,8.21
ORD000540,P0003,1,0.0,17.48
ORD000540,P0021,1,0.15,20.85
ORD000541,P0016,1,0.0,31.91
ORD000541,P0005,2,0.05,119.87
ORD000542,P0005,3,0.0,189.27
ORD000543,P0007,2,0.15,188.28
ORD000544,P0018,1,0.0,41.8
ORD000544,P0010,3,0.0,1010.73
ORD000545,P0006,1,0.0,46.81
ORD000545,P0018,1,0.0,41.8
ORD000545,P0017,2,0.1,15.19
ORD000545,P0019,2,0.05,83.05
ORD000546,P0002,1,0.05,111.43
ORD000547,P0002,1,0.2,93.83
ORD000548,P0014,1,0.0,11.34
ORD000549,P0012,1,0.0,23.15
ORD000549,P0001,3,0.15,118.52
ORD000549,P0002,1,0.1,105.56
ORD000549,P0013,1,0.0,5.8
ORD000550,P0012,1,0.1,20.84
ORD000550,P0022,3,0.0,163.53
ORD000550,P0003,1,0.0,17.48
ORD000550,P0010,3,0.0,1010.73
ORD000551,P0007,1,0.0,110.75
ORD000551,P0006,1,0.0,46.81
ORD000552,P0011,1,0.1,255.07
ORD000552,P0014,1,0.0,11.34
ORD000552,P0008,1,0.1,171.05
ORD000552,P0004,2,0.0,194.48
ORD000553,P0005,3,0.1,170.34
ORD000553,P0002,1,0.1,105.56
ORD000554,P0011,2,0.15,481.8
ORD000555,P0011,1,0.1,255.07
ORD000555,P0018,1,0.0,41.8
ORD000556,P0018,1,0.0,41.8
ORD000557,P0010,2,0.0,673.82
ORD000557,P0002,1,0.05,111.43
ORD000558,P0022,1,0.0,54.51
ORD000558,P0012,2,0.05,43.98
ORD000558,P0011,2,0.05,538.48
ORD000558,P0004,2,0.1,175.03
ORD000559,P0004,1,0.0,97.24
ORD000560,P0021,1,0.0,24.53
ORD000560,P0019,2,0.15,74.31
ORD000561,P0006,1,0.05,44.47
ORD000562,P0013,1,0.0,5.8
ORD000562,P0022,1,0.1,49.06
ORD000563,P0021,3,0.1,66.23
ORD000564,P0014,3,0.05,32.32
ORD000564,P0015,1,0.0,8.21
ORD000565,P0021,2,0.0,49.06
ORD000565,P0007,1,0.0,110.75
ORD000566,P0020,1,0.05,25.9
ORD000567,P0010,1,0.15,286.37
ORD000567,P0018,2,0.1,75.24
ORD000568,P0018,1,0.1,37.62
ORD000569,P0001,3,0.0,139.44
ORD000569,P0012,1,0.0,23.15
ORD000570,P0022,1,0.0,54.51
ORD000570,P0004,1,0.0,97.24
ORD000570,P0009,1,0.05,177.54
ORD000571,P0013,2,0.05,11.02
ORD000572,P0009,1,0.05,177.54
ORD000573,P0009,2,0.0,373.76
ORD000573,P0018,2,0.15,71.06
ORD000573,P0002,1,0.0,117.29
ORD000574,P0013,1,0.0,5.8
ORD000574,P0005,1,0.15,53.63
ORD000574,P0006,1,0.0,46.81
ORD000574,P0004,1,0.05,92.38
ORD000575,P0019,2,0.1,78.68
ORD000575,P0007,1,0.0,110.75
ORD000576,P0002,2,0.0,234.58
ORD000576,P0014,1,0.0,11.34
ORD000577,P0012,1,0.15,19.68
ORD000578,P0013,1,0.0,5.8
ORD000578,P0003,1,0.0,17.48
ORD000579,P0010,1,0.0,336.91
ORD000580,P0008,1,0.1,171.05
ORD000580,P0012,2,0.15,39.35
ORD000581,P0015,1,0.1,7.39
ORD000582,P0011,1,0.05,269.24
ORD000583,P0015,2,0.0,16.42
ORD000583,P0021,2,0.0,49.06
ORD000584,P0012,3,0.2,55.56
ORD000585,P0004,1,0.05,92.38
ORD000586,P0020,1,0.0,27.26
ORD000587,P0021,3,0.0,73.59
ORD000588,P0005,1,0.0,63.09
ORD000589,P0007,1,0.0,110.75
ORD000589,P0019,1,0.05,41.52
ORD000590,P0005,3,0.0,189.27
ORD000591,P0018,1,0.0,41.8
ORD000591,P0017,1,0.15,7.17
ORD000592,P0012,1,0.0,23.15
ORD000593,P0003,3,0.2,41.95
ORD000594,P0016,1,0.2,25.53
ORD000594,P0014,1,0.15,9.64
ORD000595,P0020,1,0.0,27.26
ORD000596,P0007,1,0.1,99.68
ORD000597,P0011,1,0.0,283.41
ORD000597,P0021,1,0.0,24.53
ORD000598,P0017,2,0.0,16.88
ORD000599,P0017,1,0.0,8.44
ORD000599,P0004,1,0.0,97.24
ORD000600,P0022,1,0.1,49.06
ORD000601,P0012,1,0.05,21.99
ORD000602,P0009,1,0.05,177.54
ORD000602,P0017,1,0.0,8.44
ORD000603,P0017,1,0.0,8.44
ORD000603,P0009,3,0.0,560.64
ORD000603,P0008,1,0.0,190.06
ORD000603,P0004,2,0.15,165.31
ORD000604,P0021,1,0.2,19.62
ORD000605,P0014,3,0.1,30.62
ORD000605,P0004,1,0.1,87.52
ORD000605,P0007,3,0.0,332.25
ORD000606,P0017,1,0.15,7.17
ORD000606,P0016,1,0.0,31.91
ORD000607,P0016,1,0.0,31.91
ORD000607,P0021,1,0.15,20.85
ORD000607,P0022,2,0.05,103.57
ORD000608,P0005,1,0.05,59.94
ORD000609,P0006,1,0.0,46.81
ORD000609,P0014,1,0.0,11.34
ORD000610,P0010,1,0.05,320.06
ORD000610,P0002,1,0.05,111.43
ORD000611,P0006,1,0.2,37.45
ORD000611,P0001,1,0.05,44.16
ORD000611,P0015,2,0.05,15.6
ORD000612,P0001,1,0.1,41.83
ORD000613,P0018,1,0.1,37.62
ORD000614,P0015,1,0.0,8.21
ORD000614,P0020,1,0.0,27.26
ORD000614,P0002,2,0.0,234.58
ORD000615,P0021,1,0.05,23.3
ORD000616,P0002,1,0.0,117.29
ORD000616,P0012,1,0.0,23.15
ORD000616,P0010,3,0.15,859.12
ORD000616,P0014,1,0.05,10.77
ORD000617,P0016,1,0.1,28.72
ORD000617,P0020,1,0.2,21.81
ORD000618,P0010,1,0.0,336.91
ORD000619,P0012,1,0.15,19.68
ORD000619,P0007,1,0.0,110.75
ORD000620,P0003,2,0.05,33.21
ORD000621,P0022,2,0.05,103.57
ORD000622,P0020,1,0.05,25.9
ORD000622,P0006,3,0.0,140.43
ORD000623,P0020,1,0.0,27.26
ORD000624,P0005,3,0.0,189.27
ORD000624,P0007,1,0.0,110.75
ORD000625,P0001,1,0.05,44.16
ORD000625,P0006,1,0.0,46.81
ORD000626,P0009,3,0.05,532.61
ORD000626,P0004,1,0.1,87.52
ORD000626,P0006,1,0.0,46.81
ORD000627,P0008,2,0.05,361.11
ORD000627,P0006,1,0.0,46.81
ORD000627,P0005,3,0.05,179.81
ORD000627,P0014,1,0.0,11.34
ORD000628,P0009,1,0.1,168.19
ORD000628,P0004,1,0.0,97.24
ORD000628,P0003,3,0.0,52.44
ORD000629,P0017,1,0.0,8.44
ORD000630,P0013,3,0.0,17.4
ORD000631,P0017,3,0.0,25.32
ORD000632,P0008,1,0.15,161.55
ORD000632,P0001,1,0.0,46.48
ORD000633,P0009,2,0.05,355.07
ORD000634,P0007,1,0.05,105.21
ORD000634,P0003,2,0.0,34.96
ORD000635,P0017,1,0.0,8.44
ORD000635,P0014,1,0.0,11.34
ORD000636,P0003,1,0.05,16.61
ORD000637,P0002,3,0.0,351.87
ORD000638,P0015,1,0.0,8.21
ORD000638,P0005,1,0.0,63.09
ORD000638,P0017,1,0.1,7.6
ORD000639,P0016,3,0.05,90.94
ORD000640,P0002,1,0.1,105.56
ORD000641,P0022,1,0.05,51.78
ORD000641,P0009,2,0.05,355.07
ORD000642,P0012,1,0.0,23.15
ORD000642,P0013,1,0.05,5.51
ORD000642,P0007,1,0.1,99.68
ORD000643,P0011,1,0.0,283.41
ORD000644,P0004,1,0.1,87.52
ORD000644,P0012,3,0.0,69.45
ORD000645,P0017,1,0.2,6.75
ORD000646,P0014,1,0.05,10.77
ORD000646,P0012,2,0.0,46.3
ORD000646,P0009,1,0.0,186.88
ORD000647,P0006,1,0.0,46.81
ORD000648,P0008,1,0.0,190.06
ORD000648,P0021,1,0.05,23.3
ORD000649,P0015,2,0.0,16.42
ORD000649,P0014,1,0.05,10.77
ORD000649,P0016,1,0.05,30.31
ORD000650,P0022,1,0.0,54.51
ORD000650,P0018,1,0.0,41.8
ORD000650,P0009,2,0.0,373.76
ORD000651,P0005,1,0.1,56.78
ORD000652,P0015,1,0.0,8.21
ORD000653,P0001,1,0.15,39.51
ORD000654,P0018,2,0.0,83.6
ORD000655,P0014,1,0.0,11.34
ORD000655,P0012,1,0.1,20.84
ORD000655,P0003,1,0.2,13.98
ORD000656,P0009,2,0.0,373.76
ORD000657,P0005,1,0.05,59.94
ORD000658,P0017,2,0.2,13.5
ORD000658,P0015,3,0.1,22.17
ORD000658,P0022,2,0.0,109.02
ORD000659,P0002,1,0.05,111.43
ORD000660,P0012,2,0.1,41.67
ORD000660,P0018,2,0.15,71.06
ORD000661,P0004,1,0.15,82.65
ORD000661,P0009,3,0.15,476.54
ORD000662,P0022,1,0.0,54.51
ORD000663,P0014,3,0.0,34.02
ORD000663,P0016,1,0.05,30.31
ORD000664,P0004,2,0.0,194.48
ORD000665,P0011,1,0.05,269.24
ORD000665,P0005,1,0.05,59.94
ORD000665,P0008,1,0.0,190.06
ORD000666,P0017,2,0.1,15.19
ORD000666,P0012,1,0.0,23.15
ORD000667,P0020,1,0.1,24.53
ORD000667,P0016,2,0.05,60.63
ORD000668,P0018,1,0.0,41.8
ORD000669,P0002,1,0.0,117.29
ORD000670,P0018,2,0.0,83.6
ORD000671,P0009,2,0.0,373.76
ORD000671,P0002,1,0.1,105.56
ORD000672,P0003,1,0.15,14.86
ORD000673,P0016,3,0.2,76.58
ORD000673,P0008,1,0.0,190.06
ORD000673,P0006,2,0.0,93.62
ORD000673,P0021,1,0.15,20.85
ORD000674,P0019,1,0.0,43.71
ORD000675,P0008,1,0.0,190.06
ORD000676,P0002,3,0.05,334.28
ORD000677,P0004,1,0.15,82.65
ORD000677,P0008,1,0.0,190.06
ORD000677,P0003,1,0.1,15.73
ORD000678,P0010,1,0.05,320.06
ORD000679,P0015,2,0.05,15.6
ORD000679,P0019,1,0.1,39.34
ORD000679,P0016,1,0.15,27.12
ORD000679,P0008,1,0.0,190.06
ORD000680,P0002,1,0.0,117.29
ORD000681,P0016,1,0.05,30.31
ORD000682,P0017,1,0.0,8.44
ORD000682,P0019,1,0.0,43.71
ORD000683,P0001,1,0.15,39.51
ORD000683,P0003,1,0.0,17.48
ORD000684,P0019,1,0.15,37.15
ORD000685,P0017,1,0.15,7.17
ORD000685,P0012,1,0.0,23.15
ORD000685,P0007,3,0.0,332.25
ORD000686,P0011,1,0.0,283.41
ORD000686,P0018,1,0.0,41.8
ORD000686,P0007,1,0.0,110.75
ORD000687,P0010,3,0.0,1010.73
ORD000688,P0016,1,0.05,30.31
ORD000688,P0010,2,0.0,673.82
ORD000688,P0017,1,0.0,8.44
ORD000689,P0008,1,0.05,180.56
ORD000690,P0019,1,0.05,41.52
ORD000690,P0005,1,0.0,63.09
ORD000690,P0017,1,0.0,8.44
ORD000690,P0018,2,0.2,66.88
ORD000691,P0002,1,0.05,111.43
ORD000691,P0014,1,0.1,10.21
ORD000691,P0007,1,0.0,110.75
ORD000692,P0020,1,0.15,23.17
ORD000693,P0010,1,0.0,336.91
ORD000693,P0014,1,0.1,10.21
ORD000694,P0020,1,0.0,27.26
ORD000694,P0001,2,0.2,74.37
ORD000694,P0016,1,0.05,30.31
ORD000694,P0004,1,0.0,97.24
ORD000695,P0022,1,0.0,54.51
ORD000696,P0017,2,0.0,16.88
ORD000696,P0012,1,0.0,23.15
ORD000697,P0015,2,0.05,15.6
ORD000698,P0011,1,0.0,283.41
ORD000698,P0002,2,0.1,211.12
ORD000698,P0022,1,0.0,54.51
ORD000699,P0019,2,0.0,87.42
ORD000700,P0009,1,0.15,158.85
ORD000701,P0008,1,0.05,180.56
ORD000702,P0003,1,0.0,17.48
ORD000703,P0001,2,0.0,92.96
ORD000703,P0013,3,0.0,17.4
ORD000703,P0018,1,0.15,35.53
ORD000704,P0008,2,0.0,380.12
ORD000705,P0009,1,0.1,168.19
ORD000706,P0003,2,0.0,34.96
ORD000707,P0012,1,0.0,23.15
ORD000707,P0002,3,0.0,351.87
ORD000707,P0017,1,0.1,7.6
ORD000708,P0020,3,0.1,73.6
ORD000708,P0018,2,0.1,75.24
ORD000709,P0015,2,0.0,16.42
ORD000709,P0022,1,0.0,54.51
ORD000709,P0019,1,0.0,43.71
ORD000710,P0001,2,0.0,92.96
ORD000710,P0017,1,0.0,8.44
ORD000711,P0003,1,0.2,13.98
ORD000711,P0001,2,0.0,92.96
ORD000711,P0010,1,0.2,269.53
ORD000711,P0009,2,0.15,317.7
ORD000712,P0006,1,0.05,44.47
ORD000713,P0006,1,0.0,46.81
ORD000713,P0008,2,0.15,323.1
ORD000714,P0002,2,0.0,234.58
ORD000714,P0022,1,0.0,54.51
ORD000715,P0020,1,0.1,24.53
ORD000716,P0016,1,0.05,30.31
ORD000716,P0004,2,0.15,165.31
ORD000716,P0011,1,0.15,240.9
ORD000717,P0006,2,0.0,93.62
ORD000717,P0012,1,0.0,23.15
ORD000717,P0011,1,0.1,255.07
ORD000717,P0017,1,0.0,8.44
ORD000718,P0010,2,0.2,539.06
ORD000718,P0004,3,0.0,291.72
ORD000718,P0002,2,0.0,234.58
ORD000719,P0006,1,0.05,44.47
ORD000719,P0016,1,0.15,27.12
ORD000719,P0005,2,0.2,100.94
ORD000720,P0018,1,0.0,41.8
ORD000721,P0011,1,0.0,283.41
ORD000722,P0018,2,0.0,83.6
ORD000723,P0005,1,0.0,63.09
ORD000723,P0022,1,0.05,51.78
ORD000723,P0018,1,0.0,41.8
ORD000723,P0007,1,0.15,94.14
ORD000724,P0020,3,0.0,81.78
ORD000724,P0017,1,0.0,8.44
ORD000724,P0011,2,0.1,510.14
ORD000725,P0018,1,0.0,41.8
ORD000726,P0019,1,0.0,43.71
ORD000726,P0017,3,0.0,25.32
ORD000727,P0005,2,0.1,113.56
ORD000727,P0022,2,0.0,109.02
ORD000728,P0019,1,0.0,43.71
ORD000729,P0011,1,0.15,240.9
ORD000729,P0009,1,0.15,158.85
ORD000730,P0007,1,0.0,110.75
ORD000731,P0009,1,0.05,177.54
ORD000732,P0008,1,0.0,190.06
ORD000732,P0019,1,0.0,43.71
ORD000732,P0015,1,0.0,8.21
ORD000732,P0002,1,0.0,117.29
ORD000733,P0017,1,0.05,8.02
ORD000734,P0010,1,0.0,336.91
ORD000735,P0012,3,0.0,69.45
ORD000736,P0010,1,0.1,303.22
ORD000736,P0009,1,0.0,186.88
ORD000737,P0006,2,0.15,79.58
ORD000737,P0012,1,0.0,23.15
ORD000738,P0016,1,0.05,30.31
ORD000738,P0012,2,0.1,41.67
ORD000739,P0001,1,0.05,44.16
ORD000739,P0019,1,0.1,39.34
ORD000739,P0009,1,0.0,186.88
ORD000739,P0022,1,0.15,46.33
ORD000740,P0014,3,0.15,28.92
ORD000741,P0010,1,0.15,286.37
ORD000741,P0003,1,0.0,17.48
ORD000741,P0013,1,0.0,5.8
ORD000741,P0011,3,0.0,850.23
ORD000742,P0013,1,0.15,4.93
ORD000743,P0006,2,0.1,84.26
ORD000743,P0010,3,0.0,1010.73
ORD000744,P0001,1,0.0,46.48
ORD000745,P0003,2,0.05,33.21
ORD000745,P0014,2,0.1,20.41
ORD000745,P0012,1,0.05,21.99
ORD000745,P0018,1,0.05,39.71
ORD000746,P0006,1,0.2,37.45
ORD000746,P0003,1,0.1,15.73
ORD000747,P0003,2,0.0,34.96
ORD000747,P0021,1,0.0,24.53
ORD000748,P0019,2,0.05,83.05
ORD000748,P0006,2,0.0,93.62
ORD000748,P0013,1,0.0,5.8
ORD000749,P0018,3,0.0,125.4
ORD000749,P0007,1,0.0,110.75
ORD000750,P0020,1,0.0,27.26
ORD000751,P0014,1,0.0,11.34
ORD000751,P0011,3,0.0,850.23
ORD000752,P0001,3,0.2,111.55
ORD000752,P0016,2,0.0,63.82
ORD000753,P0021,1,0.0,24.53
ORD000753,P0005,1,0.05,59.94
ORD000753,P0016,1,0.15,27.12
ORD000754,P0018,1,0.0,41.8
ORD000755,P0001,3,0.2,111.55
ORD000755,P0014,1,0.05,10.77
ORD000756,P0017,1,0.0,8.44
ORD000757,P0010,2,0.05,640.13
ORD000757,P0013,1,0.0,5.8
ORD000758,P0022,1,0.1,49.06
ORD000758,P0014,2,0.1,20.41
ORD000759,P0004,1,0.0,97.24
ORD000760,P0009,1,0.1,168.19
ORD000760,P0005,1,0.15,53.63
ORD000761,P0010,1,0.1,303.22
ORD000762,P0015,1,0.2,6.57
ORD000763,P0003,1,0.0,17.48
ORD000763,P0016,1,0.1,28.72
ORD000764,P0002,2,0.05,222.85
ORD000765,P0006,1,0.0,46.81
ORD000765,P0010,1,0.0,336.91
ORD000765,P0011,1,0.1,255.07
ORD000766,P0005,1,0.0,63.09
ORD000767,P0010,3,0.15,859.12
ORD000768,P0014,1,0.1,10.21
ORD000769,P0009,1,0.0,186.88
ORD000769,P0012,3,0.0,69.45
ORD000769,P0010,2,0.05,640.13
ORD000770,P0001,1,0.05,44.16
ORD000770,P0022,1,0.05,51.78
ORD000771,P0014,1,0.05,10.77
ORD000771,P0010,3,0.1,909.66
ORD000771,P0001,1,0.15,39.51
ORD000772,P0015,2,0.05,15.6
ORD000772,P0016,1,0.1,28.72
ORD000772,P0022,1,0.0,54.51
ORD000773,P0016,2,0.1,57.44
ORD000774,P0010,1,0.1,303.22
ORD000774,P0014,1,0.05,10.77
ORD000775,P0022,1,0.0,54.51
ORD000775,P0019,1,0.0,43.71
ORD000776,P0015,1,0.2,6.57
ORD000776,P0021,1,0.0,24.53
ORD000776,P0022,3,0.1,147.18
ORD000777,P0005,1,0.0,63.09
ORD000777,P0004,1,0.05,92.38
ORD000778,P0001,1,0.0,46.48
ORD000778,P0005,2,0.1,113.56
ORD000779,P0021,2,0.0,49.06
ORD000779,P0006,2,0.0,93.62
ORD000779,P0018,1,0.0,41.8
ORD000780,P0013,1,0.05,5.51
ORD000780,P0018,1,0.0,41.8
ORD000781,P0016,1,0.0,31.91
ORD000781,P0017,2,0.1,15.19
ORD000782,P0002,1,0.05,111.43
ORD000783,P0012,1,0.05,21.99
ORD000783,P0011,1,0.0,283.41
ORD000783,P0003,2,0.05,33.21
ORD000784,P0004,1,0.2,77.79
ORD000785,P0014,1,0.05,10.77
ORD000786,P0022,1,0.0,54.51
ORD000787,P0016,2,0.15,54.25
ORD000788,P0021,1,0.0,24.53
ORD000789,P0004,1,0.0,97.24
ORD000790,P0012,1,0.15,19.68
ORD000791,P0013,2,0.0,11.6
ORD000791,P0006,1,0.0,46.81
ORD000791,P0001,1,0.0,46.48
ORD000792,P0018,1,0.0,41.8
ORD000792,P0010,1,0.1,303.22
ORD000793,P0007,2,0.0,221.5
ORD000794,P0012,2,0.05,43.98
ORD000794,P0013,1,0.0,5.8
ORD000794,P0021,1,0.05,23.3
ORD000794,P0019,1,0.15,37.15
ORD000795,P0010,1,0.05,320.06
ORD000796,P0001,1,0.05,44.16
ORD000796,P0019,2,0.0,87.42
ORD000797,P0021,1,0.1,22.08
ORD000798,P0007,1,0.0,110.75
ORD000798,P0015,2,0.15,13.96
ORD000799,P0019,3,0.0,131.13
ORD000800,P0015,1,0.0,8.21
ORD000800,P0013,1,0.2,4.64
ORD000801,P0013,1,0.0,5.8
ORD000801,P0010,1,0.05,320.06
ORD000801,P0001,1,0.0,46.48
ORD000802,P0012,1,0.0,23.15
ORD000802,P0009,2,0.0,373.76
ORD000803,P0006,1,0.0,46.81
ORD000804,P0006,1,0.0,46.81
ORD000805,P0001,1,0.0,46.48
ORD000805,P0004,1,0.2,77.79
ORD000805,P0014,1,0.0,11.34
ORD000806,P0010,1,0.0,336.91
ORD000807,P0011,2,0.2,453.46
ORD000808,P0009,1,0.0,186.88
ORD000809,P0021,1,0.15,20.85
ORD000809,P0010,1,0.0,336.91
ORD000810,P0001,1,0.1,41.83
ORD000811,P0008,2,0.1,342.11
ORD000812,P0022,1,0.0,54.51
ORD000812,P0021,1,0.1,22.08
ORD000813,P0019,1,0.0,43.71
ORD000813,P0018,1,0.1,37.62
ORD000813,P0002,1,0.05,111.43
ORD000813,P0006,2,0.0,93.62
ORD000814,P0020,3,0.05,77.69
ORD000814,P0014,1,0.1,10.21
ORD000814,P0001,1,0.05,44.16
ORD000815,P0009,2,0.05,355.07
ORD000816,P0016,1,0.2,25.53
ORD000817,P0007,1,0.0,110.75
ORD000817,P0010,1,0.15,286.37
ORD000818,P0019,2,0.05,83.05
ORD000818,P0015,3,0.0,24.63
ORD000819,P0017,3,0.05,24.05
ORD000819,P0009,1,0.0,186.88
ORD000819,P0002,3,0.15,299.09
ORD000820,P0016,2,0.05,60.63
ORD000821,P0007,1,0.0,110.75
ORD000821,P0003,1,0.2,13.98
ORD000821,P0013,1,0.15,4.93
ORD000821,P0021,3,0.15,62.55
ORD000822,P0018,1,0.0,41.8
ORD000822,P0002,1,0.0,117.29
ORD000823,P0008,1,0.05,180.56
ORD000823,P0011,3,0.0,850.23
ORD000824,P0007,2,0.0,221.5
ORD000824,P0020,1,0.1,24.53
ORD000824,P0011,1,0.0,283.41
ORD000825,P0013,2,0.2,9.28
ORD000826,P0013,1,0.05,5.51
ORD000827,P0020,1,0.0,27.26
ORD000827,P0012,3,0.05,65.98
ORD000827,P0018,1,0.05,39.71
ORD000828,P0013,2,0.1,10.44
ORD000828,P0009,1,0.0,186.88
ORD000829,P0008,1,0.05,180.56
ORD000830,P0013,1,0.05,5.51
ORD000830,P0021,2,0.2,39.25
ORD000830,P0022,1,0.0,54.51
ORD000831,P0013,2,0.05,11.02
ORD000832,P0014,1,0.0,11.34
ORD000833,P0022,3,0.0,163.53
ORD000834,P0007,2,0.1,199.35
ORD000834,P0017,2,0.0,16.88
ORD000834,P0003,1,0.0,17.48
ORD000834,P0022,1,0.0,54.51
ORD000835,P0008,3,0.0,570.18
ORD000835,P0021,2,0.1,44.15
ORD000835,P0015,1,0.15,6.98
ORD000836,P0015,3,0.0,24.63
ORD000836,P0009,1,0.1,168.19
ORD000836,P0010,1,0.0,336.91
ORD000837,P0007,2,0.1,199.35
ORD000837,P0022,1,0.1,49.06
ORD000838,P0012,3,0.05,65.98
ORD000839,P0015,1,0.0,8.21
ORD000839,P0017,1,0.1,7.6
ORD000839,P0021,3,0.1,66.23
ORD000839,P0019,1,0.0,43.71
ORD000840,P0022,1,0.0,54.51
ORD000840,P0018,2,0.0,83.6
ORD000841,P0016,2,0.1,57.44
ORD000841,P0008,1,0.05,180.56
ORD000842,P0017,1,0.0,8.44
ORD000842,P0015,1,0.1,7.39
ORD000843,P0001,1,0.0,46.48
ORD000844,P0017,1,0.05,8.02
ORD000844,P0010,2,0.1,606.44
ORD000844,P0019,1,0.1,39.34
ORD000845,P0001,1,0.0,46.48
ORD000846,P0022,1,0.0,54.51
ORD000847,P0008,1,0.2,152.05
ORD000847,P0014,1,0.0,11.34
ORD000848,P0007,1,0.0,110.75
ORD000848,P0022,1,0.1,49.06
ORD000849,P0020,3,0.0,81.78
ORD000849,P0009,1,0.0,186.88
ORD000849,P0013,1,0.0,5.8
ORD000850,P0020,2,0.0,54.52
ORD000850,P0012,2,0.0,46.3
ORD000850,P0016,2,0.05,60.63
ORD000851,P0001,1,0.0,46.48
ORD000851,P0020,1,0.15,23.17
ORD000852,P0002,1,0.05,111.43
ORD000852,P0017,2,0.05,16.04
ORD000852,P0018,1,0.05,39.71
ORD000853,P0016,1,0.05,30.31
ORD000853,P0002,1,0.0,117.29
ORD000853,P0007,2,0.05,210.42
ORD000853,P0019,1,0.0,43.71
ORD000854,P0022,2,0.0,109.02
ORD000855,P0016,2,0.0,63.82
ORD000855,P0012,3,0.15,59.03
ORD000856,P0016,1,0.0,31.91
ORD000856,P0006,2,0.0,93.62
ORD000856,P0020,1,0.05,25.9
ORD000857,P0018,2,0.0,83.6
ORD000858,P0012,3,0.0,69.45
ORD000859,P0011,2,0.0,566.82
ORD000859,P0002,1,0.05,111.43
ORD000860,P0009,1,0.05,177.54
ORD000860,P0007,1,0.0,110.75
ORD000860,P0015,2,0.1,14.78
ORD000860,P0002,1,0.05,111.43
ORD000861,P0006,2,0.1,84.26
ORD000862,P0022,1,0.0,54.51
ORD000863,P0019,1,0.05,41.52
ORD000864,P0014,1,0.15,9.64
ORD000865,P0020,1,0.05,25.9
ORD000866,P0008,1,0.1,171.05
ORD000867,P0018,1,0.05,39.71
ORD000867,P0021,1,0.0,24.53
ORD000868,P0005,1,0.05,59.94
ORD000868,P0011,3,0.0,850.23
ORD000869,P0018,1,0.05,39.71
ORD000869,P0002,1,0.0,117.29
ORD000870,P0008,2,0.15,323.1
ORD000870,P0018,1,0.05,39.71
ORD000871,P0020,1,0.0,27.26
ORD000871,P0019,1,0.1,39.34
ORD000871,P0004,1,0.1,87.52
ORD000872,P0006,1,0.15,39.79
ORD000872,P0003,1,0.0,17.48
ORD000872,P0007,1,0.15,94.14
ORD000872,P0019,1,0.05,41.52
ORD000873,P0013,1,0.2,4.64
ORD000874,P0015,2,0.0,16.42
ORD000874,P0003,1,0.1,15.73
ORD000875,P0020,2,0.0,54.52
ORD000876,P0011,1,0.15,240.9
ORD000876,P0001,1,0.0,46.48
ORD000877,P0021,1,0.05,23.3
ORD000878,P0007,1,0.15,94.14
ORD000879,P0006,2,0.05,88.94
ORD000879,P0014,1,0.05,10.77
ORD000879,P0005,2,0.0,126.18
ORD000879,P0019,1,0.0,43.71
ORD000880,P0011,2,0.0,566.82
ORD000880,P0003,2,0.0,34.96
ORD000881,P0010,1,0.0,336.91
ORD000882,P0012,3,0.2,55.56
ORD000882,P0018,1,0.05,39.71
ORD000883,P0006,1,0.0,46.81
ORD000883,P0003,2,0.05,33.21
ORD000883,P0015,2,0.0,16.42
ORD000884,P0020,1,0.1,24.53
ORD000885,P0019,1,0.05,41.52
ORD000885,P0012,1,0.05,21.99
ORD000886,P0003,1,0.1,15.73
ORD000887,P0012,1,0.0,23.15
ORD000888,P0014,3,0.0,34.02
ORD000888,P0018,3,0.1,112.86
ORD000889,P0009,1,0.0,186.88
ORD000889,P0004,1,0.0,97.24
ORD000890,P0011,3,0.05,807.72
ORD000891,P0005,2,0.05,119.87
ORD000892,P0001,1,0.0,46.48
ORD000893,P0017,2,0.05,16.04
ORD000894,P0011,1,0.0,283.41
ORD000895,P0006,2,0.0,93.62
ORD000896,P0002,1,0.1,105.56
ORD000896,P0019,1,0.0,43.71
ORD000897,P0008,2,0.0,380.12
ORD000897,P0009,1,0.0,186.88
ORD000898,P0008,1,0.05,180.56
ORD000898,P0014,2,0.05,21.55
ORD000899,P0013,2,0.0,11.6
ORD000899,P0006,1,0.0,46.81
ORD000900,P0015,3,0.0,24.63
ORD000900,P0021,1,0.1,22.08
ORD000901,P0016,1,0.0,31.91
ORD000901,P0004,3,0.0,291.72
ORD000901,P0019,1,0.0,43.71
ORD000901,P0014,1,0.0,11.34
ORD000902,P0009,1,0.1,168.19
ORD000902,P0015,2,0.0,16.42
ORD000903,P0020,1,0.0,27.26
ORD000903,P0015,1,0.05,7.8
ORD000903,P0003,1,0.05,16.61
ORD000904,P0002,2,0.1,211.12
ORD000904,P0008,1,0.0,190.06
ORD000905,P0015,1,0.0,8.21
ORD000905,P0016,1,0.1,28.72
ORD000906,P0014,1,0.2,9.07
ORD000906,P0004,2,0.0,194.48
ORD000906,P0006,1,0.0,46.81
ORD000907,P0007,1,0.05,105.21
ORD000907,P0017,1,0.0,8.44
ORD000908,P0002,1,0.05,111.43
ORD000909,P0002,1,0.0,117.29
ORD000909,P0022,1,0.0,54.51
ORD000909,P0003,1,0.0,17.48
ORD000910,P0012,1,0.0,23.15
ORD000910,P0007,1,0.0,110.75
ORD000910,P0018,1,0.0,41.8
ORD000911,P0018,1,0.15,35.53
ORD000911,P0021,3,0.1,66.23
ORD000912,P0009,1,0.0,186.88
ORD000912,P0004,1,0.1,87.52
ORD000913,P0016,1,0.0,31.91
ORD000913,P0003,1,0.05,16.61
ORD000913,P0001,1,0.0,46.48
ORD000914,P0019,1,0.0,43.71
ORD000914,P0005,2,0.0,126.18
ORD000915,P0004,1,0.05,92.38
ORD000915,P0014,2,0.0,22.68
ORD000915,P0017,1,0.1,7.6
ORD000915,P0001,3,0.1,125.5
ORD000916,P0020,1,0.0,27.26
ORD000916,P0019,2,0.15,74.31
ORD000916,P0008,2,0.0,380.12
ORD000917,P0008,3,0.15,484.65
ORD000918,P0003,2,0.1,31.46
ORD000919,P0014,1,0.0,11.34
ORD000920,P0004,2,0.0,194.48
ORD000921,P0011,1,0.0,283.41
ORD000921,P0001,1,0.0,46.48
ORD000921,P0020,2,0.15,46.34
ORD000922,P0018,1,0.0,41.8
ORD000923,P0010,1,0.1,303.22
ORD000924,P0004,2,0.0,194.48
ORD000924,P0022,3,0.0,163.53
ORD000924,P0003,2,0.0,34.96
ORD000925,P0017,1,0.2,6.75
ORD000925,P0020,1,0.1,24.53
ORD000925,P0001,1,0.0,46.48
ORD000925,P0021,1,0.0,24.53
ORD000926,P0006,1,0.15,39.79
ORD000926,P0011,1,0.05,269.24
ORD000926,P0015,1,0.0,8.21
ORD000927,P0015,1,0.05,7.8
ORD000928,P0011,1,0.0,283.41
ORD000929,P0020,1,0.15,23.17
ORD000930,P0017,3,0.0,25.32
ORD000930,P0020,3,0.05,77.69
ORD000931,P0018,2,0.0,83.6
ORD000931,P0001,2,0.15,79.02
ORD000932,P0005,1,0.05,59.94
ORD000932,P0009,1,0.0,186.88
ORD000933,P0010,1,0.05,320.06
ORD000933,P0013,2,0.1,10.44
ORD000933,P0007,1,0.0,110.75
ORD000934,P0014,1,0.0,11.34
ORD000935,P0012,2,0.05,43.98
ORD000936,P0018,2,0.15,71.06
ORD000936,P0005,2,0.0,126.18
ORD000937,P0007,1,0.2,88.6
ORD000937,P0012,1,0.1,20.84
ORD000937,P0017,1,0.0,8.44
ORD000938,P0015,1,0.05,7.8
ORD000938,P0016,3,0.1,86.16
ORD000938,P0001,3,0.1,125.5
ORD000939,P0014,1,0.05,10.77
ORD000939,P0005,3,0.0,189.27
ORD000939,P0001,1,0.0,46.48
ORD000940,P0009,3,0.1,504.58
ORD000941,P0022,1,0.05,51.78
ORD000941,P0007,2,0.1,199.35
ORD000941,P0009,2,0.0,373.76
ORD000942,P0007,1,0.05,105.21
ORD000943,P0008,1,0.05,180.56
ORD000943,P0005,3,0.2,151.42
ORD000943,P0013,1,0.1,5.22
ORD000943,P0014,1,0.0,11.34
ORD000944,P0013,1,0.05,5.51
ORD000944,P0022,2,0.0,109.02
ORD000945,P0011,1,0.0,283.41
ORD000945,P0009,1,0.0,186.88
ORD000946,P0002,2,0.0,234.58
ORD000946,P0017,2,0.0,16.88
ORD000946,P0010,3,0.0,1010.73
ORD000947,P0008,1,0.15,161.55
ORD000947,P0010,2,0.05,640.13
ORD000948,P0021,1,0.0,24.53
ORD000948,P0015,2,0.2,13.14
ORD000949,P0014,1,0.1,10.21
ORD000949,P0009,1,0.1,168.19
ORD000950,P0021,1,0.0,24.53
ORD000951,P0014,1,0.0,11.34
ORD000951,P0001,2,0.0,92.96
ORD000951,P0009,1,0.0,186.88
ORD000951,P0008,1,0.0,190.06
ORD000952,P0008,2,0.0,380.12
ORD000952,P0010,3,0.0,1010.73
ORD000952,P0011,1,0.2,226.73
ORD000953,P0001,1,0.0,46.48
ORD000954,P0015,1,0.0,8.21
ORD000955,P0019,1,0.0,43.71
ORD000956,P0015,1,0.05,7.8
ORD000956,P0021,1,0.0,24.53
ORD000957,P0005,2,0.0,126.18
ORD000958,P0014,1,0.1,10.21
ORD000959,P0006,2,0.0,93.62
ORD000960,P0010,1,0.0,336.91
ORD000960,P0016,1,0.05,30.31
ORD000960,P0002,1,0.1,105.56
ORD000960,P0007,2,0.0,221.5
ORD000961,P0003,3,0.0,52.44
ORD000961,P0012,1,0.0,23.15
ORD000962,P0003,1,0.0,17.48
ORD000962,P0019,1,0.15,37.15
ORD000962,P0012,1,0.0,23.15
ORD000963,P0012,2,0.05,43.98
ORD000964,P0004,1,0.05,92.38
ORD000965,P0005,1,0.0,63.09
ORD000965,P0006,2,0.05,88.94
ORD000965,P0014,1,0.0,11.34
ORD000965,P0010,1,0.05,320.06
ORD000966,P0016,1,0.05,30.31
ORD000966,P0022,1,0.2,43.61
ORD000966,P0007,2,0.0,221.5
ORD000966,P0011,1,0.1,255.07
ORD000967,P0014,3,0.05,32.32
ORD000968,P0018,2,0.0,83.6
ORD000968,P0016,2,0.0,63.82
ORD000969,P0017,1,0.1,7.6
ORD000969,P0010,1,0.0,336.91
ORD000970,P0001,1,0.05,44.16
ORD000971,P0001,1,0.0,46.48
ORD000972,P0019,2,0.0,87.42
ORD000973,P0005,2,0.05,119.87
ORD000973,P0002,1,0.1,105.56
ORD000974,P0015,1,0.0,8.21
ORD000974,P0005,1,0.0,63.09
ORD000974,P0016,3,0.0,95.73
ORD000974,P0021,1,0.05,23.3
ORD000975,P0007,1,0.0,110.75
ORD000976,P0022,2,0.1,98.12
ORD000977,P0010,1,0.1,303.22
ORD000978,P0004,1,0.0,97.24
ORD000978,P0001,2,0.0,92.96
ORD000978,P0008,1,0.05,180.56
ORD000979,P0008,1,0.0,190.06
ORD000980,P0007,2,0.1,199.35
ORD000980,P0021,1,0.0,24.53
ORD000980,P0001,3,0.15,118.52
ORD000981,P0004,1,0.1,87.52
ORD000982,P0008,1,0.15,161.55
ORD000982,P0019,3,0.15,111.46
ORD000983,P0005,3,0.0,189.27
ORD000983,P0015,1,0.1,7.39
ORD000983,P0004,1,0.1,87.52
ORD000984,P0009,1,0.05,177.54
ORD000985,P0010,2,0.1,606.44
ORD000986,P0015,2,0.1,14.78
ORD000986,P0020,1,0.0,27.26
ORD000986,P0003,1,0.0,17.48
ORD000987,P0019,3,0.05,124.57
ORD000988,P0001,2,0.05,88.31
ORD000989,P0012,1,0.1,20.84
ORD000990,P0020,1,0.1,24.53
ORD000991,P0001,1,0.0,46.48
ORD000992,P0001,1,0.0,46.48
ORD000992,P0006,2,0.1,84.26
ORD000992,P0020,1,0.0,27.26
ORD000993,P0007,1,0.05,105.21
ORD000994,P0004,1,0.05,92.38
ORD000995,P0021,1,0.2,19.62
ORD000996,P0009,2,0.0,373.76
ORD000996,P0022,3,0.05,155.35
ORD000997,P0004,1,0.15,82.65
ORD000998,P0017,1,0.0,8.44
ORD000998,P0019,1,0.15,37.15
ORD000999,P0019,1,0.1,39.34
ORD000999,P0016,1,0.05,30.31
ORD000999,P0014,1,0.2,9.07
ORD001000,P0019,1,0.15,37.15
ORD001001,P0004,1,0.15,82.65
ORD001002,P0008,2,0.2,304.1
ORD001002,P0011,1,0.15,240.9
ORD001003,P0006,1,0.0,46.81
ORD001003,P0004,1,0.0,97.24
ORD001004,P0012,1,0.0,23.15
ORD001004,P0010,1,0.0,336.91
ORD001004,P0007,1,0.05,105.21
ORD001004,P0009,1,0.05,177.54
ORD001005,P0011,1,0.1,255.07
ORD001006,P0002,1,0.0,117.29
ORD001006,P0004,2,0.0,194.48
ORD001007,P0017,1,0.05,8.02
ORD001008,P0017,2,0.05,16.04
ORD001009,P0003,3,0.0,52.44
ORD001009,P0011,3,0.0,850.23
ORD001010,P0002,2,0.0,234.58
ORD001011,P0002,1,0.05,111.43
ORD001012,P0015,1,0.15,6.98
ORD001012,P0018,2,0.15,71.06
ORD001013,P0004,1,0.15,82.65
ORD001014,P0008,1,0.1,171.05
ORD001015,P0006,1,0.2,37.45
ORD001016,P0001,2,0.05,88.31
ORD001017,P0002,3,0.05,334.28
ORD001017,P0005,1,0.05,59.94
ORD001017,P0011,3,0.0,850.23
ORD001018,P0006,1,0.0,46.81
ORD001019,P0015,1,0.05,7.8
ORD001019,P0007,2,0.2,177.2
ORD001019,P0008,1,0.0,190.06
ORD001019,P0016,1,0.05,30.31
ORD001020,P0016,1,0.0,31.91
ORD001020,P0017,2,0.1,15.19
ORD001021,P0002,1,0.0,117.29
ORD001021,P0014,1,0.0,11.34
ORD001022,P0020,1,0.05,25.9
ORD001023,P0014,1,0.15,9.64
ORD001023,P0003,1,0.05,16.61
ORD001023,P0015,1,0.0,8.21
ORD001024,P0019,1,0.0,43.71
ORD001024,P0015,3,0.1,22.17
ORD001024,P0003,1,0.0,17.48
ORD001024,P0017,1,0.0,8.44
ORD001025,P0009,1,0.2,149.5
ORD001025,P0014,2,0.0,22.68
ORD001025,P0011,1,0.0,283.41
ORD001026,P0002,2,0.0,234.58
ORD001027,P0012,1,0.0,23.15
ORD001027,P0005,1,0.0,63.09
ORD001028,P0002,1,0.05,111.43
ORD001029,P0002,1,0.0,117.29
ORD001030,P0013,1,0.05,5.51
ORD001030,P0017,1,0.05,8.02
ORD001030,P0011,1,0.05,269.24
ORD001030,P0015,2,0.0,16.42
ORD001031,P0008,1,0.0,190.06
ORD001031,P0012,2,0.0,46.3
ORD001032,P0019,1,0.0,43.71
ORD001033,P0017,1,0.05,8.02
ORD001034,P0007,2,0.0,221.5
ORD001035,P0010,1,0.0,336.91
ORD001036,P0009,3,0.1,504.58
ORD001037,P0015,1,0.1,7.39
ORD001038,P0009,1,0.15,158.85
ORD001039,P0001,1,0.1,41.83
ORD001040,P0012,1,0.15,19.68
ORD001040,P0003,1,0.0,17.48
ORD001040,P0010,1,0.0,336.91
ORD001040,P0009,3,0.1,504.58
ORD001041,P0005,1,0.0,63.09
ORD001041,P0007,1,0.0,110.75
ORD001042,P0009,1,0.0,186.88
ORD001042,P0008,1,0.2,152.05
ORD001042,P0019,2,0.15,74.31
ORD001043,P0001,1,0.05,44.16
ORD001044,P0015,1,0.1,7.39
ORD001045,P0013,1,0.0,5.8
ORD001046,P0004,1,0.15,82.65
ORD001046,P0017,2,0.1,15.19
ORD001047,P0006,2,0.0,93.62
ORD001048,P0013,1,0.1,5.22
ORD001048,P0010,1,0.15,286.37
ORD001049,P0022,1,0.05,51.78
ORD001049,P0014,2,0.0,22.68
ORD001049,P0004,2,0.0,194.48
ORD001050,P0004,1,0.05,92.38
ORD001050,P0009,1,0.0,186.88
ORD001051,P0014,2,0.0,22.68
ORD001051,P0012,2,0.15,39.35
ORD001051,P0006,3,0.15,119.37
ORD001051,P0018,1,0.0,41.8
ORD001052,P0001,2,0.1,83.66
ORD001053,P0004,1,0.0,97.24
ORD001054,P0001,1,0.0,46.48
ORD001054,P0016,1,0.0,31.91
ORD001054,P0017,1,0.0,8.44
ORD001054,P0008,1,0.2,152.05
ORD001055,P0018,1,0.0,41.8
ORD001056,P0022,1,0.0,54.51
ORD001057,P0005,3,0.0,189.27
ORD001058,P0008,1,0.0,190.06
ORD001058,P0006,1,0.15,39.79
ORD001059,P0008,3,0.2,456.14
ORD001059,P0014,2,0.15,19.28
ORD001059,P0010,1,0.0,336.91
ORD001059,P0019,2,0.0,87.42
ORD001060,P0005,1,0.1,56.78
ORD001061,P0020,1,0.15,23.17
ORD001061,P0013,1,0.0,5.8
ORD001062,P0020,1,0.0,27.26
ORD001062,P0010,2,0.1,606.44
ORD001062,P0005,2,0.0,126.18
ORD001063,P0005,1,0.0,63.09
ORD001064,P0005,1,0.0,63.09
ORD001064,P0020,1,0.0,27.26
ORD001064,P0003,1,0.0,17.48
ORD001064,P0015,1,0.0,8.21
ORD001065,P0021,1,0.05,23.3
ORD001066,P0002,2,0.05,222.85
ORD001066,P0010,1,0.1,303.22
ORD001067,P0014,1,0.0,11.34
ORD001068,P0019,1,0.15,37.15
ORD001069,P0006,2,0.05,88.94
ORD001070,P0009,1,0.0,186.88
ORD001070,P0011,1,0.1,255.07
ORD001071,P0019,2,0.0,87.42
ORD001071,P0004,2,0.0,194.48
ORD001072,P0006,1,0.2,37.45
ORD001072,P0012,1,0.05,21.99
ORD001072,P0005,1,0.1,56.78
ORD001072,P0010,2,0.0,673.82
ORD001073,P0009,1,0.15,158.85
ORD001074,P0015,3,0.1,22.17
ORD001075,P0016,2,0.0,63.82
ORD001075,P0010,1,0.05,320.06
ORD001076,P0003,1,0.05,16.61
ORD001076,P0016,1,0.05,30.31
ORD001076,P0018,2,0.1,75.24
ORD001076,P0015,1,0.1,7.39
ORD001077,P0003,1,0.0,17.48
ORD001078,P0017,1,0.0,8.44
ORD001079,P0020,1,0.05,25.9
ORD001079,P0013,1,0.1,5.22
ORD001079,P0004,1,0.2,77.79
ORD001080,P0017,3,0.0,25.32
ORD001081,P0014,1,0.15,9.64
ORD001082,P0022,2,0.0,109.02
ORD001083,P0014,2,0.0,22.68
ORD001083,P0006,1,0.0,46.81
ORD001083,P0013,1,0.15,4.93
ORD001084,P0003,1,0.05,16.61
ORD001085,P0008,2,0.05,361.11
ORD001086,P0008,1,0.1,171.05
ORD001087,P0013,1,0.15,4.93
ORD001087,P0004,1,0.0,97.24
ORD001087,P0018,1,0.05,39.71
ORD001088,P0001,1,0.05,44.16
ORD001088,P0019,1,0.0,43.71
ORD001088,P0021,1,0.1,22.08
ORD001089,P0018,1,0.0,41.8
ORD001090,P0012,1,0.0,23.15
ORD001090,P0019,1,0.05,41.52
ORD001091,P0016,1,0.1,28.72
ORD001091,P0018,2,0.0,83.6
ORD001091,P0005,1,0.0,63.09
ORD001091,P0020,2,0.05,51.79
ORD001092,P0010,1,0.05,320.06
ORD001093,P0003,1,0.0,17.48
ORD001094,P0001,2,0.05,88.31
ORD001095,P0013,1,0.15,4.93
ORD001095,P0022,1,0.05,51.78
ORD001095,P0011,3,0.0,850.23
ORD001096,P0016,1,0.2,25.53
ORD001096,P0011,1,0.0,283.41
ORD001097,P0012,1,0.05,21.99
ORD001098,P0019,1,0.0,43.71
ORD001098,P0022,1,0.2,43.61
ORD001099,P0008,1,0.05,180.56
ORD001099,P0016,1,0.0,31.91
ORD001099,P0020,2,0.0,54.52
ORD001100,P0007,2,0.1,199.35
ORD001101,P0005,1,0.0,63.09
ORD001101,P0018,1,0.0,41.8
ORD001102,P0013,2,0.0,11.6
ORD001103,P0014,1,0.05,10.77
ORD001103,P0009,1,0.0,186.88
ORD001104,P0010,2,0.1,606.44
ORD001105,P0013,1,0.0,5.8
ORD001105,P0016,2,0.15,54.25
ORD001106,P0005,2,0.0,126.18
ORD001107,P0007,1,0.0,110.75
ORD001107,P0012,3,0.15,59.03
ORD001107,P0020,1,0.0,27.26
ORD001108,P0001,2,0.05,88.31
ORD001108,P0003,1,0.15,14.86
ORD001109,P0008,1,0.1,171.05
ORD001110,P0012,1,0.0,23.15
ORD001110,P0017,1,0.15,7.17
ORD001110,P0022,1,0.05,51.78
ORD001110,P0013,1,0.0,5.8
ORD001111,P0017,1,0.0,8.44
ORD001111,P0002,1,0.05,111.43
ORD001111,P0014,1,0.0,11.34
ORD001112,P0005,1,0.0,63.09
ORD001112,P0016,2,0.0,63.82
ORD001113,P0016,1,0.05,30.31
ORD001113,P0015,1,0.1,7.39
ORD001114,P0010,1,0.05,320.06
ORD001114,P0011,1,0.15,240.9
ORD001115,P0016,1,0.05,30.31
ORD001115,P0003,3,0.05,49.82
ORD001116,P0012,1,0.0,23.15
ORD001117,P0006,1,0.0,46.81
ORD001118,P0009,1,0.05,177.54
ORD001119,P0008,1,0.1,171.05
ORD001120,P0021,1,0.1,22.08
ORD001120,P0013,2,0.05,11.02
ORD001121,P0004,2,0.05,184.76
ORD001121,P0017,1,0.05,8.02
ORD001121,P0011,1,0.05,269.24
ORD001122,P0004,1,0.0,97.24
ORD001123,P0003,1,0.0,17.48
ORD001123,P0022,1,0.0,54.51
ORD001124,P0018,3,0.0,125.4
ORD001124,P0016,1,0.15,27.12
ORD001125,P0017,1,0.1,7.6
ORD001125,P0018,2,0.0,83.6
ORD001126,P0019,2,0.15,74.31
ORD001126,P0003,2,0.0,34.96
ORD001127,P0015,1,0.15,6.98
ORD001128,P0019,2,0.1,78.68
ORD001128,P0013,1,0.05,5.51
ORD001128,P0007,1,0.1,99.68
ORD001128,P0010,2,0.05,640.13
ORD001129,P0014,2,0.05,21.55
ORD001129,P0019,3,0.0,131.13
ORD001130,P0010,2,0.0,673.82
ORD001131,P0014,2,0.1,20.41
ORD001131,P0006,1,0.0,46.81
ORD001132,P0009,2,0.0,373.76
ORD001133,P0014,1,0.15,9.64
ORD001133,P0005,1,0.05,59.94
ORD001134,P0008,1,0.0,190.06
ORD001134,P0012,2,0.0,46.3
ORD001134,P0019,1,0.0,43.71
ORD001135,P0003,1,0.0,17.48
ORD001135,P0018,1,0.1,37.62
ORD001136,P0019,1,0.2,34.97
ORD001136,P0005,1,0.05,59.94
ORD001136,P0002,1,0.1,105.56
ORD001136,P0007,1,0.15,94.14
ORD001137,P0001,2,0.0,92.96
ORD001137,P0007,1,0.0,110.75
ORD001137,P0014,1,0.0,11.34
ORD001138,P0010,1,0.0,336.91
ORD001139,P0009,2,0.0,373.76
ORD001140,P0021,1,0.0,24.53
ORD001141,P0022,1,0.0,54.51
ORD001141,P0010,2,0.1,606.44
ORD001142,P0021,1,0.0,24.53
ORD001143,P0014,1,0.0,11.34
ORD001143,P0013,1,0.0,5.8
ORD001144,P0011,1,0.0,283.41
ORD001145,P0004,1,0.0,97.24
ORD001145,P0003,3,0.05,49.82
ORD001145,P0010,2,0.15,572.75
ORD001146,P0007,1,0.15,94.14
ORD001146,P0016,2,0.0,63.82
ORD001147,P0006,1,0.05,44.47
ORD001148,P0009,1,0.05,177.54
ORD001149,P0019,1,0.0,43.71
ORD001149,P0003,1,0.0,17.48
ORD001150,P0014,1,0.0,11.34
ORD001151,P0010,1,0.0,336.91
ORD001152,P0005,1,0.0,63.09
ORD001152,P0019,1,0.05,41.52
ORD001152,P0001,1,0.0,46.48
ORD001152,P0020,1,0.1,24.53
ORD001153,P0006,1,0.05,44.47
ORD001153,P0012,2,0.05,43.98
ORD001153,P0010,2,0.0,673.82
ORD001153,P0021,1,0.2,19.62
ORD001154,P0004,2,0.05,184.76
ORD001154,P0011,1,0.05,269.24
ORD001155,P0018,1,0.1,37.62
ORD001155,P0017,1,0.05,8.02
ORD001156,P0001,1,0.0,46.48
ORD001157,P0005,1,0.05,59.94
ORD001158,P0008,1,0.0,190.06
ORD001158,P0004,1,0.0,97.24
ORD001158,P0006,1,0.1,42.13
ORD001159,P0012,1,0.0,23.15
ORD001160,P0017,1,0.1,7.6
ORD001160,P0015,1,0.15,6.98
ORD001161,P0004,2,0.0,194.48
ORD001162,P0018,1,0.05,39.71
ORD001163,P0022,1,0.0,54.51
ORD001163,P0018,1,0.0,41.8
ORD001164,P0012,1,0.0,23.15
ORD001164,P0014,2,0.15,19.28
ORD001164,P0013,1,0.0,5.8
ORD001164,P0006,1,0.15,39.79
ORD001165,P0006,1,0.0,46.81
ORD001166,P0016,1,0.1,28.72
ORD001166,P0020,1,0.1,24.53
ORD001166,P0005,1,0.0,63.09
ORD001166,P0015,1,0.2,6.57
ORD001167,P0005,1,0.0,63.09
ORD001167,P0008,1,0.1,171.05
ORD001167,P0019,1,0.1,39.34
ORD001168,P0015,1,0.0,8.21
ORD001168,P0007,1,0.2,88.6
ORD001168,P0012,1,0.0,23.15
ORD001169,P0002,1,0.0,117.29
ORD001169,P0006,1,0.0,46.81
ORD001169,P0020,1,0.0,27.26
ORD001170,P0008,2,0.1,342.11
ORD001171,P0019,3,0.0,131.13
ORD001171,P0017,1,0.05,8.02
ORD001172,P0014,1,0.05,10.77
ORD001173,P0002,3,0.05,334.28
ORD001173,P0012,1,0.0,23.15
ORD001174,P0008,1,0.0,190.06
ORD001174,P0001,1,0.0,46.48
ORD001175,P0007,1,0.0,110.75
ORD001175,P0008,2,0.0,380.12
ORD001175,P0016,1,0.0,31.91
ORD001176,P0011,1,0.05,269.24
ORD001177,P0001,2,0.0,92.96
ORD001177,P0022,1,0.0,54.51
ORD001177,P0011,1,0.2,226.73
ORD001178,P0001,1,0.0,46.48
ORD001178,P0011,1,0.0,283.41
ORD001179,P0015,1,0.0,8.21
ORD001180,P0003,3,0.1,47.2
ORD001181,P0005,3,0.15,160.88
ORD001181,P0012,3,0.15,59.03
ORD001181,P0002,1,0.0,117.29
ORD001182,P0017,1,0.0,8.44
ORD001182,P0001,1,0.15,39.51
ORD001182,P0022,1,0.0,54.51
ORD001183,P0009,1,0.0,186.88
ORD001184,P0001,2,0.05,88.31
ORD001185,P0015,1,0.0,8.21
ORD001185,P0010,1,0.2,269.53
ORD001185,P0007,2,0.05,210.42
ORD001186,P0021,2,0.0,49.06
ORD001187,P0022,2,0.0,109.02
ORD001187,P0018,1,0.05,39.71
ORD001187,P0010,1,0.05,320.06
ORD001187,P0015,3,0.1,22.17
ORD001188,P0005,2,0.0,126.18
ORD001188,P0021,3,0.05,69.91
ORD001188,P0003,1,0.0,17.48
ORD001189,P0019,1,0.0,43.71
ORD001189,P0001,2,0.15,79.02
ORD001190,P0010,2,0.2,539.06
ORD001190,P0016,1,0.0,31.91
ORD001190,P0002,1,0.0,117.29
ORD001191,P0012,1,0.0,23.15
ORD001191,P0010,1,0.05,320.06
ORD001192,P0020,3,0.15,69.51
ORD001193,P0002,2,0.1,211.12
ORD001194,P0002,2,0.1,211.12
ORD001195,P0014,1,0.15,9.64
ORD001196,P0014,2,0.0,22.68
ORD001196,P0016,2,0.0,63.82
ORD001197,P0021,1,0.0,24.53
ORD001197,P0006,1,0.0,46.81
ORD001198,P0003,1,0.1,15.73
ORD001198,P0001,2,0.1,83.66
ORD001198,P0016,2,0.0,63.82
ORD001199,P0008,2,0.15,323.1
ORD001199,P0001,1,0.0,46.48
ORD001200,P0018,3,0.0,125.4
ORD001200,P0015,2,0.0,16.42
ORD001201,P0002,2,0.05,222.85
ORD001201,P0019,1,0.0,43.71
ORD001202,P0005,1,0.05,59.94
ORD001202,P0008,1,0.05,180.56
ORD001202,P0022,1,0.0,54.51
ORD001203,P0001,1,0.0,46.48
ORD001203,P0006,2,0.0,93.62
ORD001203,P0008,3,0.0,570.18
ORD001204,P0002,1,0.0,117.29
ORD001205,P0001,1,0.05,44.16
ORD001206,P0003,1,0.05,16.61
ORD001206,P0007,1,0.0,110.75
ORD001207,P0005,1,0.0,63.09
ORD001208,P0010,3,0.05,960.19
ORD001208,P0011,1,0.0,283.41
ORD001209,P0015,2,0.0,16.42
ORD001209,P0002,1,0.05,111.43
ORD001210,P0008,2,0.15,323.1
ORD001211,P0010,1,0.0,336.91
ORD001211,P0007,1,0.15,94.14
ORD001212,P0008,1,0.0,190.06
ORD001212,P0019,1,0.0,43.71
ORD001212,P0005,1,0.0,63.09
ORD001213,P0011,1,0.1,255.07
ORD001213,P0019,1,0.1,39.34
ORD001214,P0006,1,0.0,46.81
ORD001215,P0017,1,0.0,8.44
ORD001216,P0019,1,0.1,39.34
ORD001217,P0015,1,0.05,7.8
ORD001218,P0002,2,0.0,234.58
ORD001218,P0012,1,0.0,23.15
ORD001219,P0009,1,0.0,186.88
ORD001219,P0007,1,0.0,110.75
ORD001219,P0021,1,0.05,23.3
ORD001220,P0013,3,0.2,13.92
ORD001220,P0001,2,0.2,74.37
ORD001221,P0007,1,0.1,99.68
ORD001222,P0017,2,0.15,14.35
ORD001222,P0019,1,0.1,39.34
ORD001223,P0012,1,0.0,23.15
ORD001223,P0004,3,0.0,291.72
ORD001224,P0020,1,0.0,27.26
ORD001224,P0014,1,0.0,11.34
ORD001225,P0009,1,0.05,177.54
ORD001225,P0011,2,0.0,566.82
ORD001225,P0006,1,0.0,46.81
ORD001225,P0001,2,0.1,83.66
ORD001226,P0011,1,0.05,269.24
ORD001226,P0008,2,0.05,361.11
ORD001227,P0012,1,0.0,23.15
ORD001228,P0006,2,0.0,93.62
ORD001228,P0002,1,0.15,99.7
ORD001228,P0012,1,0.1,20.84
ORD001229,P0020,1,0.1,24.53
ORD001229,P0004,2,0.05,184.76
ORD001230,P0022,1,0.1,49.06
ORD001230,P0014,2,0.1,20.41
ORD001230,P0019,2,0.0,87.42
ORD001231,P0020,3,0.05,77.69
ORD001231,P0009,1,0.0,186.88
ORD001232,P0014,2,0.0,22.68
ORD001232,P0021,1,0.0,24.53
ORD001232,P0011,1,0.0,283.41
ORD001232,P0012,2,0.15,39.35
ORD001233,P0013,2,0.2,9.28
ORD001233,P0017,1,0.15,7.17
ORD001233,P0022,1,0.1,49.06
ORD001234,P0003,3,0.0,52.44
ORD001234,P0014,1,0.0,11.34
ORD001235,P0002,1,0.0,117.29
ORD001235,P0013,1,0.0,5.8
ORD001235,P0005,3,0.0,189.27
ORD001236,P0004,1,0.1,87.52
ORD001236,P0016,1,0.1,28.72
ORD001237,P0012,1,0.05,21.99
ORD001238,P0022,1,0.05,51.78
ORD001238,P0005,1,0.0,63.09
ORD001238,P0017,1,0.0,8.44
ORD001239,P0013,1,0.2,4.64
ORD001240,P0001,3,0.0,139.44
ORD001240,P0020,2,0.05,51.79
ORD001240,P0010,1,0.05,320.06
ORD001241,P0010,3,0.1,909.66
ORD001241,P0015,3,0.0,24.63
ORD001242,P0021,2,0.0,49.06
ORD001242,P0012,1,0.0,23.15
ORD001242,P0016,1,0.0,31.91
ORD001243,P0021,1,0.0,24.53
ORD001244,P0015,1,0.0,8.21
ORD001245,P0010,1,0.2,269.53
ORD001245,P0012,1,0.1,20.84
ORD001245,P0015,1,0.0,8.21
ORD001246,P0005,1,0.0,63.09
ORD001246,P0013,1,0.05,5.51
ORD001246,P0021,1,0.05,23.3
ORD001247,P0006,1,0.15,39.79
ORD001247,P0004,1,0.2,77.79
ORD001248,P0003,3,0.0,52.44
ORD001249,P0016,1,0.15,27.12
ORD001249,P0004,1,0.0,97.24
ORD001249,P0002,1,0.1,105.56
ORD001249,P0001,1,0.2,37.18
ORD001250,P0013,2,0.0,11.6
ORD001250,P0019,1,0.0,43.71
ORD001250,P0012,3,0.1,62.5
ORD001250,P0018,1,0.0,41.8
ORD001251,P0007,1,0.0,110.75
ORD001252,P0014,2,0.0,22.68
ORD001252,P0008,1,0.0,190.06
ORD001253,P0019,1,0.0,43.71
ORD001253,P0015,1,0.1,7.39
ORD001254,P0010,1,0.0,336.91
ORD001254,P0022,1,0.0,54.51
ORD001255,P0017,2,0.15,14.35
ORD001255,P0009,1,0.0,186.88
ORD001255,P0014,1,0.0,11.34
ORD001255,P0007,1,0.0,110.75
ORD001256,P0015,1,0.0,8.21
ORD001257,P0019,1,0.0,43.71
ORD001257,P0011,2,0.0,566.82
ORD001257,P0020,2,0.0,54.52
ORD001258,P0017,1,0.0,8.44
ORD001259,P0014,1,0.0,11.34
ORD001260,P0011,3,0.0,850.23
ORD001261,P0005,1,0.1,56.78
ORD001261,P0013,1,0.0,5.8
ORD001261,P0018,1,0.1,37.62
ORD001262,P0001,3,0.15,118.52
ORD001262,P0009,2,0.15,317.7
ORD001262,P0013,1,0.0,5.8
ORD001262,P0012,1,0.0,23.15
ORD001263,P0003,1,0.0,17.48
ORD001264,P0020,2,0.0,54.52
ORD001265,P0014,3,0.0,34.02
ORD001266,P0016,1,0.1,28.72
ORD001266,P0013,1,0.1,5.22
ORD001267,P0010,1,0.0,336.91
ORD001267,P0021,1,0.05,23.3
ORD001267,P0013,1,0.0,5.8
ORD001267,P0014,1,0.1,10.21
ORD001268,P0003,1,0.1,15.73
ORD001269,P0022,1,0.15,46.33
ORD001270,P0006,1,0.0,46.81
ORD001270,P0008,2,0.0,380.12
ORD001270,P0021,2,0.0,49.06
ORD001271,P0004,2,0.0,194.48
ORD001271,P0008,1,0.15,161.55
ORD001271,P0006,2,0.0,93.62
ORD001272,P0013,3,0.0,17.4
ORD001273,P0021,1,0.0,24.53
ORD001273,P0016,1,0.0,31.91
ORD001273,P0009,1,0.1,168.19
ORD001273,P0013,3,0.05,16.53
ORD001274,P0005,2,0.0,126.18
ORD001274,P0015,2,0.0,16.42
ORD001274,P0022,1,0.0,54.51
ORD001274,P0001,3,0.1,125.5
ORD001275,P0002,3,0.0,351.87
ORD001276,P0022,3,0.0,163.53
ORD001277,P0019,1,0.0,43.71
ORD001278,P0007,3,0.0,332.25
ORD001278,P0005,2,0.0,126.18
ORD001279,P0010,1,0.05,320.06
ORD001279,P0003,2,0.0,34.96
ORD001280,P0010,1,0.05,320.06
ORD001280,P0017,1,0.0,8.44
ORD001280,P0004,1,0.05,92.38
ORD001281,P0021,1,0.0,24.53
ORD001281,P0022,3,0.0,163.53
ORD001281,P0016,1,0.05,30.31
ORD001281,P0003,1,0.0,17.48
ORD001282,P0013,3,0.0,17.4
ORD001283,P0013,3,0.15,14.79
ORD001284,P0021,3,0.0,73.59
ORD001284,P0006,2,0.0,93.62
ORD001284,P0009,2,0.0,373.76
ORD001285,P0014,1,0.0,11.34
ORD001286,P0004,1,0.2,77.79
ORD001287,P0010,1,0.1,303.22
ORD001287,P0018,1,0.1,37.62
ORD001288,P0002,1,0.0,117.29
ORD001288,P0010,2,0.0,673.82
ORD001289,P0008,1,0.0,190.06
ORD001289,P0007,1,0.15,94.14
ORD001289,P0017,1,0.05,8.02
ORD001289,P0006,1,0.1,42.13
ORD001290,P0020,2,0.0,54.52
ORD001290,P0016,1,0.0,31.91
ORD001291,P0009,1,0.15,158.85
ORD001291,P0014,1,0.05,10.77
ORD001292,P0005,1,0.0,63.09
ORD001293,P0012,1,0.0,23.15
ORD001293,P0005,1,0.1,56.78
ORD001294,P0019,2,0.2,69.94
ORD001295,P0011,1,0.05,269.24
ORD001295,P0010,1,0.0,336.91
ORD001296,P0015,1,0.0,8.21
ORD001297,P0005,2,0.0,126.18
ORD001297,P0003,2,0.0,34.96
ORD001297,P0019,1,0.1,39.34
ORD001298,P0016,2,0.0,63.82
ORD001299,P0012,1,0.0,23.15
ORD001300,P0019,1,0.0,43.71
ORD001300,P0012,2,0.05,43.98
ORD001301,P0008,3,0.0,570.18
ORD001301,P0006,1,0.0,46.81
ORD001301,P0022,1,0.0,54.51
ORD001301,P0014,3,0.0,34.02
ORD001302,P0011,1,0.15,240.9
ORD001302,P0013,1,0.0,5.8
ORD001303,P0014,1,0.05,10.77
ORD001304,P0009,2,0.0,373.76
ORD001304,P0015,2,0.05,15.6
ORD001304,P0012,1,0.2,18.52
ORD001305,P0007,2,0.0,221.5
ORD001306,P0005,1,0.05,59.94
ORD001306,P0015,2,0.0,16.42
ORD001307,P0006,1,0.05,44.47
ORD001308,P0015,1,0.0,8.21
ORD001308,P0003,1,0.1,15.73
ORD001308,P0021,1,0.0,24.53
ORD001309,P0019,2,0.2,69.94
ORD001309,P0018,1,0.0,41.8
ORD001310,P0006,2,0.0,93.62
ORD001310,P0009,1,0.0,186.88
ORD001311,P0001,1,0.0,46.48
ORD001311,P0009,1,0.0,186.88
ORD001312,P0020,1,0.0,27.26
ORD001312,P0018,1,0.05,39.71
ORD001312,P0022,1,0.05,51.78
ORD001312,P0019,2,0.0,87.42
ORD001313,P0004,1,0.0,97.24
ORD001313,P0007,1,0.0,110.75
ORD001313,P0021,1,0.0,24.53
ORD001314,P0013,1,0.0,5.8
ORD001314,P0018,1,0.0,41.8
ORD001315,P0005,1,0.2,50.47
ORD001316,P0014,2,0.1,20.41
ORD001317,P0003,1,0.1,15.73
ORD001317,P0007,1,0.0,110.75
ORD001317,P0022,1,0.2,43.61
ORD001318,P0007,2,0.0,221.5
ORD001319,P0004,1,0.15,82.65
ORD001320,P0019,1,0.0,43.71
ORD001321,P0002,2,0.1,211.12
ORD001321,P0011,1,0.0,283.41
ORD001321,P0022,1,0.0,54.51
ORD001322,P0021,1,0.0,24.53
ORD001323,P0007,2,0.0,221.5
ORD001324,P0014,2,0.0,22.68
ORD001324,P0016,2,0.0,63.82
ORD001325,P0001,1,0.15,39.51
ORD001325,P0008,1,0.0,190.06
ORD001326,P0017,2,0.2,13.5
ORD001327,P0008,1,0.0,190.06
ORD001328,P0017,2,0.05,16.04
ORD001329,P0008,1,0.0,190.06
ORD001330,P0015,1,0.2,6.57
ORD001330,P0002,1,0.2,93.83
ORD001331,P0001,1,0.0,46.48
ORD001332,P0004,1,0.0,97.24
ORD001332,P0003,2,0.1,31.46
ORD001333,P0002,1,0.1,105.56
ORD001334,P0012,1,0.0,23.15
ORD001335,P0020,1,0.0,27.26
ORD001335,P0022,2,0.15,92.67
ORD001335,P0016,3,0.0,95.73
ORD001335,P0021,3,0.1,66.23
ORD001336,P0003,1,0.05,16.61
ORD001336,P0002,1,0.0,117.29
ORD001337,P0003,1,0.05,16.61
ORD001337,P0007,1,0.0,110.75
ORD001337,P0014,1,0.15,9.64
ORD001337,P0022,1,0.0,54.51
ORD001338,P0013,2,0.0,11.6
ORD001339,P0008,1,0.0,190.06
ORD001340,P0022,1,0.1,49.06
ORD001341,P0001,1,0.0,46.48
ORD001342,P0018,1,0.05,39.71
ORD001343,P0019,1,0.0,43.71
ORD001343,P0005,1,0.05,59.94
ORD001344,P0014,1,0.05,10.77
ORD001344,P0009,1,0.0,186.88
ORD001345,P0003,2,0.15,29.72
ORD001345,P0016,1,0.15,27.12
ORD001345,P0008,1,0.0,190.06
ORD001346,P0002,1,0.0,117.29
ORD001346,P0016,1,0.0,31.91
ORD001347,P0006,3,0.15,119.37
ORD001347,P0013,1,0.0,5.8
ORD001348,P0001,1,0.0,46.48
ORD001348,P0009,2,0.05,355.07
ORD001348,P0015,3,0.0,24.63
ORD001348,P0020,1,0.0,27.26
ORD001349,P0005,1,0.1,56.78
ORD001350,P0020,1,0.0,27.26
ORD001350,P0013,2,0.0,11.6
ORD001350,P0002,1,0.1,105.56
ORD001351,P0016,1,0.1,28.72
ORD001351,P0014,1,0.0,11.34
ORD001351,P0002,1,0.0,117.29
ORD001352,P0009,1,0.0,186.88
ORD001353,P0015,1,0.0,8.21
ORD001353,P0010,3,0.1,909.66
ORD001354,P0021,3,0.0,73.59
ORD001355,P0013,1,0.0,5.8
ORD001356,P0011,2,0.0,566.82
ORD001356,P0015,1,0.1,7.39
ORD001357,P0020,1,0.05,25.9
ORD001357,P0018,1,0.0,41.8
ORD001357,P0021,1,0.05,23.3
ORD001357,P0022,1,0.0,54.51
ORD001358,P0016,1,0.0,31.91
ORD001358,P0002,2,0.1,211.12
ORD001359,P0020,1,0.0,27.26
ORD001359,P0008,1,0.05,180.56
ORD001360,P0004,2,0.0,194.48
ORD001360,P0017,1,0.0,8.44
ORD001361,P0006,1,0.0,46.81
ORD001361,P0021,1,0.0,24.53
ORD001362,P0015,2,0.05,15.6
ORD001363,P0005,1,0.05,59.94
ORD001364,P0013,2,0.05,11.02
ORD001365,P0015,2,0.0,16.42
ORD001366,P0009,1,0.0,186.88
ORD001366,P0019,1,0.0,43.71
ORD001366,P0012,3,0.05,65.98
ORD001366,P0020,3,0.0,81.78
ORD001367,P0017,1,0.05,8.02
ORD001367,P0013,1,0.15,4.93
ORD001368,P0018,2,0.0,83.6
ORD001368,P0002,1,0.0,117.29
ORD001368,P0001,3,0.0,139.44
ORD001368,P0017,1,0.05,8.02
ORD001369,P0001,2,0.05,88.31
ORD001369,P0014,1,0.15,9.64
ORD001370,P0016,2,0.0,63.82
ORD001370,P0008,1,0.05,180.56
ORD001370,P0009,1,0.0,186.88
ORD001371,P0001,1,0.05,44.16
ORD001371,P0002,1,0.1,105.56
ORD001372,P0010,1,0.0,336.91
ORD001372,P0009,1,0.1,168.19
ORD001373,P0019,1,0.0,43.71
ORD001373,P0008,1,0.1,171.05
ORD001374,P0003,2,0.15,29.72
ORD001374,P0020,3,0.0,81.78
ORD001374,P0009,1,0.0,186.88
ORD001374,P0006,3,0.0,140.43
ORD001375,P0014,1,0.05,10.77
ORD001375,P0012,1,0.0,23.15
ORD001375,P0013,2,0.1,10.44
ORD001375,P0004,1,0.0,97.24
ORD001376,P0012,1,0.15,19.68
ORD001377,P0008,3,0.0,570.18
ORD001377,P0021,1,0.05,23.3
ORD001377,P0011,1,0.05,269.24
ORD001378,P0010,2,0.1,606.44
ORD001378,P0002,1,0.0,117.29
ORD001378,P0018,2,0.1,75.24
ORD001379,P0014,1,0.2,9.07
ORD001380,P0021,1,0.0,24.53
ORD001381,P0010,1,0.0,336.91
ORD001382,P0021,1,0.0,24.53
ORD001382,P0006,1,0.0,46.81
ORD001382,P0017,1,0.15,7.17
ORD001383,P0009,1,0.0,186.88
ORD001384,P0007,1,0.05,105.21
ORD001385,P0013,1,0.0,5.8
ORD001386,P0010,1,0.0,336.91
ORD001386,P0018,1,0.0,41.8
ORD001387,P0006,1,0.2,37.45
ORD001387,P0020,1,0.15,23.17
ORD001388,P0011,3,0.0,850.23
ORD001389,P0020,1,0.1,24.53
ORD001390,P0012,1,0.0,23.15
ORD001390,P0001,1,0.1,41.83
ORD001391,P0003,2,0.05,33.21
ORD001391,P0014,1,0.15,9.64
ORD001391,P0011,3,0.0,850.23
ORD001392,P0022,1,0.0,54.51
ORD001392,P0004,2,0.1,175.03
ORD001392,P0014,1,0.1,10.21
ORD001393,P0014,1,0.0,11.34
ORD001394,P0011,1,0.0,283.41
ORD001395,P0002,1,0.0,117.29
ORD001395,P0003,1,0.0,17.48
ORD001395,P0005,1,0.05,59.94
ORD001395,P0022,1,0.0,54.51
ORD001396,P0013,1,0.15,4.93
ORD001397,P0008,1,0.0,190.06
ORD001398,P0019,2,0.0,87.42
ORD001399,P0011,1,0.2,226.73
ORD001399,P0014,1,0.0,11.34
ORD001399,P0022,1,0.0,54.51
ORD001399,P0002,1,0.15,99.7
ORD001400,P0008,1,0.15,161.55
ORD001400,P0012,1,0.0,23.15
ORD001400,P0013,1,0.0,5.8
ORD001401,P0015,2,0.0,16.42
ORD001401,P0003,2,0.05,33.21
ORD001402,P0001,1,0.0,46.48
ORD001402,P0020,1,0.0,27.26
ORD001402,P0012,2,0.0,46.3
ORD001403,P0010,2,0.2,539.06
ORD001403,P0006,1,0.05,44.47
ORD001404,P0014,1,0.0,11.34
ORD001404,P0016,1,0.0,31.91
ORD001404,P0012,1,0.1,20.84
ORD001404,P0019,1,0.0,43.71
ORD001405,P0012,1,0.15,19.68
ORD001406,P0007,1,0.0,110.75
ORD001407,P0001,2,0.05,88.31
ORD001407,P0009,1,0.1,168.19
ORD001408,P0009,1,0.0,186.88
ORD001409,P0020,1,0.15,23.17
ORD001410,P0005,1,0.0,63.09
ORD001411,P0012,1,0.05,21.99
ORD001412,P0005,1,0.1,56.78
ORD001413,P0005,1,0.0,63.09
ORD001414,P0014,2,0.0,22.68
ORD001415,P0015,2,0.0,16.42
ORD001415,P0005,1,0.0,63.09
ORD001416,P0005,1,0.0,63.09
ORD001416,P0021,1,0.0,24.53
ORD001417,P0018,3,0.0,125.4
ORD001418,P0017,3,0.0,25.32
ORD001418,P0011,2,0.2,453.46
ORD001418,P0013,1,0.1,5.22
ORD001419,P0013,1,0.05,5.51
ORD001419,P0012,1,0.0,23.15
ORD001420,P0013,1,0.05,5.51
ORD001421,P0016,1,0.0,31.91
ORD001421,P0022,2,0.15,92.67
ORD001422,P0015,2,0.1,14.78
ORD001423,P0019,1,0.05,41.52
ORD001423,P0021,3,0.0,73.59
ORD001423,P0010,2,0.15,572.75
ORD001424,P0015,2,0.0,16.42
ORD001425,P0008,1,0.1,171.05
ORD001425,P0017,1,0.0,8.44
ORD001426,P0009,2,0.0,373.76
ORD001427,P0007,1,0.15,94.14
ORD001427,P0014,1,0.05,10.77
ORD001428,P0002,1,0.05,111.43
ORD001428,P0018,2,0.05,79.42
ORD001428,P0015,1,0.0,8.21
ORD001428,P0008,1,0.0,190.06
ORD001429,P0016,1,0.0,31.91
ORD001430,P0019,1,0.05,41.52
ORD001430,P0010,1,0.05,320.06
ORD001430,P0020,2,0.15,46.34
ORD001430,P0006,3,0.1,126.39
ORD001431,P0021,1,0.05,23.3
ORD001431,P0003,1,0.2,13.98
ORD001432,P0022,1,0.2,43.61
ORD001433,P0005,1,0.0,63.09
ORD001433,P0010,1,0.05,320.06
ORD001434,P0019,2,0.0,87.42
ORD001434,P0001,1,0.05,44.16
ORD001435,P0003,2,0.05,33.21
ORD001436,P0021,1,0.0,24.53
ORD001437,P0009,1,0.1,168.19
ORD001437,P0004,1,0.05,92.38
ORD001438,P0004,2,0.05,184.76
ORD001439,P0009,1,0.0,186.88
ORD001440,P0018,2,0.0,83.6
ORD001441,P0008,2,0.1,342.11
ORD001441,P0014,1,0.05,10.77
ORD001442,P0007,2,0.1,199.35
ORD001443,P0007,1,0.0,110.75
ORD001444,P0011,1,0.1,255.07
ORD001444,P0015,1,0.1,7.39
ORD001445,P0020,1,0.0,27.26
ORD001445,P0012,1,0.05,21.99
ORD001445,P0008,2,0.05,361.11
ORD001446,P0001,1,0.0,46.48
ORD001446,P0013,2,0.0,11.6
ORD001447,P0008,1,0.05,180.56
ORD001448,P0019,1,0.0,43.71
ORD001449,P0022,1,0.0,54.51
ORD001450,P0008,1,0.0,190.06
ORD001450,P0011,1,0.0,283.41
ORD001451,P0001,1,0.0,46.48
ORD001452,P0010,2,0.0,673.82
ORD001452,P0007,1,0.1,99.68
ORD001452,P0018,1,0.05,39.71
ORD001453,P0007,3,0.0,332.25
ORD001453,P0003,1,0.0,17.48
ORD001453,P0008,1,0.05,180.56
ORD001454,P0008,1,0.0,190.06
ORD001454,P0022,1,0.0,54.51
ORD001454,P0006,1,0.0,46.81
ORD001454,P0018,3,0.05,119.13
ORD001455,P0005,1,0.15,53.63
ORD001456,P0012,2,0.1,41.67
ORD001457,P0018,1,0.0,41.8
ORD001457,P0003,2,0.1,31.46
ORD001458,P0020,1,0.05,25.9
ORD001458,P0013,1,0.05,5.51
ORD001458,P0017,1,0.05,8.02
ORD001458,P0014,3,0.0,34.02
ORD001459,P0002,1,0.15,99.7
ORD001460,P0016,1,0.0,31.91
ORD001461,P0018,1,0.0,41.8
ORD001462,P0009,2,0.05,355.07
ORD001463,P0005,1,0.05,59.94
ORD001464,P0014,1,0.15,9.64
ORD001465,P0013,1,0.0,5.8
ORD001466,P0016,2,0.05,60.63
ORD001466,P0001,1,0.0,46.48
ORD001467,P0019,1,0.1,39.34
ORD001468,P0017,1,0.0,8.44
ORD001469,P0010,1,0.0,336.91
ORD001469,P0001,1,0.0,46.48
ORD001470,P0019,1,0.0,43.71
ORD001470,P0008,2,0.05,361.11
ORD001471,P0012,2,0.0,46.3
ORD001471,P0006,2,0.0,93.62
ORD001471,P0002,3,0.05,334.28
ORD001472,P0017,1,0.0,8.44
ORD001472,P0013,2,0.15,9.86
ORD001472,P0001,1,0.0,46.48
ORD001472,P0022,1,0.05,51.78
ORD001473,P0002,2,0.05,222.85
ORD001473,P0020,1,0.05,25.9
ORD001473,P0001,1,0.0,46.48
ORD001474,P0014,3,0.15,28.92
ORD001475,P0007,1,0.0,110.75
ORD001476,P0015,1,0.0,8.21
ORD001476,P0021,1,0.0,24.53
ORD001476,P0001,1,0.0,46.48
ORD001476,P0010,1,0.05,320.06
ORD001477,P0008,1,0.0,190.06
ORD001478,P0009,1,0.1,168.19
ORD001479,P0001,1,0.0,46.48
ORD001479,P0003,1,0.0,17.48
ORD001479,P0022,3,0.0,163.53
ORD001480,P0009,3,0.0,560.64
ORD001481,P0006,1,0.05,44.47
ORD001482,P0003,1,0.15,14.86
ORD001482,P0011,2,0.0,566.82
ORD001483,P0014,1,0.1,10.21
ORD001483,P0012,1,0.0,23.15
ORD001483,P0002,1,0.2,93.83
ORD001484,P0021,2,0.05,46.61
ORD001484,P0019,2,0.15,74.31
ORD001484,P0015,1,0.0,8.21
ORD001484,P0010,1,0.05,320.06
ORD001485,P0010,1,0.05,320.06
ORD001485,P0007,1,0.05,105.21
ORD001486,P0020,2,0.05,51.79
ORD001486,P0005,2,0.05,119.87
ORD001487,P0001,1,0.0,46.48
ORD001487,P0013,1,0.0,5.8
ORD001487,P0020,2,0.0,54.52
ORD001487,P0002,1,0.0,117.29
ORD001488,P0005,1,0.0,63.09
ORD001488,P0018,2,0.0,83.6
ORD001488,P0022,1,0.0,54.51
ORD001488,P0013,1,0.05,5.51
ORD001489,P0015,2,0.0,16.42
ORD001490,P0005,1,0.0,63.09
ORD001491,P0009,2,0.15,317.7
ORD001492,P0015,1,0.1,7.39
ORD001492,P0014,2,0.0,22.68
ORD001493,P0017,1,0.0,8.44
ORD001493,P0010,3,0.0,1010.73
ORD001494,P0015,1,0.15,6.98
ORD001495,P0019,1,0.05,41.52
ORD001496,P0001,1,0.1,41.83
ORD001497,P0012,2,0.1,41.67
ORD001498,P0016,1,0.0,31.91
ORD001499,P0022,2,0.05,103.57
ORD001499,P0013,1,0.0,5.8
ORD001500,P0016,1,0.2,25.53
ORD001501,P0006,1,0.0,46.81
ORD001502,P0014,1,0.0,11.34
ORD001503,P0016,1,0.0,31.91
ORD001503,P0014,1,0.05,10.77
ORD001504,P0010,2,0.1,606.44
ORD001505,P0013,1,0.0,5.8
ORD001505,P0016,1,0.1,28.72
ORD001506,P0003,2,0.0,34.96
ORD001507,P0001,1,0.0,46.48
ORD001507,P0005,1,0.05,59.94
ORD001507,P0007,1,0.15,94.14
ORD001507,P0018,2,0.0,83.6
ORD001508,P0005,1,0.0,63.09
ORD001508,P0017,1,0.0,8.44
ORD001508,P0020,1,0.15,23.17
ORD001509,P0022,2,0.0,109.02
ORD001509,P0007,1,0.0,110.75
ORD001509,P0014,1,0.05,10.77
ORD001509,P0020,1,0.1,24.53
ORD001510,P0014,2,0.0,22.68
ORD001510,P0008,1,0.1,171.05
ORD001511,P0007,3,0.0,332.25
ORD001511,P0005,1,0.05,59.94
ORD001511,P0012,2,0.0,46.3
ORD001511,P0019,1,0.15,37.15
ORD001512,P0013,3,0.05,16.53
ORD001513,P0009,1,0.0,186.88
ORD001514,P0020,2,0.05,51.79
ORD001514,P0007,3,0.0,332.25
ORD001514,P0013,2,0.0,11.6
ORD001514,P0001,1,0.1,41.83
ORD001515,P0009,3,0.1,504.58
ORD001515,P0014,2,0.05,21.55
ORD001516,P0007,1,0.1,99.68
ORD001517,P0022,1,0.0,54.51
ORD001518,P0001,1,0.1,41.83
ORD001518,P0012,1,0.15,19.68
ORD001518,P0018,1,0.05,39.71
ORD001519,P0019,1,0.0,43.71
ORD001520,P0003,1,0.1,15.73
ORD001520,P0021,1,0.0,24.53
ORD001520,P0004,1,0.0,97.24
ORD001521,P0006,1,0.15,39.79
ORD001522,P0016,1,0.0,31.91
ORD001523,P0004,1,0.0,97.24
ORD001523,P0017,1,0.15,7.17
ORD001523,P0007,2,0.2,177.2
ORD001524,P0016,1,0.05,30.31
ORD001524,P0004,3,0.0,291.72
ORD001525,P0014,1,0.0,11.34
ORD001526,P0012,1,0.0,23.15
ORD001527,P0010,1,0.1,303.22
ORD001528,P0008,1,0.05,180.56
ORD001529,P0006,3,0.05,133.41
ORD001529,P0002,3,0.0,351.87
ORD001529,P0010,1,0.05,320.06
ORD001529,P0021,1,0.05,23.3
ORD001530,P0006,1,0.0,46.81
ORD001530,P0005,1,0.0,63.09
ORD001531,P0007,2,0.1,199.35
ORD001531,P0006,3,0.0,140.43
ORD001531,P0005,3,0.0,189.27
ORD001531,P0012,1,0.0,23.15
ORD001532,P0018,1,0.0,41.8
ORD001532,P0019,1,0.0,43.71
ORD001533,P0009,1,0.0,186.88
ORD001534,P0019,1,0.05,41.52
ORD001534,P0016,1,0.0,31.91
ORD001535,P0020,1,0.1,24.53
ORD001535,P0005,2,0.2,100.94
ORD001536,P0010,1,0.15,286.37
ORD001537,P0022,2,0.0,109.02
ORD001537,P0017,1,0.1,7.6
ORD001537,P0003,1,0.0,17.48
ORD001538,P0019,3,0.05,124.57
ORD001539,P0015,2,0.05,15.6
ORD001539,P0001,1,0.0,46.48
ORD001539,P0016,1,0.1,28.72
ORD001540,P0008,2,0.0,380.12
ORD001540,P0017,1,0.15,7.17
ORD001541,P0009,1,0.0,186.88
ORD001542,P0012,1,0.0,23.15
ORD001543,P0004,1,0.15,82.65
ORD001544,P0021,1,0.0,24.53
ORD001544,P0011,1,0.0,283.41
ORD001544,P0009,1,0.0,186.88
ORD001544,P0018,1,0.0,41.8
ORD001545,P0019,1,0.0,43.71
ORD001546,P0008,1,0.0,190.06
ORD001546,P0014,1,0.15,9.64
ORD001547,P0010,3,0.0,1010.73
ORD001547,P0014,2,0.0,22.68
ORD001547,P0002,1,0.0,117.29
ORD001547,P0008,1,0.0,190.06
ORD001548,P0021,1,0.15,20.85
ORD001549,P0020,1,0.0,27.26
ORD001549,P0012,1,0.0,23.15
ORD001549,P0015,3,0.1,22.17
ORD001550,P0011,1,0.2,226.73
ORD001551,P0019,2,0.0,87.42
ORD001551,P0011,1,0.0,283.41
ORD001552,P0002,1,0.0,117.29
ORD001553,P0008,1,0.2,152.05
ORD001553,P0012,1,0.2,18.52
ORD001553,P0014,1,0.0,11.34
ORD001553,P0016,1,0.2,25.53
ORD001554,P0006,2,0.1,84.26
ORD001555,P0009,1,0.2,149.5
ORD001556,P0010,1,0.05,320.06
ORD001556,P0001,1,0.2,37.18
ORD001557,P0009,1,0.1,168.19
ORD001558,P0002,2,0.0,234.58
ORD001559,P0008,1,0.0,190.06
ORD001559,P0019,1,0.0,43.71
ORD001559,P0006,2,0.0,93.62
ORD001560,P0019,2,0.0,87.42
ORD001561,P0009,2,0.0,373.76
ORD001562,P0021,1,0.0,24.53
ORD001563,P0009,1,0.0,186.88
ORD001564,P0013,1,0.0,5.8
ORD001565,P0015,1,0.15,6.98
ORD001565,P0017,3,0.1,22.79
ORD001566,P0009,1,0.0,186.88
ORD001566,P0005,1,0.0,63.09
ORD001567,P0009,1,0.15,158.85
ORD001567,P0010,1,0.0,336.91
ORD001567,P0006,2,0.0,93.62
ORD001568,P0001,2,0.05,88.31
ORD001569,P0019,1,0.15,37.15
ORD001569,P0020,2,0.15,46.34
ORD001570,P0009,1,0.0,186.88
ORD001570,P0001,1,0.0,46.48
ORD001571,P0007,1,0.0,110.75
ORD001572,P0008,1,0.0,190.06
ORD001573,P0021,1,0.1,22.08
ORD001574,P0011,1,0.15,240.9
ORD001575,P0003,1,0.1,15.73
ORD001575,P0012,3,0.0,69.45
ORD001575,P0001,1,0.2,37.18
ORD001575,P0011,1,0.0,283.41
ORD001576,P0006,1,0.1,42.13
ORD001576,P0002,1,0.0,117.29
ORD001577,P0011,1,0.05,269.24
ORD001577,P0005,1,0.1,56.78
ORD001577,P0016,3,0.0,95.73
ORD001578,P0018,1,0.0,41.8
ORD001579,P0011,1,0.0,283.41
ORD001579,P0007,3,0.1,299.03
ORD001579,P0002,2,0.0,234.58
ORD001580,P0022,1,0.1,49.06
ORD001580,P0018,1,0.0,41.8
ORD001580,P0006,1,0.0,46.81
ORD001580,P0009,2,0.15,317.7
ORD001581,P0003,1,0.05,16.61
ORD001581,P0008,2,0.05,361.11
ORD001582,P0005,2,0.0,126.18
ORD001582,P0019,2,0.05,83.05
ORD001582,P0009,1,0.05,177.54
ORD001583,P0022,1,0.05,51.78
ORD001584,P0015,1,0.0,8.21
ORD001585,P0020,1,0.2,21.81
ORD001585,P0007,3,0.05,315.64
ORD001585,P0016,1,0.0,31.91
ORD001586,P0003,1,0.0,17.48
ORD001586,P0014,1,0.0,11.34
ORD001586,P0012,1,0.2,18.52
ORD001587,P0017,2,0.05,16.04
ORD001588,P0014,1,0.0,11.34
ORD001588,P0005,1,0.05,59.94
ORD001588,P0003,1,0.1,15.73
ORD001589,P0022,2,0.0,109.02
ORD001589,P0015,3,0.0,24.63
ORD001589,P0011,2,0.05,538.48
ORD001590,P0010,2,0.0,673.82
ORD001591,P0022,1,0.1,49.06
ORD001592,P0019,1,0.0,43.71
ORD001593,P0004,1,0.15,82.65
ORD001593,P0009,1,0.05,177.54
ORD001594,P0009,1,0.05,177.54
ORD001595,P0010,2,0.0,673.82
ORD001596,P0012,1,0.1,20.84
ORD001596,P0006,1,0.05,44.47
ORD001597,P0019,3,0.0,131.13
ORD001597,P0020,3,0.0,81.78
ORD001597,P0016,2,0.0,63.82
ORD001598,P0001,2,0.0,92.96
ORD001598,P0007,1,0.0,110.75
ORD001598,P0002,1,0.0,117.29
ORD001599,P0010,1,0.0,336.91
ORD001599,P0009,1,0.0,186.88
ORD001599,P0021,1,0.0,24.53
ORD001600,P0004,2,0.05,184.76
ORD001600,P0012,1,0.0,23.15
ORD001600,P0017,1,0.0,8.44
ORD001601,P0022,1,0.1,49.06
ORD001601,P0002,1,0.0,117.29
ORD001601,P0016,2,0.0,63.82
ORD001602,P0004,2,0.0,194.48
ORD001602,P0012,1,0.2,18.52
ORD001602,P0015,1,0.05,7.8
ORD001603,P0013,1,0.05,5.51
ORD001603,P0002,1,0.0,117.29
ORD001603,P0010,2,0.0,673.82
ORD001604,P0020,3,0.05,77.69
ORD001604,P0003,1,0.1,15.73
ORD001604,P0008,1,0.0,190.06
ORD001605,P0017,1,0.1,7.6
ORD001606,P0016,1,0.05,30.31
ORD001606,P0001,1,0.0,46.48
ORD001606,P0015,1,0.05,7.8
ORD001607,P0019,3,0.05,124.57
ORD001607,P0003,1,0.0,17.48
ORD001607,P0021,3,0.0,73.59
ORD001608,P0016,1,0.05,30.31
ORD001609,P0015,1,0.0,8.21
ORD001610,P0003,1,0.0,17.48
ORD001611,P0012,1,0.0,23.15
ORD001611,P0005,1,0.2,50.47
ORD001611,P0015,1,0.0,8.21
ORD001611,P0003,3,0.1,47.2
ORD001612,P0003,2,0.1,31.46
ORD001612,P0013,1,0.0,5.8
ORD001613,P0017,2,0.0,16.88
ORD001613,P0020,1,0.0,27.26
ORD001613,P0013,1,0.05,5.51
ORD001614,P0005,1,0.0,63.09
ORD001615,P0020,2,0.0,54.52
ORD001615,P0017,1,0.0,8.44
ORD001616,P0007,2,0.0,221.5
ORD001616,P0012,1,0.2,18.52
ORD001617,P0012,3,0.15,59.03
ORD001617,P0001,1,0.15,39.51
ORD001617,P0019,2,0.0,87.42
ORD001618,P0022,1,0.0,54.51
ORD001618,P0004,1,0.1,87.52
ORD001618,P0012,1,0.0,23.15
ORD001619,P0015,1,0.15,6.98
ORD001619,P0004,1,0.15,82.65
ORD001620,P0016,1,0.1,28.72
ORD001621,P0014,2,0.0,22.68
ORD001621,P0012,1,0.0,23.15
ORD001622,P0019,1,0.0,43.71
ORD001622,P0022,1,0.0,54.51
ORD001622,P0007,1,0.15,94.14
ORD001622,P0018,2,0.1,75.24
ORD001623,P0011,2,0.0,566.82
ORD001624,P0020,1,0.0,27.26
ORD001625,P0019,2,0.0,87.42
ORD001626,P0009,1,0.0,186.88
ORD001626,P0013,1,0.0,5.8
ORD001626,P0003,1,0.1,15.73
ORD001627,P0011,1,0.0,283.41
ORD001627,P0009,1,0.05,177.54
ORD001628,P0002,1,0.0,117.29
ORD001628,P0009,2,0.0,373.76
ORD001628,P0020,3,0.15,69.51
ORD001628,P0004,1,0.0,97.24
ORD001629,P0002,1,0.0,117.29
ORD001629,P0019,2,0.0,87.42
ORD001629,P0005,1,0.0,63.09
ORD001630,P0022,3,0.05,155.35
ORD001631,P0010,1,0.0,336.91
ORD001632,P0011,1,0.0,283.41
ORD001633,P0005,1,0.0,63.09
ORD001633,P0021,1,0.0,24.53
ORD001633,P0017,1,0.05,8.02
ORD001634,P0016,1,0.0,31.91
ORD001634,P0018,2,0.2,66.88
ORD001635,P0004,1,0.0,97.24
ORD001635,P0016,1,0.15,27.12
ORD001636,P0018,2,0.0,83.6
ORD001637,P0001,2,0.0,92.96
ORD001637,P0005,2,0.0,126.18
ORD001638,P0018,1,0.0,41.8
ORD001638,P0020,1,0.0,27.26
ORD001638,P0006,1,0.0,46.81
ORD001638,P0003,1,0.05,16.61
ORD001639,P0020,1,0.05,25.9
ORD001639,P0011,1,0.0,283.41
ORD001640,P0009,1,0.05,177.54
ORD001641,P0005,1,0.15,53.63
ORD001641,P0010,1,0.05,320.06
ORD001642,P0020,2,0.1,49.07
ORD001643,P0015,1,0.0,8.21
ORD001643,P0012,1,0.05,21.99
ORD001643,P0011,2,0.0,566.82
ORD001644,P0017,3,0.0,25.32
ORD001645,P0002,2,0.0,234.58
ORD001646,P0015,1,0.15,6.98
ORD001646,P0004,1,0.1,87.52
ORD001646,P0010,1,0.0,336.91
ORD001647,P0012,1,0.05,21.99
ORD001647,P0018,1,0.1,37.62
ORD001648,P0022,1,0.0,54.51
ORD001649,P0015,3,0.0,24.63
ORD001649,P0019,1,0.0,43.71
ORD001650,P0001,3,0.05,132.47
ORD001650,P0018,1,0.0,41.8
ORD001650,P0002,2,0.0,234.58
ORD001651,P0018,1,0.0,41.8
ORD001652,P0004,1,0.0,97.24
ORD001652,P0017,1,0.0,8.44
ORD001652,P0022,3,0.2,130.82
ORD001653,P0007,3,0.0,332.25
ORD001654,P0007,1,0.1,99.68
ORD001654,P0016,1,0.05,30.31
ORD001655,P0012,1,0.15,19.68
ORD001655,P0004,1,0.2,77.79
ORD001655,P0016,1,0.0,31.91
ORD001656,P0009,1,0.2,149.5
ORD001656,P0020,1,0.0,27.26
ORD001657,P0021,1,0.05,23.3
ORD001658,P0019,3,0.0,131.13
ORD001659,P0006,1,0.0,46.81
ORD001659,P0001,1,0.0,46.48
ORD001659,P0008,3,0.0,570.18
ORD001660,P0012,1,0.0,23.15
ORD001660,P0013,1,0.0,5.8
ORD001660,P0006,1,0.1,42.13
ORD001660,P0007,2,0.0,221.5
ORD001661,P0003,1,0.0,17.48
ORD001661,P0004,1,0.0,97.24
ORD001662,P0020,1,0.05,25.9
ORD001662,P0002,2,0.1,211.12
ORD001663,P0021,1,0.05,23.3
ORD001663,P0008,1,0.1,171.05
ORD001663,P0002,2,0.0,234.58
ORD001664,P0010,1,0.2,269.53
ORD001665,P0014,3,0.15,28.92
ORD001665,P0003,1,0.0,17.48
ORD001666,P0015,1,0.0,8.21
ORD001667,P0021,3,0.0,73.59
ORD001667,P0002,1,0.05,111.43
ORD001668,P0006,1,0.15,39.79
ORD001669,P0017,1,0.15,7.17
ORD001669,P0002,3,0.0,351.87
ORD001670,P0002,2,0.0,234.58
ORD001670,P0020,1,0.05,25.9
ORD001671,P0007,1,0.0,110.75
ORD001671,P0003,2,0.05,33.21
ORD001671,P0022,1,0.0,54.51
ORD001671,P0008,1,0.0,190.06
ORD001672,P0005,1,0.05,59.94
ORD001672,P0007,1,0.05,105.21
ORD001673,P0012,1,0.2,18.52
ORD001673,P0005,1,0.05,59.94
ORD001674,P0016,1,0.05,30.31
ORD001675,P0010,1,0.0,336.91
ORD001675,P0019,1,0.1,39.34
ORD001675,P0021,1,0.05,23.3
ORD001675,P0014,1,0.0,11.34
ORD001676,P0003,2,0.05,33.21
ORD001677,P0011,1,0.15,240.9
ORD001678,P0001,1,0.0,46.48
ORD001679,P0016,1,0.15,27.12
ORD001680,P0006,1,0.15,39.79
ORD001680,P0020,1,0.15,23.17
ORD001680,P0013,2,0.0,11.6
ORD001680,P0011,2,0.05,538.48
ORD001681,P0014,1,0.15,9.64
ORD001681,P0015,2,0.0,16.42
ORD001681,P0011,1,0.0,283.41
ORD001681,P0019,1,0.0,43.71
ORD001682,P0004,1,0.05,92.38
ORD001683,P0014,1,0.0,11.34
ORD001684,P0006,1,0.1,42.13
ORD001685,P0012,2,0.0,46.3
ORD001686,P0016,2,0.0,63.82
ORD001687,P0002,1,0.1,105.56
ORD001687,P0019,1,0.0,43.71
ORD001688,P0016,1,0.0,31.91
ORD001689,P0001,1,0.05,44.16
ORD001690,P0015,1,0.0,8.21
ORD001690,P0016,3,0.0,95.73
ORD001691,P0010,1,0.1,303.22
ORD001692,P0002,2,0.0,234.58
ORD001693,P0004,2,0.0,194.48
ORD001694,P0011,2,0.0,566.82
ORD001694,P0009,1,0.1,168.19
ORD001695,P0019,1,0.0,43.71
ORD001695,P0013,1,0.0,5.8
ORD001696,P0015,1,0.0,8.21
ORD001696,P0021,1,0.1,22.08
ORD001697,P0002,1,0.0,117.29
ORD001698,P0016,1,0.0,31.91
ORD001699,P0012,1,0.1,20.84
ORD001699,P0002,2,0.05,222.85
ORD001700,P0019,1,0.0,43.71
ORD001700,P0009,1,0.0,186.88
ORD001701,P0005,1,0.05,59.94
ORD001701,P0020,1,0.1,24.53
ORD001702,P0006,1,0.0,46.81
ORD001703,P0021,1,0.1,22.08
ORD001704,P0009,1,0.1,168.19
ORD001704,P0015,1,0.15,6.98
ORD001704,P0002,1,0.05,111.43
ORD001704,P0004,1,0.05,92.38
ORD001705,P0013,2,0.2,9.28
ORD001705,P0021,1,0.15,20.85
ORD001706,P0022,1,0.15,46.33
ORD001707,P0020,1,0.2,21.81
ORD001708,P0016,2,0.05,60.63
ORD001709,P0008,1,0.2,152.05
ORD001710,P0013,2,0.0,11.6
ORD001710,P0011,1,0.1,255.07
ORD001711,P0010,3,0.0,1010.73
ORD001712,P0015,1,0.0,8.21
ORD001713,P0003,1,0.1,15.73
ORD001713,P0019,1,0.0,43.71
ORD001714,P0007,1,0.1,99.68
ORD001715,P0011,1,0.0,283.41
ORD001715,P0008,1,0.15,161.55
ORD001716,P0015,1,0.0,8.21
ORD001717,P0008,1,0.0,190.06
ORD001717,P0022,1,0.0,54.51
ORD001718,P0020,1,0.05,25.9
ORD001718,P0004,1,0.05,92.38
ORD001719,P0014,1,0.05,10.77
ORD001719,P0003,1,0.0,17.48
ORD001720,P0009,1,0.0,186.88
ORD001720,P0005,3,0.2,151.42
ORD001720,P0006,2,0.0,93.62
ORD001720,P0008,2,0.15,323.1
ORD001721,P0008,1,0.2,152.05
ORD001721,P0022,1,0.0,54.51
ORD001721,P0012,2,0.0,46.3
ORD001722,P0015,1,0.0,8.21
ORD001722,P0005,1,0.1,56.78
ORD001723,P0012,1,0.05,21.99
ORD001724,P0006,1,0.0,46.81
ORD001725,P0008,2,0.05,361.11
ORD001725,P0010,1,0.0,336.91
ORD001725,P0020,1,0.0,27.26
ORD001726,P0012,3,0.05,65.98
ORD001727,P0022,1,0.0,54.51
ORD001728,P0018,1,0.05,39.71
ORD001728,P0001,1,0.0,46.48
ORD001728,P0020,2,0.0,54.52
ORD001728,P0021,1,0.2,19.62
ORD001729,P0012,1,0.15,19.68
ORD001730,P0003,1,0.0,17.48
ORD001730,P0001,1,0.0,46.48
ORD001731,P0007,1,0.05,105.21
ORD001732,P0009,1,0.05,177.54
ORD001733,P0022,1,0.0,54.51
ORD001733,P0006,2,0.1,84.26
ORD001733,P0004,1,0.0,97.24
ORD001734,P0013,1,0.0,5.8
ORD001735,P0003,3,0.0,52.44
ORD001736,P0003,2,0.1,31.46
ORD001737,P0015,1,0.0,8.21
ORD001737,P0020,1,0.15,23.17
ORD001738,P0007,3,0.05,315.64
ORD001739,P0009,1,0.05,177.54
ORD001740,P0004,2,0.15,165.31
ORD001741,P0001,1,0.0,46.48
ORD001741,P0021,1,0.15,20.85
ORD001741,P0004,2,0.0,194.48
ORD001742,P0008,1,0.05,180.56
ORD001743,P0014,1,0.05,10.77
ORD001743,P0009,1,0.05,177.54
ORD001743,P0003,1,0.15,14.86
ORD001744,P0002,1,0.1,105.56
ORD001744,P0013,1,0.15,4.93
ORD001745,P0018,1,0.05,39.71
ORD001745,P0012,1,0.0,23.15
ORD001745,P0020,1,0.0,27.26
ORD001745,P0004,1,0.2,77.79
ORD001746,P0012,1,0.0,23.15
ORD001746,P0003,1,0.05,16.61
ORD001747,P0016,1,0.1,28.72
ORD001748,P0009,1,0.15,158.85
ORD001748,P0015,1,0.2,6.57
ORD001748,P0002,2,0.1,211.12
ORD001749,P0005,2,0.2,100.94
ORD001749,P0017,1,0.0,8.44
ORD001749,P0016,2,0.0,63.82
ORD001749,P0008,1,0.0,190.06
ORD001750,P0004,2,0.05,184.76
ORD001751,P0004,1,0.05,92.38
ORD001752,P0013,3,0.0,17.4
ORD001753,P0002,1,0.0,117.29
ORD001753,P0013,2,0.15,9.86
ORD001753,P0021,1,0.0,24.53
ORD001754,P0016,1,0.05,30.31
ORD001754,P0006,1,0.15,39.79
ORD001754,P0022,1,0.15,46.33
ORD001755,P0004,1,0.1,87.52
ORD001756,P0022,1,0.0,54.51
ORD001757,P0016,1,0.0,31.91
ORD001758,P0012,1,0.0,23.15
ORD001759,P0001,2,0.1,83.66
ORD001760,P0008,1,0.05,180.56
ORD001760,P0006,2,0.2,74.9
ORD001761,P0005,1,0.1,56.78
ORD001762,P0013,3,0.0,17.4
ORD001762,P0014,2,0.0,22.68
ORD001762,P0005,1,0.05,59.94
ORD001762,P0017,2,0.0,16.88
ORD001763,P0005,1,0.0,63.09
ORD001764,P0016,1,0.1,28.72
ORD001764,P0021,3,0.05,69.91
ORD001765,P0010,1,0.0,336.91
ORD001765,P0017,1,0.0,8.44
ORD001766,P0017,1,0.15,7.17
ORD001767,P0022,1,0.0,54.51
ORD001768,P0019,1,0.1,39.34
ORD001768,P0014,2,0.1,20.41
ORD001768,P0001,1,0.0,46.48
ORD001769,P0001,1,0.0,46.48
ORD001769,P0009,1,0.05,177.54
ORD001770,P0001,3,0.0,139.44
ORD001770,P0020,1,0.0,27.26
ORD001771,P0004,1,0.0,97.24
ORD001772,P0015,3,0.0,24.63
ORD001772,P0004,1,0.05,92.38
ORD001772,P0014,2,0.2,18.14
ORD001773,P0020,2,0.05,51.79
ORD001773,P0012,1,0.05,21.99
ORD001774,P0009,2,0.0,373.76
ORD001774,P0021,2,0.1,44.15
ORD001775,P0001,3,0.0,139.44
ORD001776,P0008,1,0.05,180.56
ORD001777,P0022,1,0.0,54.51
ORD001778,P0021,2,0.0,49.06
ORD001779,P0003,1,0.05,16.61
ORD001779,P0011,1,0.2,226.73
ORD001779,P0022,1,0.0,54.51
ORD001780,P0012,1,0.0,23.15
ORD001780,P0009,2,0.0,373.76
ORD001781,P0013,3,0.0,17.4
ORD001781,P0012,1,0.0,23.15
ORD001781,P0016,1,0.05,30.31
ORD001782,P0015,2,0.0,16.42
ORD001782,P0013,1,0.0,5.8
ORD001783,P0017,2,0.0,16.88
ORD001783,P0015,1,0.0,8.21
ORD001784,P0011,1,0.15,240.9
ORD001785,P0017,1,0.1,7.6
ORD001786,P0020,1,0.0,27.26
ORD001787,P0007,1,0.15,94.14
ORD001787,P0020,1,0.05,25.9
ORD001787,P0010,2,0.05,640.13
ORD001788,P0010,1,0.05,320.06
ORD001789,P0004,1,0.15,82.65
ORD001790,P0008,1,0.0,190.06
ORD001791,P0018,3,0.05,119.13
ORD001792,P0019,2,0.0,87.42
ORD001792,P0001,1,0.05,44.16
ORD001792,P0003,1,0.0,17.48
ORD001793,P0021,1,0.05,23.3
ORD001793,P0006,2,0.0,93.62
ORD001794,P0022,1,0.2,43.61
ORD001794,P0003,1,0.05,16.61
ORD001794,P0019,1,0.05,41.52
ORD001794,P0012,2,0.0,46.3
ORD001795,P0005,1,0.05,59.94
ORD001796,P0007,1,0.1,99.68
ORD001797,P0004,1,0.05,92.38
ORD001798,P0010,1,0.0,336.91
ORD001799,P0019,3,0.15,111.46
ORD001800,P0010,1,0.15,286.37
ORD001800,P0004,1,0.0,97.24
ORD001800,P0006,3,0.0,140.43
ORD001800,P0020,1,0.0,27.26
ORD001801,P0004,1,0.05,92.38
ORD001801,P0022,1,0.05,51.78
ORD001801,P0005,2,0.05,119.87
ORD001801,P0021,1,0.15,20.85
ORD001802,P0003,1,0.05,16.61
ORD001802,P0001,2,0.05,88.31
ORD001803,P0015,1,0.0,8.21
ORD001804,P0003,1,0.15,14.86
ORD001805,P0010,1,0.05,320.06
ORD001805,P0005,2,0.0,126.18
ORD001806,P0020,1,0.0,27.26
ORD001807,P0003,1,0.15,14.86
ORD001807,P0020,3,0.15,69.51
ORD001807,P0015,1,0.05,7.8
ORD001808,P0004,1,0.0,97.24
ORD001809,P0022,1,0.0,54.51
ORD001810,P0003,2,0.0,34.96
ORD001810,P0009,3,0.15,476.54
ORD001811,P0005,1,0.0,63.09
ORD001811,P0017,1,0.1,7.6
ORD001812,P0019,2,0.1,78.68
ORD001812,P0003,1,0.0,17.48
ORD001813,P0003,1,0.1,15.73
ORD001814,P0009,3,0.0,560.64
ORD001815,P0020,1,0.15,23.17
ORD001816,P0013,2,0.0,11.6
ORD001817,P0022,2,0.05,103.57
ORD001818,P0015,2,0.0,16.42
ORD001819,P0011,1,0.05,269.24
ORD001820,P0001,1,0.1,41.83
ORD001821,P0020,1,0.0,27.26
ORD001821,P0009,2,0.0,373.76
ORD001822,P0003,1,0.0,17.48
ORD001823,P0015,1,0.0,8.21
ORD001824,P0010,1,0.0,336.91
ORD001824,P0001,2,0.05,88.31
ORD001825,P0015,1,0.0,8.21
ORD001826,P0008,3,0.1,513.16
ORD001826,P0010,1,0.05,320.06
ORD001826,P0014,1,0.1,10.21
ORD001827,P0020,1,0.0,27.26
ORD001827,P0006,1,0.1,42.13
ORD001828,P0022,1,0.0,54.51
ORD001828,P0005,1,0.05,59.94
ORD001829,P0021,1,0.0,24.53
ORD001829,P0022,1,0.0,54.51
ORD001829,P0002,1,0.0,117.29
ORD001829,P0003,1,0.1,15.73
ORD001830,P0004,2,0.05,184.76
ORD001830,P0011,3,0.05,807.72
ORD001830,P0013,2,0.0,11.6
ORD001831,P0006,1,0.1,42.13
ORD001831,P0021,1,0.0,24.53
ORD001832,P0010,1,0.0,336.91
ORD001832,P0019,1,0.15,37.15
ORD001832,P0017,2,0.05,16.04
ORD001832,P0021,1,0.0,24.53
ORD001833,P0019,1,0.15,37.15
ORD001834,P0007,2,0.05,210.42
ORD001834,P0005,1,0.15,53.63
ORD001835,P0007,1,0.1,99.68
ORD001835,P0005,1,0.2,50.47
ORD001835,P0003,1,0.0,17.48
ORD001836,P0005,1,0.0,63.09
ORD001836,P0002,3,0.05,334.28
ORD001837,P0014,1,0.1,10.21
ORD001837,P0002,1,0.1,105.56
ORD001837,P0007,1,0.0,110.75
ORD001838,P0016,1,0.05,30.31
ORD001838,P0012,1,0.0,23.15
ORD001839,P0011,2,0.05,538.48
ORD001839,P0015,2,0.0,16.42
ORD001840,P0001,1,0.0,46.48
ORD001841,P0001,1,0.0,46.48
ORD001842,P0010,1,0.0,336.91
ORD001843,P0007,1,0.15,94.14
ORD001844,P0003,2,0.1,31.46
ORD001844,P0006,1,0.0,46.81
ORD001845,P0020,1,0.0,27.26
ORD001845,P0003,1,0.0,17.48
ORD001845,P0001,1,0.0,46.48
ORD001846,P0002,1,0.1,105.56
ORD001847,P0001,1,0.05,44.16
ORD001847,P0002,1,0.0,117.29
ORD001848,P0007,2,0.2,177.2
ORD001849,P0018,2,0.05,79.42
ORD001849,P0022,1,0.15,46.33
ORD001850,P0005,1,0.15,53.63
ORD001850,P0002,2,0.0,234.58
ORD001850,P0015,1,0.0,8.21
ORD001851,P0008,1,0.0,190.06
ORD001852,P0019,2,0.2,69.94
ORD001853,P0020,1,0.0,27.26
ORD001853,P0005,1,0.0,63.09
ORD001854,P0004,1,0.0,97.24
ORD001855,P0014,2,0.0,22.68
ORD001856,P0008,2,0.0,380.12
ORD001857,P0021,2,0.0,49.06
ORD001858,P0013,1,0.0,5.8
ORD001859,P0001,1,0.0,46.48
ORD001859,P0022,2,0.0,109.02
ORD001859,P0002,2,0.1,211.12
ORD001860,P0017,2,0.1,15.19
ORD001861,P0016,1,0.0,31.91
ORD001861,P0021,3,0.05,69.91
ORD001861,P0018,2,0.05,79.42
ORD001862,P0014,2,0.05,21.55
ORD001862,P0020,1,0.05,25.9
ORD001862,P0019,1,0.0,43.71
ORD001862,P0008,1,0.0,190.06
ORD001863,P0015,1,0.0,8.21
ORD001863,P0012,1,0.0,23.15
ORD001864,P0022,2,0.1,98.12
ORD001865,P0020,1,0.0,27.26
ORD001866,P0015,2,0.0,16.42
ORD001866,P0019,1,0.0,43.71
ORD001867,P0016,3,0.05,90.94
ORD001868,P0008,1,0.0,190.06
ORD001869,P0021,1,0.0,24.53
ORD001869,P0012,1,0.0,23.15
ORD001870,P0001,2,0.2,74.37
ORD001870,P0009,1,0.1,168.19
ORD001871,P0022,1,0.0,54.51
ORD001872,P0007,1,0.0,110.75
ORD001872,P0010,2,0.0,673.82
ORD001873,P0019,2,0.05,83.05
ORD001873,P0015,3,0.0,24.63
ORD001873,P0004,1,0.1,87.52
ORD001874,P0008,1,0.0,190.06
ORD001875,P0014,3,0.0,34.02
ORD001876,P0016,1,0.0,31.91
ORD001876,P0010,2,0.05,640.13
ORD001877,P0001,1,0.05,44.16
ORD001877,P0012,1,0.1,20.84
ORD001877,P0013,1,0.1,5.22
ORD001878,P0019,1,0.1,39.34
ORD001879,P0020,1,0.0,27.26
ORD001880,P0009,1,0.2,149.5
ORD001880,P0006,2,0.1,84.26
ORD001880,P0004,1,0.0,97.24
ORD001881,P0018,1,0.0,41.8
ORD001881,P0002,1,0.0,117.29
ORD001881,P0021,1,0.0,24.53
ORD001882,P0007,1,0.0,110.75
ORD001882,P0011,3,0.15,722.7
ORD001883,P0008,1,0.1,171.05
ORD001883,P0003,1,0.0,17.48
ORD001884,P0004,3,0.05,277.13
ORD001884,P0018,2,0.05,79.42
ORD001885,P0008,1,0.05,180.56
ORD001886,P0021,3,0.2,58.87
ORD001886,P0019,1,0.0,43.71
ORD001886,P0022,1,0.05,51.78
ORD001887,P0001,1,0.0,46.48
ORD001888,P0015,2,0.05,15.6
ORD001889,P0022,1,0.05,51.78
ORD001889,P0010,1,0.0,336.91
ORD001890,P0011,1,0.05,269.24
ORD001890,P0009,2,0.05,355.07
ORD001890,P0012,1,0.0,23.15
ORD001891,P0015,1,0.0,8.21
ORD001891,P0014,1,0.0,11.34
ORD001892,P0003,1,0.15,14.86
ORD001892,P0009,1,0.05,177.54
ORD001892,P0004,1,0.1,87.52
ORD001893,P0014,3,0.0,34.02
ORD001893,P0015,2,0.05,15.6
ORD001894,P0011,2,0.05,538.48
ORD001895,P0018,1,0.1,37.62
ORD001896,P0017,2,0.0,16.88
ORD001896,P0004,1,0.0,97.24
ORD001896,P0015,1,0.05,7.8
ORD001897,P0015,2,0.0,16.42
ORD001897,P0016,1,0.0,31.91
ORD001898,P0021,1,0.0,24.53
ORD001898,P0009,1,0.2,149.5
ORD001899,P0017,1,0.0,8.44
ORD001899,P0018,3,0.0,125.4
ORD001900,P0011,1,0.0,283.41
ORD001901,P0020,1,0.0,27.26
ORD001901,P0008,2,0.0,380.12
ORD001901,P0011,1,0.0,283.41
ORD001901,P0014,2,0.0,22.68
ORD001902,P0005,2,0.1,113.56
ORD001903,P0022,2,0.05,103.57
ORD001903,P0004,1,0.0,97.24
ORD001903,P0014,2,0.05,21.55
ORD001904,P0010,1,0.1,303.22
ORD001905,P0011,3,0.0,850.23
ORD001905,P0003,1,0.05,16.61
ORD001905,P0001,1,0.0,46.48
ORD001906,P0019,1,0.1,39.34
ORD001907,P0005,1,0.1,56.78
ORD001907,P0007,1,0.0,110.75
ORD001908,P0020,1,0.05,25.9
ORD001909,P0002,1,0.15,99.7
ORD001909,P0021,3,0.15,62.55
ORD001909,P0007,3,0.1,299.03
ORD001909,P0005,1,0.05,59.94
ORD001910,P0017,1,0.15,7.17
ORD001910,P0009,2,0.0,373.76
ORD001911,P0001,3,0.0,139.44
ORD001912,P0006,1,0.0,46.81
ORD001912,P0007,1,0.15,94.14
ORD001913,P0004,1,0.2,77.79
ORD001913,P0012,1,0.1,20.84
ORD001914,P0002,1,0.2,93.83
ORD001914,P0007,2,0.2,177.2
ORD001915,P0002,1,0.1,105.56
ORD001915,P0014,1,0.05,10.77
ORD001916,P0018,2,0.05,79.42
ORD001917,P0008,1,0.05,180.56
ORD001917,P0020,1,0.1,24.53
ORD001917,P0001,1,0.15,39.51
ORD001918,P0016,1,0.0,31.91
ORD001918,P0018,1,0.05,39.71
ORD001918,P0011,2,0.1,510.14
ORD001919,P0014,1,0.0,11.34
ORD001920,P0010,1,0.05,320.06
ORD001921,P0009,1,0.0,186.88
ORD001922,P0007,1,0.0,110.75
ORD001922,P0009,1,0.0,186.88
ORD001922,P0008,1,0.0,190.06
ORD001923,P0011,1,0.15,240.9
ORD001923,P0010,1,0.15,286.37
ORD001924,P0013,1,0.15,4.93
ORD001925,P0019,1,0.1,39.34
ORD001926,P0011,1,0.15,240.9
ORD001926,P0012,1,0.1,20.84
ORD001927,P0003,2,0.1,31.46
ORD001928,P0019,2,0.0,87.42
ORD001928,P0016,3,0.15,81.37
ORD001929,P0003,1,0.0,17.48
ORD001930,P0016,3,0.2,76.58
ORD001931,P0002,1,0.1,105.56
ORD001931,P0007,1,0.15,94.14
ORD001932,P0009,1,0.0,186.88
ORD001932,P0019,1,0.0,43.71
ORD001932,P0021,1,0.0,24.53
ORD001933,P0007,1,0.0,110.75
ORD001933,P0008,1,0.0,190.06
ORD001933,P0005,2,0.2,100.94
ORD001934,P0004,1,0.1,87.52
ORD001935,P0021,1,0.0,24.53
ORD001935,P0013,1,0.0,5.8
ORD001936,P0017,1,0.0,8.44
ORD001937,P0013,1,0.0,5.8
ORD001938,P0006,1,0.0,46.81
ORD001939,P0022,1,0.0,54.51
ORD001940,P0012,1,0.0,23.15
ORD001941,P0018,2,0.2,66.88
ORD001941,P0021,1,0.05,23.3
ORD001941,P0008,2,0.0,380.12
ORD001942,P0002,1,0.0,117.29
ORD001942,P0020,1,0.05,25.9
ORD001942,P0016,1,0.0,31.91
ORD001943,P0014,3,0.2,27.22
ORD001943,P0007,2,0.05,210.42
ORD001944,P0009,1,0.1,168.19
ORD001945,P0003,3,0.1,47.2
ORD001946,P0011,2,0.05,538.48
ORD001947,P0003,2,0.0,34.96
ORD001947,P0005,1,0.1,56.78
ORD001947,P0010,1,0.2,269.53
ORD001948,P0005,2,0.2,100.94
ORD001949,P0005,2,0.0,126.18
ORD001949,P0014,1,0.15,9.64
ORD001950,P0005,1,0.05,59.94
ORD001950,P0001,1,0.0,46.48
ORD001951,P0007,1,0.15,94.14
ORD001951,P0001,1,0.0,46.48
ORD001952,P0022,1,0.0,54.51
ORD001953,P0007,3,0.05,315.64
ORD001953,P0014,1,0.05,10.77
ORD001954,P0013,1,0.0,5.8
ORD001955,P0015,1,0.05,7.8
ORD001956,P0018,1,0.0,41.8
ORD001956,P0012,1,0.0,23.15
ORD001956,P0011,2,0.0,566.82
ORD001957,P0019,1,0.0,43.71
ORD001957,P0001,2,0.0,92.96
ORD001957,P0018,1,0.0,41.8
ORD001958,P0016,2,0.0,63.82
ORD001958,P0003,1,0.15,14.86
ORD001958,P0007,2,0.1,199.35
ORD001959,P0020,1,0.0,27.26
ORD001960,P0011,1,0.05,269.24
ORD001961,P0008,1,0.05,180.56
ORD001962,P0009,2,0.0,373.76
ORD001963,P0002,2,0.0,234.58
ORD001963,P0006,1,0.0,46.81
ORD001963,P0021,1,0.0,24.53
ORD001963,P0013,1,0.0,5.8
ORD001964,P0012,1,0.0,23.15
ORD001964,P0001,2,0.0,92.96
ORD001964,P0017,2,0.15,14.35
ORD001965,P0011,1,0.0,283.41
ORD001966,P0003,1,0.0,17.48
ORD001967,P0014,1,0.0,11.34
ORD001967,P0019,2,0.2,69.94
ORD001968,P0010,1,0.0,336.91
ORD001969,P0016,3,0.0,95.73
ORD001969,P0018,2,0.1,75.24
ORD001970,P0001,1,0.0,46.48
ORD001971,P0003,1,0.0,17.48
ORD001971,P0007,1,0.05,105.21
ORD001972,P0011,1,0.0,283.41
ORD001972,P0021,1,0.0,24.53
ORD001973,P0019,3,0.0,131.13
ORD001973,P0017,1,0.0,8.44
ORD001974,P0014,1,0.0,11.34
ORD001974,P0004,2,0.15,165.31
ORD001975,P0013,3,0.1,15.66
ORD001975,P0010,1,0.05,320.06
ORD001975,P0002,1,0.05,111.43
ORD001976,P0002,1,0.1,105.56
ORD001977,P0015,1,0.0,8.21
ORD001977,P0007,1,0.15,94.14
ORD001977,P0011,1,0.0,283.41
ORD001977,P0010,1,0.1,303.22
ORD001978,P0014,1,0.05,10.77
ORD001978,P0012,2,0.05,43.98
ORD001979,P0004,1,0.15,82.65
ORD001979,P0019,1,0.0,43.71
ORD001979,P0002,1,0.0,117.29
ORD001980,P0005,1,0.1,56.78
ORD001980,P0017,1,0.1,7.6
ORD001981,P0005,1,0.0,63.09
ORD001981,P0014,1,0.1,10.21
ORD001981,P0010,2,0.1,606.44
ORD001982,P0001,1,0.1,41.83
ORD001982,P0003,1,0.05,16.61
ORD001983,P0005,1,0.15,53.63
ORD001983,P0015,1,0.05,7.8
ORD001983,P0018,2,0.0,83.6
ORD001983,P0003,1,0.0,17.48
ORD001984,P0020,1,0.0,27.26
ORD001984,P0002,2,0.1,211.12
ORD001984,P0001,2,0.05,88.31
ORD001985,P0004,1,0.05,92.38
ORD001985,P0012,1,0.05,21.99
ORD001986,P0021,2,0.1,44.15
ORD001986,P0020,1,0.1,24.53
ORD001986,P0001,1,0.05,44.16
ORD001986,P0019,1,0.15,37.15
ORD001987,P0008,2,0.0,380.12
ORD001987,P0017,1,0.0,8.44
ORD001988,P0005,2,0.0,126.18
ORD001988,P0004,1,0.0,97.24
ORD001989,P0003,1,0.0,17.48
ORD001990,P0008,1,0.15,161.55
ORD001991,P0019,3,0.0,131.13
ORD001992,P0020,1,0.0,27.26
ORD001993,P0002,2,0.05,222.85
ORD001993,P0020,2,0.0,54.52
ORD001993,P0022,1,0.05,51.78
ORD001994,P0003,1,0.05,16.61
ORD001995,P0009,1,0.0,186.88
ORD001996,P0008,2,0.2,304.1
ORD001997,P0007,1,0.1,99.68
ORD001997,P0010,1,0.05,320.06
ORD001997,P0015,1,0.1,7.39
ORD001998,P0001,1,0.0,46.48
ORD001999,P0008,2,0.0,380.12
ORD001999,P0019,3,0.05,124.57
ORD001999,P0003,2,0.15,29.72
ORD002000,P0002,1,0.2,93.83
ORD002000,P0014,1,0.0,11.34
ORD002001,P0016,1,0.2,25.53
ORD002001,P0005,1,0.05,59.94
ORD002001,P0017,1,0.05,8.02
ORD002001,P0015,1,0.0,8.21
ORD002002,P0018,1,0.05,39.71
ORD002003,P0011,2,0.0,566.82
ORD002003,P0015,2,0.0,16.42
ORD002004,P0011,1,0.0,283.41
ORD002005,P0005,1,0.1,56.78
ORD002006,P0004,1,0.0,97.24
ORD002006,P0012,1,0.1,20.84
ORD002007,P0020,1,0.1,24.53
ORD002008,P0020,3,0.05,77.69
ORD002009,P0008,1,0.15,161.55
ORD002009,P0007,3,0.0,332.25
ORD002009,P0014,1,0.1,10.21
ORD002009,P0019,1,0.1,39.34
ORD002010,P0016,1,0.1,28.72
ORD002011,P0016,2,0.0,63.82
ORD002012,P0007,1,0.15,94.14
ORD002013,P0004,1,0.0,97.24
ORD002014,P0010,1,0.1,303.22
ORD002015,P0007,1,0.0,110.75
ORD002015,P0014,1,0.1,10.21
ORD002016,P0016,1,0.1,28.72
ORD002017,P0014,1,0.1,10.21
ORD002017,P0008,1,0.0,190.06
ORD002018,P0013,1,0.0,5.8
ORD002018,P0011,1,0.05,269.24
ORD002018,P0022,3,0.1,147.18
ORD002019,P0016,2,0.15,54.25
ORD002020,P0011,2,0.05,538.48
ORD002021,P0003,1,0.15,14.86
ORD002022,P0011,1,0.05,269.24
ORD002022,P0004,1,0.0,97.24
ORD002023,P0001,1,0.2,37.18
ORD002023,P0015,2,0.0,16.42
ORD002024,P0008,1,0.05,180.56
ORD002025,P0022,1,0.1,49.06
ORD002025,P0018,3,0.0,125.4
ORD002025,P0019,1,0.0,43.71
ORD002025,P0016,3,0.1,86.16
ORD002026,P0008,1,0.0,190.06
ORD002026,P0021,2,0.1,44.15
ORD002026,P0016,1,0.2,25.53
ORD002027,P0018,1,0.0,41.8
ORD002028,P0021,2,0.2,39.25
ORD002028,P0001,1,0.0,46.48
ORD002029,P0007,1,0.0,110.75
ORD002029,P0005,2,0.05,119.87
ORD002029,P0011,1,0.1,255.07
ORD002029,P0010,1,0.0,336.91
ORD002030,P0010,1,0.0,336.91
ORD002030,P0002,1,0.05,111.43
ORD002030,P0003,1,0.0,17.48
ORD002031,P0019,2,0.0,87.42
ORD002032,P0016,1,0.05,30.31
ORD002032,P0014,1,0.05,10.77
ORD002033,P0016,1,0.05,30.31
ORD002033,P0011,1,0.0,283.41
ORD002034,P0012,2,0.15,39.35
ORD002035,P0020,1,0.0,27.26
ORD002035,P0019,1,0.1,39.34
ORD002035,P0015,3,0.0,24.63
ORD002036,P0016,1,0.0,31.91
ORD002037,P0009,1,0.15,158.85
ORD002037,P0016,1,0.05,30.31
ORD002038,P0008,1,0.1,171.05
ORD002039,P0022,3,0.0,163.53
ORD002039,P0008,3,0.2,456.14
ORD002040,P0005,1,0.0,63.09
ORD002040,P0013,3,0.0,17.4
ORD002041,P0016,1,0.0,31.91
ORD002041,P0004,1,0.0,97.24
ORD002042,P0012,2,0.05,43.98
ORD002042,P0010,1,0.15,286.37
ORD002042,P0015,2,0.05,15.6
ORD002043,P0013,3,0.15,14.79
ORD002043,P0018,2,0.05,79.42
ORD002044,P0017,3,0.1,22.79
ORD002045,P0003,3,0.1,47.2
ORD002046,P0019,1,0.05,41.52
ORD002046,P0020,2,0.0,54.52
ORD002046,P0007,1,0.0,110.75
ORD002047,P0012,1,0.0,23.15
ORD002047,P0008,1,0.05,180.56
ORD002047,P0002,1,0.15,99.7
ORD002048,P0009,2,0.0,373.76
ORD002048,P0013,2,0.0,11.6
ORD002048,P0002,1,0.0,117.29
ORD002049,P0022,1,0.05,51.78
ORD002050,P0017,1,0.1,7.6
ORD002050,P0004,1,0.15,82.65
ORD002050,P0011,2,0.0,566.82
ORD002051,P0014,2,0.05,21.55
ORD002051,P0005,1,0.2,50.47
ORD002051,P0002,1,0.0,117.29
ORD002051,P0012,1,0.0,23.15
ORD002052,P0003,1,0.15,14.86
ORD002052,P0007,1,0.05,105.21
ORD002053,P0006,3,0.0,140.43
ORD002053,P0009,2,0.05,355.07
ORD002053,P0005,1,0.2,50.47
ORD002053,P0018,1,0.0,41.8
ORD002054,P0002,1,0.0,117.29
ORD002055,P0005,1,0.0,63.09
ORD002056,P0006,1,0.1,42.13
ORD002056,P0022,1,0.05,51.78
ORD002057,P0002,1,0.15,99.7
ORD002057,P0005,1,0.05,59.94
ORD002058,P0004,2,0.0,194.48
ORD002058,P0015,1,0.0,8.21
ORD002058,P0007,1,0.2,88.6
ORD002058,P0013,1,0.1,5.22
ORD002059,P0001,1,0.05,44.16
ORD002060,P0001,1,0.0,46.48
ORD002061,P0003,1,0.0,17.48
ORD002061,P0010,1,0.05,320.06
ORD002061,P0005,1,0.0,63.09
ORD002061,P0008,1,0.0,190.06
ORD002062,P0011,1,0.05,269.24
ORD002063,P0015,1,0.2,6.57
ORD002063,P0012,1,0.0,23.15
ORD002064,P0002,3,0.1,316.68
ORD002064,P0022,2,0.0,109.02
ORD002065,P0001,2,0.0,92.96
ORD002065,P0016,2,0.15,54.25
ORD002066,P0008,1,0.15,161.55
ORD002067,P0007,1,0.15,94.14
ORD002067,P0022,1,0.0,54.51
ORD002068,P0015,1,0.0,8.21
ORD002068,P0008,1,0.05,180.56
ORD002068,P0006,1,0.0,46.81
ORD002069,P0020,1,0.1,24.53
ORD002070,P0006,1,0.0,46.81
ORD002070,P0012,1,0.1,20.84
ORD002071,P0010,2,0.05,640.13
ORD002071,P0019,1,0.0,43.71
ORD002071,P0012,1,0.1,20.84
ORD002072,P0011,1,0.2,226.73
ORD002072,P0010,1,0.0,336.91
ORD002073,P0015,1,0.05,7.8
ORD002074,P0001,1,0.0,46.48
ORD002074,P0014,1,0.0,11.34
ORD002075,P0015,2,0.1,14.78
ORD002076,P0003,2,0.0,34.96
ORD002076,P0014,3,0.1,30.62
ORD002077,P0003,1,0.0,17.48
ORD002077,P0008,1,0.0,190.06
ORD002078,P0016,1,0.2,25.53
ORD002078,P0013,1,0.1,5.22
ORD002079,P0005,3,0.05,179.81
ORD002079,P0019,1,0.0,43.71
ORD002079,P0017,2,0.0,16.88
ORD002080,P0008,1,0.0,190.06
ORD002080,P0010,1,0.0,336.91
ORD002081,P0003,1,0.0,17.48
ORD002081,P0016,1,0.0,31.91
ORD002081,P0012,3,0.2,55.56
ORD002082,P0012,1,0.1,20.84
ORD002082,P0010,1,0.0,336.91
ORD002083,P0017,1,0.1,7.6
ORD002083,P0020,3,0.1,73.6
ORD002084,P0018,1,0.0,41.8
ORD002084,P0003,1,0.1,15.73
ORD002084,P0009,2,0.0,373.76
ORD002084,P0014,1,0.0,11.34
ORD002085,P0019,1,0.2,34.97
ORD002085,P0022,1,0.05,51.78
ORD002085,P0008,1,0.0,190.06
ORD002086,P0019,1,0.15,37.15
ORD002087,P0008,1,0.05,180.56
ORD002087,P0004,1,0.1,87.52
ORD002088,P0021,1,0.05,23.3
ORD002088,P0020,1,0.0,27.26
ORD002089,P0019,1,0.15,37.15
ORD002089,P0004,1,0.0,97.24
ORD002089,P0009,1,0.05,177.54
ORD002090,P0013,3,0.0,17.4
ORD002091,P0013,1,0.0,5.8
ORD002092,P0020,1,0.15,23.17
ORD002093,P0020,1,0.0,27.26
ORD002093,P0002,1,0.05,111.43
ORD002093,P0019,1,0.0,43.71
ORD002094,P0015,1,0.05,7.8
ORD002094,P0009,1,0.0,186.88
ORD002095,P0003,1,0.15,14.86
ORD002095,P0008,2,0.0,380.12
ORD002095,P0002,1,0.1,105.56
ORD002096,P0017,2,0.1,15.19
ORD002097,P0002,3,0.05,334.28
ORD002098,P0004,1,0.0,97.24
ORD002098,P0009,1,0.0,186.88
ORD002099,P0013,2,0.15,9.86
ORD002100,P0010,1,0.05,320.06
ORD002101,P0016,2,0.15,54.25
ORD002101,P0019,2,0.15,74.31
ORD002102,P0021,1,0.0,24.53
ORD002102,P0020,1,0.05,25.9
ORD002102,P0007,1,0.15,94.14
ORD002103,P0009,1,0.0,186.88
ORD002104,P0011,1,0.2,226.73
ORD002104,P0020,2,0.15,46.34
ORD002104,P0002,1,0.15,99.7
ORD002105,P0008,1,0.15,161.55
ORD002106,P0003,1,0.2,13.98
ORD002106,P0011,1,0.2,226.73
ORD002106,P0015,1,0.1,7.39
ORD002107,P0020,2,0.0,54.52
ORD002108,P0002,1,0.15,99.7
ORD002109,P0011,1,0.1,255.07
ORD002109,P0001,1,0.0,46.48
ORD002109,P0009,3,0.1,504.58
ORD002110,P0015,1,0.0,8.21
ORD002110,P0020,1,0.0,27.26
ORD002111,P0008,1,0.0,190.06
ORD002112,P0022,3,0.1,147.18
ORD002112,P0009,1,0.05,177.54
ORD002113,P0018,1,0.0,41.8
ORD002114,P0012,1,0.05,21.99
ORD002114,P0005,2,0.0,126.18
ORD002114,P0019,1,0.0,43.71
ORD002115,P0003,1,0.15,14.86
ORD002116,P0007,3,0.15,282.41
ORD002117,P0006,1,0.1,42.13
ORD002117,P0003,2,0.0,34.96
ORD002118,P0006,1,0.2,37.45
ORD002118,P0022,2,0.0,109.02
ORD002119,P0007,2,0.0,221.5
ORD002120,P0006,1,0.0,46.81
ORD002121,P0016,2,0.05,60.63
ORD002122,P0004,1,0.15,82.65
ORD002122,P0006,1,0.1,42.13
ORD002123,P0009,3,0.0,560.64
ORD002123,P0019,1,0.0,43.71
ORD002124,P0018,1,0.0,41.8
ORD002124,P0012,2,0.0,46.3
ORD002125,P0015,1,0.15,6.98
ORD002125,P0021,1,0.0,24.53
ORD002125,P0007,2,0.0,221.5
ORD002126,P0015,1,0.0,8.21
ORD002126,P0002,1,0.1,105.56
ORD002126,P0009,2,0.15,317.7
ORD002127,P0020,1,0.05,25.9
ORD002128,P0014,1,0.05,10.77
ORD002129,P0003,2,0.05,33.21
ORD002129,P0005,1,0.0,63.09
ORD002130,P0005,2,0.0,126.18
ORD002130,P0003,3,0.0,52.44
ORD002130,P0021,1,0.0,24.53
ORD002130,P0013,1,0.0,5.8
ORD002131,P0008,2,0.0,380.12
ORD002132,P0008,3,0.0,570.18
ORD002132,P0016,2,0.05,60.63
ORD002133,P0003,1,0.05,16.61
ORD002134,P0018,1,0.1,37.62
ORD002135,P0009,1,0.0,186.88
ORD002135,P0016,1,0.0,31.91
ORD002136,P0007,1,0.0,110.75
ORD002137,P0019,1,0.0,43.71
ORD002137,P0015,1,0.15,6.98
ORD002137,P0016,1,0.0,31.91
ORD002138,P0005,1,0.0,63.09
ORD002138,P0011,2,0.0,566.82
ORD002139,P0015,1,0.0,8.21
ORD002140,P0008,2,0.0,380.12
ORD002140,P0006,1,0.1,42.13
ORD002141,P0009,1,0.05,177.54
ORD002142,P0005,1,0.05,59.94
ORD002142,P0014,3,0.0,34.02
ORD002142,P0004,3,0.0,291.72
ORD002142,P0019,3,0.0,131.13
ORD002143,P0004,3,0.0,291.72
ORD002143,P0018,2,0.1,75.24
ORD002143,P0017,3,0.1,22.79
ORD002144,P0014,1,0.05,10.77
ORD002145,P0014,1,0.0,11.34
ORD002146,P0020,1,0.0,27.26
ORD002146,P0005,1,0.0,63.09
ORD002147,P0013,1,0.1,5.22
ORD002147,P0011,1,0.0,283.41
ORD002148,P0012,2,0.0,46.3
ORD002149,P0018,1,0.15,35.53
ORD002149,P0009,3,0.0,560.64
ORD002149,P0012,1,0.0,23.15
ORD002150,P0019,1,0.05,41.52
ORD002151,P0018,1,0.0,41.8
ORD002152,P0019,2,0.15,74.31
ORD002153,P0014,1,0.0,11.34
ORD002153,P0012,1,0.05,21.99
ORD002154,P0001,2,0.0,92.96
ORD002154,P0003,1,0.05,16.61
ORD002155,P0015,1,0.0,8.21
ORD002155,P0018,1,0.0,41.8
ORD002155,P0011,1,0.0,283.41
ORD002155,P0006,3,0.05,133.41
ORD002156,P0002,1,0.1,105.56
ORD002156,P0006,1,0.15,39.79
ORD002156,P0013,1,0.0,5.8
ORD002156,P0019,1,0.2,34.97
ORD002157,P0022,1,0.1,49.06
ORD002157,P0016,1,0.0,31.91
ORD002158,P0014,1,0.0,11.34
ORD002158,P0006,1,0.0,46.81
ORD002159,P0002,1,0.15,99.7
ORD002159,P0006,3,0.0,140.43
ORD002159,P0009,1,0.1,168.19
ORD002160,P0020,1,0.15,23.17
ORD002161,P0006,1,0.0,46.81
ORD002161,P0008,3,0.15,484.65
ORD002161,P0021,1,0.0,24.53
ORD002162,P0013,1,0.1,5.22
ORD002162,P0002,1,0.05,111.43
ORD002162,P0010,1,0.1,303.22
ORD002162,P0014,1,0.0,11.34
ORD002163,P0017,1,0.0,8.44
ORD002163,P0022,1,0.0,54.51
ORD002164,P0015,2,0.0,16.42
ORD002165,P0007,3,0.05,315.64
ORD002165,P0010,1,0.1,303.22
ORD002166,P0015,1,0.05,7.8
ORD002166,P0012,3,0.0,69.45
ORD002167,P0012,1,0.0,23.15
ORD002168,P0002,1,0.05,111.43
ORD002168,P0011,1,0.0,283.41
ORD002168,P0001,2,0.0,92.96
ORD002168,P0004,1,0.05,92.38
ORD002169,P0021,1,0.0,24.53
ORD002170,P0020,1,0.0,27.26
ORD002170,P0022,3,0.05,155.35
ORD002170,P0003,1,0.0,17.48
ORD002171,P0008,1,0.15,161.55
ORD002172,P0010,2,0.0,673.82
ORD002173,P0007,1,0.0,110.75
ORD002173,P0008,1,0.1,171.05
ORD002173,P0022,2,0.0,109.02
ORD002173,P0012,1,0.1,20.84
ORD002174,P0006,1,0.0,46.81
ORD002174,P0010,1,0.05,320.06
ORD002174,P0022,2,0.0,109.02
ORD002174,P0016,3,0.0,95.73
ORD002175,P0021,1,0.0,24.53
ORD002176,P0019,1,0.0,43.71
ORD002177,P0004,1,0.0,97.24
ORD002177,P0014,1,0.0,11.34
ORD002178,P0007,1,0.2,88.6
ORD002179,P0020,1,0.1,24.53
ORD002180,P0013,1,0.1,5.22
ORD002180,P0015,1,0.0,8.21
ORD002181,P0010,1,0.1,303.22
ORD002181,P0015,1,0.1,7.39
ORD002182,P0017,1,0.0,8.44
ORD002183,P0004,1,0.2,77.79
ORD002184,P0004,1,0.05,92.38
ORD002184,P0010,1,0.15,286.37
ORD002184,P0013,1,0.05,5.51
ORD002185,P0010,1,0.0,336.91
ORD002186,P0022,1,0.1,49.06
ORD002186,P0015,1,0.05,7.8
ORD002187,P0001,1,0.0,46.48
ORD002187,P0005,1,0.0,63.09
ORD002188,P0003,1,0.0,17.48
ORD002188,P0013,2,0.0,11.6
ORD002189,P0003,1,0.15,14.86
ORD002190,P0017,1,0.0,8.44
ORD002190,P0001,1,0.05,44.16
ORD002190,P0022,1,0.0,54.51
ORD002191,P0016,1,0.1,28.72
ORD002192,P0015,3,0.15,20.94
ORD002193,P0010,1,0.0,336.91
ORD002194,P0004,1,0.05,92.38
ORD002195,P0011,1,0.05,269.24
ORD002196,P0016,1,0.0,31.91
ORD002196,P0021,1,0.05,23.3
ORD002196,P0010,1,0.0,336.91
ORD002197,P0021,1,0.05,23.3
ORD002198,P0002,1,0.05,111.43
ORD002198,P0022,3,0.0,163.53
ORD002198,P0015,1,0.15,6.98
ORD002198,P0005,2,0.15,107.25
ORD002199,P0004,1,0.15,82.65
ORD002200,P0019,1,0.0,43.71
ORD002200,P0007,1,0.15,94.14
ORD002201,P0004,1,0.05,92.38
ORD002202,P0020,2,0.0,54.52
ORD002202,P0017,1,0.05,8.02
ORD002203,P0011,1,0.0,283.41
ORD002204,P0009,1,0.1,168.19
ORD002205,P0006,1,0.0,46.81
ORD002205,P0010,1,0.1,303.22
ORD002205,P0020,1,0.0,27.26
ORD002206,P0017,3,0.1,22.79
ORD002206,P0009,1,0.0,186.88
ORD002207,P0008,1,0.05,180.56
ORD002207,P0020,1,0.0,27.26
ORD002208,P0006,1,0.1,42.13
ORD002208,P0017,1,0.0,8.44
ORD002209,P0003,1,0.15,14.86
ORD002210,P0003,1,0.05,16.61
ORD002211,P0006,1,0.05,44.47
ORD002211,P0015,3,0.0,24.63
ORD002212,P0021,2,0.0,49.06
ORD002212,P0011,3,0.0,850.23
ORD002212,P0003,1,0.05,16.61
ORD002213,P0009,1,0.15,158.85
ORD002214,P0006,3,0.2,112.34
ORD002215,P0022,1,0.1,49.06
ORD002216,P0013,1,0.0,5.8
ORD002217,P0006,2,0.15,79.58
ORD002217,P0002,1,0.05,111.43
ORD002218,P0004,1,0.0,97.24
ORD002218,P0012,1,0.05,21.99
ORD002218,P0013,2,0.0,11.6
ORD002219,P0017,1,0.0,8.44
ORD002220,P0002,2,0.0,234.58
ORD002221,P0010,1,0.0,336.91
ORD002221,P0020,1,0.2,21.81
ORD002222,P0013,3,0.0,17.4
ORD002223,P0018,1,0.15,35.53
ORD002224,P0016,1,0.0,31.91
ORD002225,P0015,1,0.1,7.39
ORD002226,P0011,3,0.0,850.23
ORD002226,P0021,1,0.2,19.62
ORD002226,P0004,1,0.1,87.52
ORD002226,P0010,1,0.05,320.06
ORD002227,P0006,1,0.0,46.81
ORD002227,P0003,1,0.1,15.73
ORD002228,P0011,1,0.0,283.41
ORD002229,P0006,1,0.05,44.47
ORD002230,P0006,3,0.2,112.34
ORD002230,P0019,1,0.1,39.34
ORD002231,P0015,2,0.15,13.96
ORD002231,P0012,1,0.0,23.15
ORD002232,P0009,1,0.0,186.88
ORD002233,P0013,2,0.15,9.86
ORD002234,P0008,1,0.05,180.56
ORD002235,P0011,1,0.2,226.73
ORD002236,P0010,3,0.0,1010.73
ORD002236,P0005,1,0.0,63.09
ORD002236,P0009,1,0.15,158.85
ORD002236,P0022,3,0.15,139.0
ORD002237,P0009,1,0.05,177.54
ORD002238,P0021,1,0.0,24.53
ORD002238,P0022,2,0.1,98.12
ORD002239,P0002,3,0.15,299.09
ORD002239,P0007,1,0.1,99.68
ORD002240,P0013,1,0.0,5.8
ORD002240,P0001,1,0.0,46.48
ORD002240,P0002,2,0.0,234.58
ORD002240,P0019,2,0.0,87.42
ORD002241,P0012,1,0.1,20.84
ORD002242,P0017,3,0.0,25.32
ORD002243,P0010,1,0.05,320.06
ORD002243,P0016,2,0.05,60.63
ORD002244,P0001,1,0.2,37.18
ORD002245,P0022,1,0.1,49.06
ORD002245,P0015,1,0.05,7.8
ORD002245,P0007,2,0.15,188.28
ORD002245,P0012,1,0.0,23.15
ORD002246,P0016,1,0.0,31.91
ORD002247,P0014,1,0.0,11.34
ORD002248,P0019,1,0.05,41.52
ORD002248,P0008,2,0.0,380.12
ORD002249,P0012,1,0.0,23.15
ORD002249,P0021,1,0.0,24.53
ORD002249,P0001,1,0.0,46.48
ORD002249,P0018,1,0.1,37.62
ORD002250,P0006,1,0.0,46.81
ORD002250,P0010,2,0.0,673.82
ORD002250,P0020,1,0.0,27.26
ORD002251,P0011,2,0.0,566.82
ORD002252,P0010,2,0.0,673.82
ORD002252,P0015,1,0.1,7.39
ORD002253,P0010,1,0.0,336.91
ORD002254,P0019,1,0.15,37.15
ORD002255,P0004,2,0.1,175.03
ORD002256,P0018,1,0.0,41.8
ORD002257,P0010,1,0.15,286.37
ORD002257,P0011,3,0.1,765.21
ORD002258,P0022,1,0.0,54.51
ORD002259,P0017,2,0.1,15.19
ORD002260,P0012,3,0.1,62.5
ORD002260,P0021,1,0.15,20.85
ORD002261,P0021,1,0.0,24.53
ORD002261,P0002,1,0.05,111.43
ORD002262,P0017,2,0.1,15.19
ORD002262,P0013,1,0.0,5.8
ORD002263,P0003,1,0.15,14.86
ORD002264,P0010,1,0.05,320.06
ORD002265,P0010,1,0.1,303.22
ORD002265,P0011,1,0.0,283.41
ORD002266,P0021,1,0.05,23.3
ORD002266,P0007,1,0.05,105.21
ORD002266,P0022,1,0.1,49.06
ORD002266,P0014,2,0.0,22.68
ORD002267,P0009,1,0.0,186.88
ORD002268,P0003,1,0.05,16.61
ORD002269,P0015,1,0.0,8.21
ORD002269,P0011,2,0.0,566.82
ORD002270,P0014,1,0.05,10.77
ORD002270,P0004,1,0.0,97.24
ORD002271,P0021,1,0.0,24.53
ORD002271,P0001,3,0.0,139.44
ORD002272,P0016,2,0.0,63.82
ORD002272,P0020,1,0.1,24.53
ORD002272,P0019,1,0.05,41.52
ORD002272,P0006,1,0.0,46.81
ORD002273,P0003,1,0.1,15.73
ORD002274,P0005,1,0.0,63.09
ORD002274,P0022,1,0.0,54.51
ORD002275,P0015,3,0.0,24.63
ORD002275,P0006,1,0.1,42.13
ORD002275,P0001,1,0.05,44.16
ORD002276,P0005,1,0.1,56.78
ORD002277,P0017,1,0.0,8.44
ORD002277,P0014,3,0.0,34.02
ORD002278,P0008,1,0.0,190.06
ORD002278,P0015,2,0.1,14.78
ORD002279,P0006,3,0.1,126.39
ORD002279,P0015,1,0.05,7.8
ORD002279,P0008,1,0.0,190.06
ORD002279,P0010,2,0.1,606.44
ORD002280,P0002,2,0.0,234.58
ORD002281,P0022,1,0.05,51.78
ORD002281,P0019,2,0.0,87.42
ORD002281,P0011,1,0.1,255.07
ORD002282,P0001,1,0.0,46.48
ORD002283,P0008,3,0.15,484.65
ORD002283,P0022,3,0.1,147.18
ORD002284,P0009,1,0.0,186.88
ORD002284,P0013,1,0.0,5.8
ORD002285,P0001,1,0.0,46.48
ORD002286,P0015,1,0.0,8.21
ORD002287,P0012,3,0.0,69.45
ORD002287,P0004,1,0.05,92.38
ORD002288,P0007,2,0.05,210.42
ORD002288,P0017,1,0.05,8.02
ORD002289,P0014,1,0.0,11.34
ORD002289,P0004,1,0.0,97.24
ORD002290,P0001,3,0.15,118.52
ORD002290,P0004,1,0.05,92.38
ORD002290,P0013,3,0.05,16.53
ORD002291,P0003,2,0.0,34.96
ORD002292,P0009,1,0.0,186.88
ORD002293,P0019,3,0.1,118.02
ORD002294,P0021,2,0.05,46.61
ORD002294,P0019,2,0.1,78.68
ORD002295,P0021,1,0.05,23.3
ORD002295,P0012,1,0.15,19.68
ORD002296,P0008,1,0.0,190.06
ORD002296,P0017,2,0.05,16.04
ORD002296,P0007,1,0.1,99.68
ORD002296,P0019,2,0.15,74.31
ORD002297,P0014,1,0.0,11.34
ORD002297,P0012,2,0.15,39.35
ORD002298,P0020,1,0.1,24.53
ORD002299,P0015,1,0.0,8.21
ORD002299,P0019,1,0.0,43.71
ORD002300,P0011,1,0.05,269.24
ORD002301,P0013,1,0.15,4.93
ORD002301,P0003,1,0.0,17.48
ORD002302,P0004,1,0.05,92.38
ORD002302,P0018,1,0.0,41.8
ORD002302,P0011,1,0.0,283.41
ORD002303,P0009,1,0.0,186.88
ORD002304,P0006,1,0.0,46.81
ORD002304,P0010,2,0.05,640.13
ORD002304,P0015,2,0.0,16.42
ORD002305,P0013,1,0.15,4.93
ORD002306,P0001,1,0.05,44.16
ORD002307,P0022,1,0.0,54.51
ORD002308,P0019,1,0.0,43.71
ORD002309,P0019,1,0.0,43.71
ORD002309,P0013,2,0.0,11.6
ORD002310,P0022,2,0.0,109.02
ORD002310,P0010,2,0.15,572.75
ORD002311,P0019,1,0.0,43.71
ORD002311,P0007,3,0.05,315.64
ORD002312,P0007,1,0.0,110.75
ORD002312,P0011,1,0.0,283.41
ORD002312,P0010,1,0.05,320.06
ORD002313,P0014,1,0.1,10.21
ORD002313,P0022,1,0.05,51.78
ORD002314,P0005,2,0.0,126.18
ORD002314,P0013,1,0.0,5.8
ORD002315,P0019,1,0.0,43.71
ORD002315,P0012,1,0.0,23.15
ORD002315,P0007,1,0.0,110.75
ORD002316,P0010,1,0.0,336.91
ORD002316,P0003,1,0.1,15.73
ORD002316,P0020,1,0.1,24.53
ORD002317,P0020,2,0.0,54.52
ORD002318,P0014,2,0.05,21.55
ORD002319,P0018,1,0.0,41.8
ORD002320,P0007,1,0.0,110.75
ORD002320,P0014,1,0.0,11.34
ORD002321,P0006,1,0.0,46.81
ORD002322,P0001,1,0.05,44.16
ORD002323,P0005,1,0.2,50.47
ORD002324,P0011,3,0.1,765.21
ORD002324,P0022,1,0.0,54.51
ORD002324,P0015,2,0.0,16.42
ORD002324,P0003,1,0.0,17.48
ORD002325,P0002,2,0.0,234.58
ORD002326,P0007,1,0.1,99.68
ORD002327,P0002,1,0.15,99.7
ORD002328,P0003,1,0.0,17.48
ORD002328,P0018,3,0.15,106.59
ORD002329,P0012,1,0.05,21.99
ORD002329,P0009,1,0.0,186.88
ORD002329,P0004,1,0.0,97.24
ORD002330,P0015,1,0.0,8.21
ORD002330,P0020,1,0.15,23.17
ORD002330,P0018,1,0.0,41.8
ORD002331,P0006,2,0.05,88.94
ORD002331,P0020,1,0.1,24.53
ORD002331,P0014,1,0.0,11.34
ORD002332,P0001,2,0.0,92.96
ORD002333,P0019,1,0.05,41.52
ORD002334,P0002,1,0.15,99.7
ORD002334,P0010,2,0.0,673.82
ORD002334,P0009,1,0.1,168.19
ORD002334,P0016,1,0.0,31.91
ORD002335,P0019,2,0.0,87.42
ORD002335,P0017,1,0.05,8.02
ORD002335,P0022,2,0.05,103.57
ORD002336,P0013,1,0.0,5.8
ORD002337,P0022,3,0.15,139.0
ORD002337,P0004,1,0.0,97.24
ORD002338,P0017,1,0.0,8.44
ORD002339,P0003,1,0.15,14.86
ORD002339,P0009,1,0.1,168.19
ORD002340,P0011,1,0.05,269.24
ORD002341,P0012,1,0.15,19.68
ORD002341,P0017,1,0.0,8.44
ORD002341,P0005,1,0.0,63.09
ORD002342,P0012,1,0.05,21.99
ORD002342,P0010,1,0.0,336.91
ORD002343,P0022,1,0.0,54.51
ORD002343,P0012,1,0.0,23.15
ORD002344,P0009,2,0.15,317.7
ORD002345,P0015,1,0.1,7.39
ORD002345,P0013,3,0.0,17.4
ORD002346,P0010,1,0.0,336.91
ORD002346,P0012,2,0.0,46.3
ORD002346,P0015,1,0.0,8.21
ORD002347,P0005,1,0.0,63.09
ORD002347,P0011,1,0.0,283.41
ORD002348,P0006,3,0.1,126.39
ORD002349,P0001,1,0.0,46.48
ORD002349,P0011,1,0.0,283.41
ORD002349,P0006,1,0.0,46.81
ORD002349,P0009,3,0.1,504.58
ORD002350,P0004,1,0.0,97.24
ORD002350,P0013,1,0.0,5.8
ORD002351,P0021,3,0.1,66.23
ORD002352,P0021,1,0.0,24.53
ORD002352,P0022,1,0.0,54.51
ORD002353,P0003,1,0.05,16.61
ORD002353,P0008,1,0.15,161.55
ORD002354,P0014,1,0.0,11.34
ORD002355,P0020,2,0.0,54.52
ORD002355,P0004,1,0.0,97.24
ORD002356,P0014,1,0.15,9.64
ORD002357,P0005,2,0.0,126.18
ORD002358,P0013,3,0.0,17.4
ORD002358,P0008,1,0.0,190.06
ORD002359,P0015,1,0.0,8.21
ORD002359,P0013,2,0.15,9.86
ORD002359,P0005,2,0.0,126.18
ORD002359,P0020,1,0.2,21.81
ORD002360,P0018,1,0.0,41.8
ORD002360,P0016,1,0.0,31.91
ORD002361,P0012,1,0.05,21.99
ORD002361,P0002,1,0.0,117.29
ORD002361,P0022,2,0.05,103.57
ORD002362,P0001,3,0.15,118.52
ORD002362,P0022,1,0.05,51.78
ORD002362,P0006,1,0.1,42.13
ORD002363,P0011,1,0.0,283.41
ORD002364,P0007,2,0.0,221.5
ORD002364,P0016,2,0.0,63.82
ORD002365,P0006,3,0.0,140.43
ORD002366,P0022,1,0.0,54.51
ORD002366,P0015,3,0.05,23.4
ORD002367,P0012,1,0.0,23.15
ORD002367,P0019,2,0.0,87.42
ORD002367,P0022,1,0.0,54.51
ORD002368,P0012,1,0.1,20.84
ORD002369,P0018,1,0.0,41.8
ORD002369,P0007,1,0.15,94.14
ORD002370,P0011,1,0.0,283.41
ORD002370,P0021,2,0.0,49.06
ORD002371,P0021,1,0.05,23.3
ORD002372,P0009,1,0.0,186.88
ORD002372,P0022,2,0.0,109.02
ORD002372,P0008,1,0.15,161.55
ORD002372,P0014,1,0.0,11.34
ORD002373,P0019,3,0.05,124.57
ORD002373,P0002,3,0.0,351.87
ORD002373,P0007,1,0.05,105.21
ORD002374,P0004,1,0.0,97.24
ORD002375,P0016,2,0.0,63.82
ORD002375,P0021,2,0.0,49.06
ORD002376,P0022,1,0.0,54.51
ORD002377,P0021,1,0.0,24.53
ORD002377,P0002,1,0.05,111.43
ORD002377,P0022,1,0.15,46.33
ORD002377,P0006,2,0.0,93.62
ORD002378,P0022,1,0.15,46.33
ORD002379,P0022,2,0.1,98.12
ORD002380,P0021,2,0.0,49.06
ORD002381,P0022,2,0.15,92.67
ORD002381,P0014,1,0.0,11.34
ORD002381,P0021,2,0.15,41.7
ORD002381,P0003,1,0.1,15.73
ORD002382,P0019,1,0.05,41.52
ORD002383,P0002,1,0.0,117.29
ORD002383,P0001,1,0.0,46.48
ORD002384,P0017,1,0.0,8.44
ORD002385,P0016,1,0.0,31.91
ORD002385,P0007,1,0.05,105.21
ORD002385,P0018,1,0.0,41.8
ORD002385,P0014,2,0.05,21.55
ORD002386,P0019,2,0.05,83.05
ORD002386,P0021,2,0.0,49.06
ORD002387,P0010,1,0.15,286.37
ORD002387,P0003,1,0.05,16.61
ORD002387,P0022,3,0.0,163.53
ORD002388,P0004,2,0.0,194.48
ORD002388,P0013,1,0.0,5.8
ORD002389,P0022,1,0.2,43.61
ORD002389,P0017,1,0.0,8.44
ORD002389,P0001,1,0.0,46.48
ORD002390,P0003,1,0.05,16.61
ORD002390,P0010,1,0.05,320.06
ORD002391,P0008,1,0.0,190.06
ORD002391,P0022,1,0.0,54.51
ORD002392,P0009,2,0.1,336.38
ORD002392,P0017,1,0.05,8.02
ORD002393,P0017,1,0.1,7.6
ORD002394,P0011,2,0.0,566.82
ORD002395,P0008,1,0.0,190.06
ORD002395,P0017,1,0.05,8.02
ORD002396,P0018,2,0.0,83.6
ORD002396,P0002,1,0.0,117.29
ORD002397,P0013,1,0.0,5.8
ORD002398,P0003,1,0.0,17.48
ORD002398,P0021,1,0.0,24.53
ORD002398,P0020,2,0.1,49.07
ORD002399,P0015,1,0.0,8.21
ORD002399,P0010,2,0.0,673.82
ORD002399,P0008,1,0.0,190.06
ORD002400,P0012,1,0.0,23.15
ORD002400,P0016,1,0.0,31.91
ORD002401,P0008,3,0.05,541.67
ORD002401,P0003,1,0.0,17.48
ORD002402,P0008,2,0.05,361.11
ORD002402,P0009,1,0.0,186.88
ORD002402,P0001,1,0.05,44.16
ORD002403,P0020,1,0.15,23.17
ORD002403,P0009,1,0.05,177.54
ORD002404,P0020,2,0.0,54.52
ORD002405,P0001,2,0.0,92.96
ORD002406,P0022,1,0.2,43.61
ORD002406,P0018,2,0.1,75.24
ORD002406,P0001,1,0.0,46.48
ORD002407,P0013,2,0.1,10.44
ORD002407,P0021,1,0.0,24.53
ORD002407,P0010,2,0.1,606.44
ORD002408,P0011,1,0.0,283.41
ORD002408,P0005,1,0.05,59.94
ORD002409,P0010,1,0.05,320.06
ORD002409,P0013,1,0.0,5.8
ORD002410,P0019,3,0.15,111.46
ORD002411,P0008,1,0.0,190.06
ORD002412,P0007,1,0.05,105.21
ORD002413,P0015,1,0.0,8.21
ORD002413,P0022,2,0.0,109.02
ORD002413,P0014,1,0.0,11.34
ORD002414,P0003,1,0.0,17.48
ORD002414,P0007,1,0.1,99.68
ORD002415,P0016,1,0.1,28.72
ORD002416,P0001,1,0.1,41.83
ORD002417,P0022,2,0.15,92.67
ORD002417,P0016,1,0.05,30.31
ORD002417,P0011,1,0.05,269.24
ORD002418,P0006,1,0.0,46.81
ORD002418,P0019,1,0.0,43.71
ORD002419,P0019,1,0.0,43.71
ORD002419,P0008,1,0.0,190.06
ORD002420,P0005,1,0.0,63.09
ORD002420,P0017,1,0.05,8.02
ORD002421,P0020,1,0.0,27.26
ORD002421,P0011,2,0.15,481.8
ORD002421,P0018,3,0.05,119.13
ORD002422,P0018,3,0.2,100.32
ORD002423,P0015,1,0.0,8.21
ORD002423,P0008,1,0.1,171.05
ORD002423,P0021,1,0.0,24.53
ORD002424,P0014,1,0.05,10.77
ORD002425,P0019,3,0.1,118.02
ORD002426,P0015,1,0.1,7.39
ORD002426,P0013,2,0.2,9.28
ORD002427,P0002,1,0.0,117.29
ORD002427,P0017,1,0.05,8.02
ORD002428,P0003,1,0.1,15.73
ORD002428,P0016,1,0.0,31.91
ORD002428,P0015,1,0.05,7.8
ORD002428,P0008,2,0.05,361.11
ORD002429,P0013,1,0.2,4.64
ORD002430,P0016,1,0.1,28.72
ORD002431,P0021,1,0.0,24.53
ORD002431,P0013,2,0.0,11.6
ORD002432,P0001,1,0.15,39.51
ORD002432,P0014,1,0.15,9.64
ORD002432,P0012,1,0.15,19.68
ORD002432,P0002,1,0.1,105.56
ORD002433,P0013,2,0.0,11.6
ORD002434,P0019,1,0.0,43.71
ORD002435,P0006,3,0.05,133.41
ORD002436,P0005,1,0.0,63.09
ORD002437,P0022,3,0.1,147.18
ORD002437,P0015,2,0.0,16.42
ORD002438,P0003,2,0.15,29.72
ORD002439,P0005,1,0.05,59.94
ORD002440,P0009,1,0.15,158.85
ORD002440,P0017,1,0.0,8.44
ORD002441,P0002,1,0.05,111.43
ORD002441,P0015,1,0.0,8.21
ORD002442,P0003,1,0.15,14.86
ORD002442,P0008,1,0.15,161.55
ORD002443,P0022,3,0.2,130.82
ORD002443,P0018,1,0.0,41.8
ORD002443,P0012,1,0.0,23.15
ORD002444,P0017,1,0.0,8.44
ORD002445,P0012,3,0.05,65.98
ORD002445,P0003,1,0.15,14.86
ORD002445,P0016,1,0.0,31.91
ORD002446,P0017,1,0.0,8.44
ORD002447,P0003,1,0.05,16.61
ORD002448,P0018,2,0.05,79.42
ORD002449,P0003,2,0.05,33.21
ORD002450,P0008,2,0.0,380.12
ORD002450,P0002,2,0.0,234.58
ORD002451,P0018,1,0.15,35.53
ORD002451,P0011,1,0.0,283.41
ORD002452,P0005,1,0.0,63.09
ORD002452,P0001,3,0.05,132.47
ORD002452,P0017,1,0.2,6.75
ORD002453,P0017,1,0.0,8.44
ORD002453,P0002,1,0.05,111.43
ORD002454,P0019,2,0.0,87.42
ORD002454,P0009,1,0.0,186.88
ORD002454,P0005,1,0.0,63.09
ORD002455,P0014,3,0.15,28.92
ORD002455,P0015,1,0.0,8.21
ORD002456,P0010,2,0.05,640.13
ORD002457,P0017,1,0.0,8.44
ORD002458,P0005,1,0.05,59.94
ORD002459,P0018,1,0.0,41.8
ORD002460,P0020,2,0.0,54.52
ORD002461,P0013,1,0.05,5.51
ORD002461,P0012,1,0.2,18.52
ORD002462,P0020,1,0.1,24.53
ORD002463,P0003,3,0.1,47.2
ORD002463,P0007,1,0.0,110.75
ORD002464,P0005,1,0.15,53.63
ORD002464,P0002,1,0.05,111.43
ORD002464,P0011,2,0.1,510.14
ORD002464,P0003,2,0.15,29.72
ORD002465,P0001,1,0.1,41.83
ORD002466,P0006,1,0.0,46.81
ORD002466,P0012,1,0.0,23.15
ORD002467,P0020,1,0.0,27.26
ORD002467,P0015,2,0.15,13.96
ORD002467,P0005,1,0.1,56.78
ORD002468,P0007,1,0.0,110.75
ORD002468,P0010,1,0.0,336.91
ORD002469,P0011,1,0.2,226.73
ORD002470,P0018,1,0.0,41.8
ORD002470,P0007,3,0.05,315.64
ORD002471,P0014,1,0.0,11.34
ORD002472,P0008,1,0.15,161.55
ORD002473,P0019,2,0.0,87.42
ORD002474,P0014,1,0.0,11.34
ORD002475,P0002,1,0.0,117.29
ORD002475,P0005,1,0.05,59.94
ORD002475,P0019,2,0.05,83.05
ORD002475,P0016,1,0.0,31.91
ORD002476,P0003,2,0.0,34.96
ORD002477,P0003,1,0.0,17.48
ORD002477,P0005,1,0.1,56.78
ORD002477,P0016,1,0.1,28.72
ORD002478,P0013,1,0.05,5.51
ORD002479,P0012,1,0.05,21.99
ORD002480,P0021,1,0.1,22.08
ORD002481,P0016,1,0.0,31.91
ORD002481,P0011,1,0.1,255.07
ORD002482,P0011,1,0.0,283.41
ORD002482,P0017,1,0.0,8.44
ORD002482,P0006,1,0.0,46.81
ORD002483,P0008,3,0.0,570.18
ORD002483,P0011,1,0.2,226.73
ORD002483,P0002,2,0.05,222.85
ORD002484,P0011,2,0.0,566.82
ORD002485,P0018,1,0.0,41.8
ORD002485,P0011,1,0.0,283.41
ORD002486,P0017,1,0.0,8.44
ORD002486,P0015,1,0.0,8.21
ORD002487,P0018,1,0.15,35.53
ORD002488,P0022,2,0.15,92.67
ORD002488,P0010,1,0.15,286.37
ORD002489,P0020,1,0.0,27.26
ORD002489,P0006,1,0.0,46.81
ORD002490,P0016,1,0.0,31.91
ORD002491,P0015,1,0.0,8.21
ORD002492,P0010,1,0.2,269.53
ORD002493,P0017,1,0.0,8.44
ORD002494,P0005,2,0.0,126.18
ORD002494,P0020,1,0.0,27.26
ORD002495,P0022,1,0.0,54.51
ORD002496,P0014,1,0.1,10.21
ORD002497,P0005,1,0.1,56.78
ORD002497,P0010,3,0.1,909.66
ORD002497,P0004,1,0.0,97.24
ORD002498,P0018,1,0.05,39.71
ORD002498,P0010,1,0.2,269.53
ORD002499,P0011,1,0.1,255.07
ORD002500,P0003,2,0.05,33.21
ORD002501,P0015,1,0.15,6.98
ORD002502,P0019,2,0.0,87.42
ORD002502,P0010,1,0.0,336.91
ORD002502,P0004,3,0.2,233.38
ORD002503,P0003,1,0.0,17.48
ORD002503,P0016,3,0.05,90.94
ORD002503,P0015,3,0.0,24.63
ORD002503,P0012,1,0.2,18.52
ORD002504,P0021,2,0.2,39.25
ORD002504,P0006,1,0.0,46.81
ORD002505,P0004,1,0.1,87.52
ORD002505,P0008,1,0.0,190.06
ORD002506,P0012,1,0.0,23.15
ORD002506,P0007,2,0.0,221.5
ORD002506,P0019,1,0.0,43.71
ORD002507,P0008,1,0.05,180.56
ORD002508,P0015,2,0.15,13.96
ORD002508,P0005,1,0.0,63.09
ORD002509,P0015,1,0.05,7.8
ORD002510,P0021,1,0.1,22.08
ORD002511,P0002,1,0.0,117.29
ORD002511,P0022,1,0.0,54.51
ORD002512,P0013,1,0.0,5.8
ORD002513,P0013,1,0.0,5.8
ORD002514,P0012,1,0.1,20.84
ORD002515,P0002,2,0.0,234.58
ORD002515,P0011,1,0.0,283.41
ORD002515,P0021,2,0.2,39.25
ORD002516,P0022,1,0.1,49.06
ORD002517,P0011,1,0.0,283.41
ORD002517,P0019,1,0.05,41.52
ORD002517,P0021,1,0.0,24.53
ORD002517,P0015,3,0.0,24.63
ORD002518,P0005,1,0.0,63.09
ORD002519,P0012,1,0.05,21.99
ORD002520,P0022,1,0.0,54.51
ORD002521,P0021,1,0.0,24.53
ORD002522,P0022,1,0.0,54.51
ORD002522,P0004,1,0.05,92.38
ORD002522,P0005,1,0.1,56.78
ORD002523,P0017,2,0.0,16.88
ORD002523,P0022,2,0.0,109.02
ORD002524,P0002,1,0.0,117.29
ORD002524,P0010,1,0.15,286.37
ORD002525,P0022,1,0.0,54.51
ORD002526,P0011,1,0.0,283.41
ORD002527,P0014,1,0.1,10.21
ORD002527,P0008,3,0.05,541.67
ORD002528,P0019,3,0.05,124.57
ORD002529,P0001,2,0.1,83.66
ORD002530,P0022,1,0.2,43.61
ORD002530,P0007,1,0.05,105.21
ORD002531,P0001,1,0.0,46.48
ORD002532,P0013,2,0.0,11.6
ORD002533,P0018,1,0.1,37.62
ORD002534,P0006,1,0.1,42.13
ORD002535,P0014,1,0.0,11.34
ORD002535,P0003,1,0.0,17.48
ORD002536,P0002,3,0.1,316.68
ORD002536,P0015,1,0.05,7.8
ORD002536,P0019,1,0.05,41.52
ORD002537,P0001,1,0.0,46.48
ORD002538,P0021,3,0.15,62.55
ORD002538,P0007,3,0.0,332.25
ORD002539,P0021,1,0.0,24.53
ORD002539,P0012,1,0.0,23.15
ORD002539,P0014,1,0.2,9.07
ORD002540,P0015,1,0.0,8.21
ORD002541,P0003,1,0.15,14.86
ORD002541,P0002,1,0.2,93.83
ORD002541,P0010,1,0.1,303.22
ORD002541,P0007,1,0.05,105.21
ORD002542,P0018,3,0.05,119.13
ORD002543,P0014,1,0.1,10.21
ORD002544,P0007,2,0.15,188.28
ORD002545,P0012,3,0.0,69.45
ORD002545,P0018,1,0.0,41.8
ORD002546,P0008,2,0.1,342.11
ORD002546,P0018,2,0.1,75.24
ORD002546,P0004,1,0.0,97.24
ORD002547,P0017,2,0.05,16.04
ORD002548,P0016,2,0.0,63.82
ORD002548,P0009,1,0.05,177.54
ORD002548,P0013,2,0.1,10.44
ORD002549,P0009,1,0.05,177.54
ORD002550,P0013,1,0.05,5.51
ORD002550,P0019,1,0.15,37.15
ORD002551,P0021,1,0.15,20.85
ORD002551,P0014,1,0.05,10.77
ORD002552,P0016,2,0.0,63.82
ORD002552,P0002,3,0.0,351.87
ORD002552,P0017,1,0.05,8.02
ORD002552,P0009,1,0.0,186.88
ORD002553,P0009,1,0.05,177.54
ORD002553,P0014,1,0.0,11.34
ORD002554,P0020,1,0.0,27.26
ORD002555,P0004,3,0.1,262.55
ORD002556,P0018,1,0.0,41.8
ORD002556,P0019,3,0.1,118.02
ORD002556,P0020,1,0.0,27.26
ORD002557,P0001,1,0.05,44.16
ORD002558,P0017,1,0.05,8.02
ORD002559,P0012,2,0.1,41.67
ORD002559,P0001,1,0.0,46.48
ORD002560,P0015,1,0.0,8.21
ORD002560,P0019,1,0.0,43.71
ORD002560,P0013,2,0.0,11.6
ORD002561,P0003,1,0.05,16.61
ORD002561,P0009,2,0.05,355.07
ORD002562,P0014,2,0.05,21.55
ORD002562,P0012,1,0.0,23.15
ORD002562,P0005,1,0.05,59.94
ORD002563,P0009,2,0.05,355.07
ORD002564,P0001,1,0.0,46.48
ORD002564,P0015,1,0.0,8.21
ORD002564,P0003,1,0.05,16.61
ORD002565,P0018,1,0.0,41.8
ORD002565,P0013,1,0.0,5.8
ORD002566,P0004,1,0.2,77.79
ORD002566,P0019,3,0.05,124.57
ORD002566,P0015,2,0.0,16.42
ORD002566,P0020,3,0.0,81.78
ORD002567,P0015,1,0.1,7.39
ORD002567,P0019,3,0.1,118.02
ORD002567,P0006,3,0.15,119.37
ORD002568,P0014,1,0.0,11.34
ORD002568,P0019,1,0.2,34.97
ORD002569,P0018,1,0.0,41.8
ORD002570,P0006,1,0.0,46.81
ORD002571,P0009,1,0.05,177.54
ORD002571,P0006,1,0.0,46.81
ORD002571,P0016,1,0.0,31.91
ORD002572,P0016,1,0.0,31.91
ORD002572,P0020,1,0.0,27.26
ORD002573,P0022,1,0.05,51.78
ORD002573,P0017,3,0.0,25.32
ORD002573,P0016,1,0.1,28.72
ORD002574,P0006,1,0.0,46.81
ORD002574,P0012,1,0.15,19.68
ORD002575,P0006,1,0.15,39.79
ORD002576,P0020,1,0.0,27.26
ORD002577,P0003,1,0.0,17.48
ORD002577,P0013,1,0.15,4.93
ORD002578,P0007,2,0.05,210.42
ORD002578,P0004,1,0.05,92.38
ORD002579,P0008,1,0.0,190.06
ORD002579,P0010,1,0.0,336.91
ORD002579,P0007,1,0.1,99.68
ORD002580,P0002,1,0.1,105.56
ORD002581,P0015,1,0.1,7.39
ORD002582,P0002,1,0.0,117.29
ORD002582,P0021,1,0.2,19.62
ORD002582,P0007,2,0.0,221.5
ORD002583,P0006,1,0.0,46.81
ORD002583,P0017,1,0.05,8.02
ORD002583,P0019,1,0.0,43.71
ORD002583,P0012,1,0.2,18.52
ORD002584,P0009,1,0.0,186.88
ORD002585,P0017,1,0.0,8.44
ORD002585,P0004,1,0.0,97.24
ORD002585,P0008,1,0.0,190.06
ORD002586,P0007,1,0.0,110.75
ORD002586,P0021,2,0.05,46.61
ORD002586,P0012,1,0.0,23.15
ORD002587,P0014,1,0.1,10.21
ORD002587,P0016,1,0.0,31.91
ORD002588,P0010,2,0.0,673.82
ORD002589,P0021,3,0.05,69.91
ORD002589,P0017,2,0.0,16.88
ORD002590,P0012,1,0.0,23.15
ORD002591,P0017,2,0.0,16.88
ORD002592,P0004,1,0.0,97.24
ORD002592,P0008,2,0.1,342.11
ORD002592,P0006,1,0.05,44.47
ORD002592,P0020,1,0.05,25.9
ORD002593,P0013,3,0.1,15.66
ORD002593,P0015,1,0.0,8.21
ORD002593,P0007,1,0.1,99.68
ORD002593,P0019,1,0.1,39.34
ORD002594,P0014,1,0.05,10.77
ORD002594,P0022,1,0.0,54.51
ORD002595,P0020,1,0.0,27.26
ORD002596,P0015,2,0.0,16.42
ORD002596,P0004,1,0.0,97.24
ORD002597,P0013,1,0.1,5.22
ORD002598,P0016,2,0.0,63.82
ORD002599,P0004,3,0.05,277.13
ORD002600,P0009,1,0.2,149.5
ORD002600,P0002,1,0.05,111.43
ORD002600,P0010,1,0.0,336.91
ORD002600,P0001,2,0.1,83.66
ORD002601,P0021,1,0.15,20.85
ORD002601,P0009,1,0.05,177.54
ORD002602,P0017,1,0.0,8.44
ORD002602,P0007,1,0.05,105.21
ORD002602,P0013,1,0.0,5.8
ORD002603,P0008,2,0.05,361.11
ORD002604,P0015,3,0.15,20.94
ORD002604,P0008,2,0.0,380.12
ORD002605,P0001,2,0.05,88.31
ORD002605,P0014,1,0.05,10.77
ORD002606,P0003,1,0.15,14.86
ORD002606,P0004,1,0.0,97.24
ORD002606,P0019,2,0.15,74.31
ORD002607,P0017,1,0.05,8.02
ORD002607,P0016,3,0.0,95.73
ORD002608,P0015,1,0.1,7.39
ORD002608,P0009,1,0.0,186.88
ORD002609,P0015,1,0.0,8.21
ORD002610,P0011,2,0.2,453.46
ORD002610,P0003,1,0.05,16.61
ORD002611,P0022,1,0.0,54.51
ORD002612,P0001,1,0.0,46.48
ORD002613,P0003,1,0.1,15.73
ORD002613,P0013,1,0.1,5.22
ORD002614,P0017,1,0.1,7.6
ORD002615,P0010,1,0.1,303.22
ORD002615,P0002,1,0.05,111.43
ORD002616,P0022,1,0.0,54.51
ORD002616,P0013,1,0.1,5.22
ORD002617,P0008,2,0.0,380.12
ORD002618,P0009,1,0.0,186.88
ORD002618,P0021,2,0.05,46.61
ORD002618,P0003,2,0.1,31.46
ORD002618,P0017,1,0.0,8.44
ORD002619,P0016,1,0.0,31.91
ORD002620,P0017,1,0.0,8.44
ORD002620,P0005,2,0.1,113.56
ORD002621,P0005,1,0.0,63.09
ORD002621,P0010,1,0.15,286.37
ORD002622,P0019,2,0.0,87.42
ORD002622,P0010,1,0.0,336.91
ORD002622,P0012,1,0.0,23.15
ORD002623,P0009,1,0.1,168.19
ORD002623,P0001,3,0.0,139.44
ORD002624,P0002,2,0.0,234.58
ORD002624,P0018,1,0.05,39.71
ORD002624,P0011,1,0.15,240.9
ORD002624,P0006,1,0.0,46.81
ORD002625,P0015,3,0.15,20.94
ORD002625,P0009,2,0.15,317.7
ORD002625,P0021,3,0.0,73.59
ORD002626,P0013,1,0.0,5.8
ORD002626,P0001,1,0.0,46.48
ORD002627,P0019,1,0.05,41.52
ORD002628,P0004,2,0.05,184.76
ORD002629,P0007,1,0.0,110.75
ORD002629,P0020,1,0.0,27.26
ORD002630,P0019,3,0.0,131.13
ORD002630,P0021,3,0.0,73.59
ORD002630,P0014,1,0.1,10.21
ORD002631,P0003,1,0.0,17.48
ORD002631,P0016,1,0.1,28.72
ORD002631,P0021,1,0.1,22.08
ORD002631,P0009,1,0.0,186.88
ORD002632,P0003,1,0.0,17.48
ORD002633,P0001,1,0.05,44.16
ORD002633,P0017,2,0.05,16.04
ORD002634,P0011,1,0.05,269.24
ORD002634,P0015,1,0.0,8.21
ORD002634,P0001,1,0.0,46.48
ORD002635,P0022,1,0.0,54.51
ORD002636,P0003,1,0.0,17.48
ORD002636,P0015,1,0.0,8.21
ORD002636,P0004,3,0.05,277.13
ORD002636,P0021,2,0.0,49.06
ORD002637,P0010,1,0.05,320.06
ORD002638,P0015,2,0.05,15.6
ORD002638,P0016,1,0.15,27.12
ORD002639,P0009,1,0.1,168.19
ORD002639,P0005,1,0.05,59.94
ORD002640,P0011,1,0.0,283.41
ORD002640,P0022,1,0.0,54.51
ORD002641,P0022,2,0.0,109.02
ORD002641,P0021,1,0.0,24.53
ORD002642,P0013,2,0.15,9.86
ORD002642,P0012,1,0.05,21.99
ORD002642,P0021,1,0.0,24.53
ORD002643,P0005,3,0.0,189.27
ORD002643,P0022,1,0.05,51.78
ORD002644,P0013,3,0.0,17.4
ORD002645,P0016,1,0.0,31.91
ORD002645,P0009,1,0.2,149.5
ORD002645,P0021,3,0.0,73.59
ORD002646,P0001,1,0.0,46.48
ORD002647,P0003,2,0.05,33.21
ORD002647,P0006,2,0.15,79.58
ORD002647,P0009,3,0.05,532.61
ORD002648,P0004,1,0.0,97.24
ORD002648,P0002,1,0.0,117.29
ORD002649,P0008,1,0.0,190.06
ORD002650,P0010,1,0.05,320.06
ORD002650,P0015,3,0.1,22.17
ORD002650,P0003,1,0.0,17.48
ORD002651,P0010,1,0.05,320.06
ORD002651,P0021,1,0.05,23.3
ORD002652,P0002,3,0.05,334.28
ORD002653,P0006,1,0.0,46.81
ORD002654,P0009,1,0.0,186.88
ORD002654,P0022,1,0.1,49.06
ORD002655,P0003,2,0.0,34.96
ORD002655,P0004,1,0.05,92.38
ORD002655,P0009,1,0.05,177.54
ORD002656,P0018,1,0.2,33.44
ORD002657,P0009,1,0.0,186.88
ORD002658,P0020,1,0.0,27.26
ORD002658,P0010,1,0.05,320.06
ORD002659,P0002,1,0.0,117.29
ORD002659,P0019,3,0.0,131.13
ORD002659,P0003,1,0.0,17.48
ORD002660,P0007,1,0.1,99.68
ORD002660,P0004,2,0.0,194.48
ORD002661,P0018,1,0.0,41.8
ORD002662,P0003,1,0.15,14.86
ORD002662,P0002,1,0.0,117.29
ORD002663,P0013,1,0.0,5.8
ORD002663,P0006,1,0.0,46.81
ORD002664,P0014,1,0.0,11.34
ORD002664,P0019,2,0.0,87.42
ORD002665,P0008,1,0.05,180.56
ORD002666,P0001,2,0.2,74.37
ORD002666,P0007,1,0.0,110.75
ORD002667,P0013,1,0.2,4.64
ORD002668,P0017,1,0.05,8.02
ORD002668,P0010,2,0.1,606.44
ORD002669,P0014,1,0.15,9.64
ORD002670,P0007,3,0.1,299.03
ORD002670,P0016,3,0.1,86.16
ORD002670,P0012,2,0.1,41.67
ORD002670,P0005,1,0.05,59.94
ORD002671,P0013,3,0.0,17.4
ORD002671,P0019,1,0.0,43.71
ORD002671,P0011,1,0.0,283.41
ORD002672,P0005,1,0.0,63.09
ORD002673,P0017,1,0.0,8.44
ORD002674,P0009,1,0.0,186.88
ORD002674,P0011,1,0.0,283.41
ORD002675,P0012,1,0.0,23.15
ORD002675,P0020,1,0.15,23.17
ORD002676,P0001,1,0.0,46.48
ORD002676,P0009,1,0.0,186.88
ORD002677,P0004,1,0.1,87.52
ORD002678,P0014,1,0.0,11.34
ORD002678,P0016,2,0.0,63.82
ORD002679,P0011,1,0.0,283.41
ORD002680,P0015,1,0.0,8.21
ORD002681,P0018,1,0.0,41.8
ORD002681,P0019,2,0.0,87.42
ORD002682,P0022,2,0.0,109.02
ORD002683,P0011,1,0.2,226.73
ORD002684,P0007,1,0.15,94.14
ORD002685,P0020,1,0.0,27.26
ORD002686,P0010,1,0.15,286.37
ORD002687,P0014,1,0.0,11.34
ORD002687,P0021,1,0.05,23.3
ORD002688,P0022,1,0.2,43.61
ORD002689,P0010,1,0.1,303.22
ORD002689,P0014,1,0.0,11.34
ORD002690,P0016,2,0.0,63.82
ORD002690,P0013,3,0.0,17.4
ORD002690,P0001,1,0.15,39.51
ORD002691,P0012,1,0.0,23.15
ORD002691,P0020,1,0.0,27.26
ORD002692,P0001,1,0.0,46.48
ORD002693,P0018,1,0.0,41.8
ORD002694,P0008,3,0.1,513.16
ORD002695,P0022,1,0.0,54.51
ORD002695,P0018,1,0.1,37.62
ORD002696,P0002,1,0.0,117.29
ORD002696,P0005,1,0.1,56.78
ORD002696,P0003,1,0.0,17.48
ORD002696,P0016,1,0.0,31.91
ORD002697,P0019,1,0.0,43.71
ORD002698,P0009,2,0.0,373.76
ORD002698,P0022,1,0.2,43.61
ORD002698,P0005,1,0.0,63.09
ORD002699,P0013,2,0.2,9.28
ORD002699,P0014,1,0.0,11.34
ORD002700,P0019,1,0.15,37.15
ORD002700,P0011,1,0.1,255.07
ORD002701,P0009,1,0.1,168.19
ORD002701,P0007,2,0.15,188.28
ORD002702,P0007,1,0.0,110.75
ORD002702,P0019,1,0.1,39.34
ORD002703,P0014,1,0.0,11.34
ORD002704,P0001,1,0.1,41.83
ORD002704,P0008,1,0.15,161.55
ORD002704,P0011,1,0.0,283.41
ORD002705,P0011,3,0.0,850.23
ORD002705,P0001,2,0.0,92.96
ORD002705,P0009,1,0.1,168.19
ORD002705,P0004,1,0.0,97.24
ORD002706,P0006,1,0.05,44.47
ORD002707,P0003,1,0.0,17.48
ORD002707,P0001,1,0.0,46.48
ORD002708,P0015,2,0.0,16.42
ORD002708,P0012,2,0.1,41.67
ORD002708,P0010,3,0.05,960.19
ORD002709,P0021,1,0.05,23.3
ORD002709,P0005,3,0.15,160.88
ORD002709,P0008,1,0.0,190.06
ORD002710,P0017,1,0.0,8.44
ORD002710,P0001,2,0.05,88.31
ORD002710,P0003,1,0.15,14.86
ORD002710,P0021,2,0.1,44.15
ORD002711,P0013,1,0.0,5.8
ORD002712,P0022,1,0.05,51.78
ORD002713,P0022,2,0.1,98.12
ORD002713,P0019,3,0.05,124.57
ORD002714,P0016,1,0.0,31.91
ORD002714,P0022,1,0.0,54.51
ORD002714,P0001,2,0.05,88.31
ORD002715,P0022,1,0.0,54.51
ORD002716,P0019,1,0.05,41.52
ORD002716,P0015,1,0.0,8.21
ORD002717,P0002,3,0.0,351.87
ORD002718,P0001,1,0.05,44.16
ORD002718,P0004,3,0.0,291.72
ORD002719,P0014,1,0.05,10.77
ORD002719,P0020,1,0.05,25.9
ORD002720,P0012,1,0.05,21.99
ORD002721,P0002,2,0.0,234.58
ORD002722,P0008,1,0.0,190.06
ORD002723,P0003,1,0.0,17.48
ORD002723,P0001,1,0.0,46.48
ORD002723,P0008,1,0.1,171.05
ORD002723,P0011,2,0.0,566.82
ORD002724,P0022,1,0.15,46.33
ORD002725,P0007,1,0.1,99.68
ORD002725,P0022,3,0.15,139.0
ORD002726,P0013,1,0.0,5.8
ORD002726,P0019,1,0.0,43.71
ORD002727,P0003,1,0.05,16.61
ORD002728,P0011,1,0.0,283.41
ORD002729,P0008,1,0.0,190.06
ORD002730,P0008,1,0.0,190.06
ORD002731,P0012,1,0.0,23.15
ORD002732,P0016,1,0.0,31.91
ORD002732,P0015,1,0.05,7.8
ORD002733,P0003,1,0.15,14.86
ORD002733,P0011,1,0.0,283.41
ORD002733,P0018,1,0.1,37.62
ORD002734,P0014,2,0.05,21.55
ORD002734,P0005,3,0.2,151.42
ORD002734,P0018,1,0.15,35.53
ORD002734,P0012,1,0.0,23.15
ORD002735,P0017,1,0.0,8.44
ORD002736,P0010,3,0.0,1010.73
ORD002736,P0003,1,0.1,15.73
ORD002737,P0020,1,0.15,23.17
ORD002738,P0004,1,0.0,97.24
ORD002738,P0007,1,0.1,99.68
ORD002738,P0016,1,0.05,30.31
ORD002739,P0018,3,0.0,125.4
ORD002740,P0014,1,0.15,9.64
ORD002741,P0001,1,0.2,37.18
ORD002741,P0008,1,0.0,190.06
ORD002742,P0008,2,0.05,361.11
ORD002742,P0013,2,0.05,11.02
ORD002743,P0003,1,0.0,17.48
ORD002743,P0020,1,0.0,27.26
ORD002743,P0011,1,0.1,255.07
ORD002744,P0001,1,0.0,46.48
ORD002745,P0001,1,0.1,41.83
ORD002746,P0012,2,0.1,41.67
ORD002746,P0021,1,0.0,24.53
ORD002746,P0011,2,0.05,538.48
ORD002746,P0020,1,0.0,27.26
ORD002747,P0021,3,0.0,73.59
ORD002747,P0008,1,0.05,180.56
ORD002747,P0020,2,0.0,54.52
ORD002748,P0011,1,0.0,283.41
ORD002748,P0003,1,0.1,15.73
ORD002749,P0022,1,0.0,54.51
ORD002750,P0004,1,0.0,97.24
ORD002750,P0010,1,0.0,336.91
ORD002750,P0008,1,0.0,190.06
ORD002750,P0007,1,0.2,88.6
ORD002751,P0019,1,0.0,43.71
ORD002752,P0001,1,0.0,46.48
ORD002752,P0020,1,0.1,24.53
ORD002753,P0011,1,0.05,269.24
ORD002753,P0012,2,0.15,39.35
ORD002753,P0017,2,0.05,16.04
ORD002754,P0021,1,0.2,19.62
ORD002755,P0004,1,0.0,97.24
ORD002756,P0010,2,0.0,673.82
ORD002756,P0022,2,0.0,109.02
ORD002756,P0002,1,0.0,117.29
ORD002756,P0011,2,0.05,538.48
ORD002757,P0005,2,0.05,119.87
ORD002757,P0011,1,0.0,283.41
ORD002758,P0010,1,0.05,320.06
ORD002758,P0001,1,0.0,46.48
ORD002759,P0001,1,0.0,46.48
ORD002759,P0010,3,0.1,909.66
ORD002760,P0016,2,0.0,63.82
ORD002760,P0001,2,0.0,92.96
ORD002761,P0011,1,0.0,283.41
ORD002761,P0001,1,0.0,46.48
ORD002762,P0019,1,0.05,41.52
ORD002762,P0006,1,0.2,37.45
ORD002763,P0005,1,0.2,50.47
ORD002764,P0019,3,0.0,131.13
ORD002765,P0011,1,0.0,283.41
ORD002766,P0008,1,0.1,171.05
ORD002767,P0016,1,0.0,31.91
ORD002767,P0004,1,0.0,97.24
ORD002767,P0011,3,0.0,850.23
ORD002767,P0013,2,0.15,9.86
ORD002768,P0003,2,0.0,34.96
ORD002769,P0002,1,0.15,99.7
ORD002770,P0003,1,0.1,15.73
ORD002770,P0021,2,0.05,46.61
ORD002771,P0007,2,0.0,221.5
ORD002771,P0009,1,0.05,177.54
ORD002771,P0015,1,0.0,8.21
ORD002771,P0003,1,0.0,17.48
ORD002772,P0003,2,0.0,34.96
ORD002773,P0011,2,0.1,510.14
ORD002774,P0002,1,0.15,99.7
ORD002775,P0017,2,0.0,16.88
ORD002776,P0008,1,0.1,171.05
ORD002776,P0009,1,0.0,186.88
ORD002777,P0015,1,0.0,8.21
ORD002777,P0019,1,0.0,43.71
ORD002777,P0008,1,0.05,180.56
ORD002778,P0015,1,0.1,7.39
ORD002779,P0011,1,0.0,283.41
ORD002780,P0020,1,0.15,23.17
ORD002781,P0008,3,0.0,570.18
ORD002781,P0001,1,0.0,46.48
ORD002782,P0004,3,0.05,277.13
ORD002783,P0016,1,0.0,31.91
ORD002783,P0018,1,0.0,41.8
ORD002783,P0001,3,0.0,139.44
ORD002784,P0018,1,0.0,41.8
ORD002785,P0007,2,0.0,221.5
ORD002785,P0009,3,0.0,560.64
ORD002785,P0012,3,0.1,62.5
ORD002785,P0021,1,0.0,24.53
ORD002786,P0016,1,0.0,31.91
ORD002786,P0021,2,0.0,49.06
ORD002787,P0002,1,0.1,105.56
ORD002788,P0007,1,0.0,110.75
ORD002788,P0014,1,0.0,11.34
ORD002788,P0021,1,0.0,24.53
ORD002789,P0019,1,0.1,39.34
ORD002790,P0008,1,0.0,190.06
ORD002791,P0015,1,0.05,7.8
ORD002791,P0003,2,0.0,34.96
ORD002791,P0020,1,0.0,27.26
ORD002791,P0012,1,0.0,23.15
ORD002792,P0002,1,0.0,117.29
ORD002793,P0007,1,0.05,105.21
ORD002794,P0016,1,0.1,28.72
ORD002795,P0021,1,0.15,20.85
ORD002795,P0020,1,0.0,27.26
ORD002796,P0017,2,0.0,16.88
ORD002797,P0012,2,0.15,39.35
ORD002797,P0018,2,0.0,83.6
ORD002797,P0014,1,0.15,9.64
ORD002798,P0008,1,0.0,190.06
ORD002799,P0016,1,0.05,30.31
ORD002799,P0006,3,0.05,133.41
ORD002800,P0009,2,0.05,355.07
ORD002800,P0013,2,0.05,11.02
ORD002800,P0002,1,0.15,99.7
ORD002801,P0005,1,0.0,63.09
ORD002801,P0010,1,0.05,320.06
ORD002802,P0001,1,0.2,37.18
ORD002802,P0015,1,0.0,8.21
ORD002802,P0022,3,0.0,163.53
ORD002803,P0021,1,0.0,24.53
ORD002803,P0020,1,0.0,27.26
ORD002804,P0014,1,0.0,11.34
ORD002804,P0008,1,0.15,161.55
ORD002805,P0020,1,0.1,24.53
ORD002806,P0019,2,0.05,83.05
ORD002806,P0008,1,0.05,180.56
ORD002806,P0009,2,0.1,336.38
ORD002807,P0004,1,0.0,97.24
ORD002808,P0001,1,0.1,41.83
ORD002809,P0007,2,0.05,210.42
ORD002810,P0016,2,0.1,57.44
ORD002811,P0010,1,0.05,320.06
ORD002812,P0019,1,0.0,43.71
ORD002812,P0007,1,0.0,110.75
ORD002813,P0007,2,0.0,221.5
ORD002813,P0014,1,0.15,9.64
ORD002813,P0018,1,0.1,37.62
ORD002814,P0007,2,0.0,221.5
ORD002815,P0021,1,0.2,19.62
ORD002815,P0017,1,0.0,8.44
ORD002816,P0005,2,0.1,113.56
ORD002816,P0006,1,0.1,42.13
ORD002817,P0013,1,0.15,4.93
ORD002818,P0018,3,0.05,119.13
ORD002818,P0012,3,0.1,62.5
ORD002819,P0021,3,0.0,73.59
ORD002819,P0013,1,0.05,5.51
ORD002820,P0012,2,0.0,46.3
ORD002820,P0006,1,0.15,39.79
ORD002821,P0003,1,0.05,16.61
ORD002822,P0004,1,0.0,97.24
ORD002822,P0005,1,0.15,53.63
ORD002823,P0001,1,0.0,46.48
ORD002823,P0015,1,0.0,8.21
ORD002823,P0010,2,0.05,640.13
ORD002824,P0020,1,0.15,23.17
ORD002824,P0002,1,0.05,111.43
ORD002825,P0015,3,0.0,24.63
ORD002826,P0006,1,0.05,44.47
ORD002826,P0018,1,0.1,37.62
ORD002826,P0007,1,0.0,110.75
ORD002827,P0010,3,0.0,1010.73
ORD002828,P0017,3,0.05,24.05
ORD002828,P0015,1,0.05,7.8
ORD002828,P0007,1,0.1,99.68
ORD002829,P0004,1,0.05,92.38
ORD002830,P0012,1,0.0,23.15
ORD002831,P0005,1,0.15,53.63
ORD002832,P0017,1,0.0,8.44
ORD002832,P0020,1,0.05,25.9
ORD002832,P0001,2,0.0,92.96
ORD002832,P0016,2,0.0,63.82
ORD002833,P0021,2,0.0,49.06
ORD002834,P0012,1,0.05,21.99
ORD002835,P0008,1,0.2,152.05
ORD002835,P0015,3,0.0,24.63
ORD002835,P0013,1,0.1,5.22
ORD002836,P0006,2,0.0,93.62
ORD002836,P0003,1,0.0,17.48
ORD002837,P0011,1,0.15,240.9
ORD002838,P0008,1,0.0,190.06
ORD002838,P0011,1,0.0,283.41
ORD002839,P0010,1,0.2,269.53
ORD002839,P0021,1,0.1,22.08
ORD002840,P0020,2,0.0,54.52
ORD002841,P0013,1,0.0,5.8
ORD002842,P0020,1,0.2,21.81
ORD002842,P0006,1,0.0,46.81
ORD002842,P0001,1,0.05,44.16
ORD002843,P0001,1,0.0,46.48
ORD002844,P0021,1,0.0,24.53
ORD002845,P0006,2,0.0,93.62
ORD002845,P0022,3,0.1,147.18
ORD002846,P0018,1,0.0,41.8
ORD002847,P0017,2,0.0,16.88
ORD002848,P0015,1,0.05,7.8
ORD002848,P0004,2,0.1,175.03
ORD002849,P0017,1,0.0,8.44
ORD002850,P0022,2,0.05,103.57
ORD002851,P0015,2,0.1,14.78
ORD002852,P0020,2,0.1,49.07
ORD002853,P0021,2,0.0,49.06
ORD002854,P0017,2,0.15,14.35
ORD002855,P0020,2,0.05,51.79
ORD002856,P0017,1,0.15,7.17
ORD002857,P0014,2,0.1,20.41
ORD002857,P0001,1,0.15,39.51
ORD002858,P0002,1,0.15,99.7
ORD002858,P0001,2,0.15,79.02
ORD002858,P0003,1,0.2,13.98
ORD002859,P0017,3,0.0,25.32
ORD002860,P0018,3,0.15,106.59
ORD002860,P0008,1,0.05,180.56
ORD002860,P0016,1,0.0,31.91
ORD002861,P0011,2,0.0,566.82
ORD002862,P0013,1,0.05,5.51
ORD002863,P0008,1,0.0,190.06
ORD002863,P0015,2,0.2,13.14
ORD002863,P0001,1,0.1,41.83
ORD002864,P0013,1,0.05,5.51
ORD002864,P0003,1,0.1,15.73
ORD002864,P0010,2,0.0,673.82
ORD002865,P0007,1,0.05,105.21
ORD002865,P0015,1,0.0,8.21
ORD002866,P0021,2,0.0,49.06
ORD002867,P0017,1,0.05,8.02
ORD002867,P0015,1,0.0,8.21
ORD002867,P0016,1,0.0,31.91
ORD002867,P0020,1,0.1,24.53
ORD002868,P0007,1,0.0,110.75
ORD002869,P0010,1,0.1,303.22
ORD002870,P0008,1,0.05,180.56
ORD002871,P0018,3,0.15,106.59
ORD002871,P0015,1,0.0,8.21
ORD002871,P0010,1,0.1,303.22
ORD002872,P0003,1,0.0,17.48
ORD002872,P0010,1,0.05,320.06
ORD002873,P0010,1,0.05,320.06
ORD002874,P0014,2,0.05,21.55
ORD002874,P0002,1,0.05,111.43
ORD002875,P0002,1,0.0,117.29
ORD002876,P0003,1,0.0,17.48
ORD002876,P0002,1,0.05,111.43
ORD002877,P0006,1,0.1,42.13
ORD002878,P0011,3,0.1,765.21
ORD002879,P0008,1,0.0,190.06
ORD002880,P0004,1,0.0,97.24
ORD002880,P0021,2,0.0,49.06
ORD002880,P0008,1,0.05,180.56
ORD002881,P0003,1,0.05,16.61
ORD002882,P0007,1,0.0,110.75
ORD002882,P0009,1,0.0,186.88
ORD002882,P0012,1,0.0,23.15
ORD002882,P0006,1,0.0,46.81
ORD002883,P0002,1,0.0,117.29
ORD002883,P0005,3,0.0,189.27
ORD002883,P0011,1,0.05,269.24
ORD002884,P0006,1,0.05,44.47
ORD002884,P0001,1,0.15,39.51
ORD002885,P0005,1,0.0,63.09
ORD002885,P0022,1,0.2,43.61
ORD002885,P0016,1,0.0,31.91
ORD002886,P0017,3,0.1,22.79
ORD002887,P0019,1,0.1,39.34
ORD002887,P0016,2,0.0,63.82
ORD002888,P0013,1,0.1,5.22
ORD002889,P0020,2,0.0,54.52
ORD002889,P0009,2,0.05,355.07
ORD002889,P0001,2,0.0,92.96
ORD002889,P0010,1,0.0,336.91
ORD002890,P0011,1,0.0,283.41
ORD002890,P0004,1,0.2,77.79
ORD002890,P0007,1,0.2,88.6
ORD002891,P0009,2,0.15,317.7
ORD002891,P0020,2,0.05,51.79
ORD002892,P0010,1,0.0,336.91
ORD002892,P0008,2,0.1,342.11
ORD002893,P0018,2,0.15,71.06
ORD002893,P0011,3,0.15,722.7
ORD002893,P0014,1,0.0,11.34
ORD002893,P0001,1,0.0,46.48
ORD002894,P0003,1,0.05,16.61
ORD002895,P0017,1,0.0,8.44
ORD002896,P0017,2,0.0,16.88
ORD002897,P0022,1,0.0,54.51
ORD002898,P0009,2,0.0,373.76
ORD002898,P0001,1,0.0,46.48
ORD002899,P0001,1,0.0,46.48
ORD002900,P0015,1,0.05,7.8
ORD002901,P0018,3,0.1,112.86
ORD002901,P0020,1,0.0,27.26
ORD002902,P0003,1,0.0,17.48
ORD002903,P0010,1,0.05,320.06
ORD002903,P0016,1,0.05,30.31
ORD002903,P0003,2,0.0,34.96
ORD002903,P0019,1,0.1,39.34
ORD002904,P0010,1,0.1,303.22
ORD002905,P0008,1,0.1,171.05
ORD002905,P0020,1,0.0,27.26
ORD002905,P0022,1,0.0,54.51
ORD002905,P0009,2,0.0,373.76
ORD002906,P0002,1,0.0,117.29
ORD002907,P0007,1,0.1,99.68
ORD002907,P0012,2,0.1,41.67
ORD002908,P0008,3,0.0,570.18
ORD002909,P0006,1,0.05,44.47
ORD002909,P0020,1,0.0,27.26
ORD002909,P0004,1,0.0,97.24
ORD002909,P0005,1,0.0,63.09
ORD002910,P0002,1,0.05,111.43
ORD002911,P0021,1,0.0,24.53
ORD002912,P0010,2,0.1,606.44
ORD002912,P0015,3,0.0,24.63
ORD002912,P0012,1,0.0,23.15
ORD002912,P0003,1,0.0,17.48
ORD002913,P0004,1,0.0,97.24
ORD002914,P0011,1,0.0,283.41
ORD002915,P0008,1,0.05,180.56
ORD002916,P0017,3,0.0,25.32
ORD002916,P0020,2,0.2,43.62
ORD002916,P0022,2,0.0,109.02
ORD002917,P0021,2,0.0,49.06
ORD002917,P0011,1,0.0,283.41
ORD002918,P0006,3,0.0,140.43
ORD002919,P0003,1,0.1,15.73
ORD002919,P0011,1,0.0,283.41
ORD002919,P0005,1,0.05,59.94
ORD002920,P0017,1,0.05,8.02
ORD002920,P0022,1,0.15,46.33
ORD002921,P0002,1,0.0,117.29
ORD002921,P0022,1,0.1,49.06
ORD002922,P0020,1,0.1,24.53
ORD002923,P0003,1,0.0,17.48
ORD002923,P0020,2,0.0,54.52
ORD002923,P0004,1,0.1,87.52
ORD002923,P0014,1,0.0,11.34
ORD002924,P0015,2,0.0,16.42
ORD002925,P0005,1,0.0,63.09
ORD002926,P0012,1,0.1,20.84
ORD002926,P0014,1,0.2,9.07
ORD002927,P0002,2,0.05,222.85
ORD002928,P0018,1,0.15,35.53
ORD002928,P0019,1,0.0,43.71
ORD002928,P0014,1,0.0,11.34
ORD002929,P0006,1,0.0,46.81
ORD002929,P0011,1,0.05,269.24
ORD002930,P0014,1,0.15,9.64
ORD002930,P0006,2,0.0,93.62
ORD002930,P0013,1,0.05,5.51
ORD002931,P0010,1,0.1,303.22
ORD002931,P0009,1,0.2,149.5
ORD002931,P0021,1,0.2,19.62
ORD002932,P0014,1,0.05,10.77
ORD002932,P0020,1,0.2,21.81
ORD002933,P0019,1,0.0,43.71
ORD002933,P0017,1,0.0,8.44
ORD002934,P0015,1,0.1,7.39
ORD002934,P0007,1,0.0,110.75
ORD002935,P0005,2,0.0,126.18
ORD002935,P0010,1,0.2,269.53
ORD002935,P0017,1,0.0,8.44
ORD002936,P0004,1,0.2,77.79
ORD002937,P0011,1,0.15,240.9
ORD002937,P0006,1,0.0,46.81
ORD002937,P0003,1,0.0,17.48
ORD002938,P0009,1,0.2,149.5
ORD002938,P0013,3,0.05,16.53
ORD002938,P0002,1,0.0,117.29
ORD002939,P0002,1,0.1,105.56
ORD002940,P0019,1,0.05,41.52
ORD002941,P0007,1,0.05,105.21
ORD002941,P0019,1,0.0,43.71
ORD002942,P0006,1,0.0,46.81
ORD002943,P0014,1,0.0,11.34
ORD002944,P0020,1,0.05,25.9
ORD002944,P0008,3,0.0,570.18
ORD002945,P0002,1,0.1,105.56
ORD002945,P0013,3,0.15,14.79
ORD002946,P0010,1,0.1,303.22
ORD002946,P0019,1,0.0,43.71
ORD002947,P0008,1,0.1,171.05
ORD002947,P0009,2,0.0,373.76
ORD002947,P0007,1,0.0,110.75
ORD002948,P0022,1,0.2,43.61
ORD002949,P0007,2,0.1,199.35
ORD002950,P0016,1,0.0,31.91
ORD002951,P0012,1,0.0,23.15
ORD002951,P0021,1,0.05,23.3
ORD002951,P0016,1,0.0,31.91
ORD002951,P0022,1,0.0,54.51
ORD002952,P0015,1,0.05,7.8
ORD002952,P0011,1,0.05,269.24
ORD002952,P0012,2,0.1,41.67
ORD002953,P0001,2,0.05,88.31
ORD002953,P0012,1,0.0,23.15
ORD002954,P0016,2,0.0,63.82
ORD002954,P0015,1,0.05,7.8
ORD002954,P0017,1,0.05,8.02
ORD002955,P0006,1,0.0,46.81
ORD002956,P0013,3,0.0,17.4
ORD002957,P0001,1,0.15,39.51
ORD002958,P0015,1,0.0,8.21
ORD002959,P0018,1,0.05,39.71
ORD002960,P0010,2,0.05,640.13
ORD002961,P0009,1,0.0,186.88
ORD002961,P0004,2,0.0,194.48
ORD002961,P0010,1,0.05,320.06
ORD002961,P0002,2,0.05,222.85
ORD002962,P0019,2,0.0,87.42
ORD002962,P0007,1,0.0,110.75
ORD002962,P0016,1,0.0,31.91
ORD002963,P0022,1,0.0,54.51
ORD002963,P0003,3,0.15,44.57
ORD002963,P0011,3,0.0,850.23
ORD002964,P0014,1,0.1,10.21
ORD002965,P0016,1,0.0,31.91
ORD002965,P0022,1,0.0,54.51
ORD002966,P0015,1,0.1,7.39
ORD002966,P0009,1,0.0,186.88
ORD002967,P0016,3,0.05,90.94
ORD002968,P0012,1,0.1,20.84
ORD002969,P0011,3,0.15,722.7
ORD002969,P0003,2,0.0,34.96
ORD002969,P0015,1,0.0,8.21
ORD002970,P0005,3,0.2,151.42
ORD002971,P0013,1,0.0,5.8
ORD002972,P0007,2,0.05,210.42
ORD002973,P0010,1,0.0,336.91
ORD002974,P0010,1,0.0,336.91
ORD002975,P0016,1,0.0,31.91
ORD002975,P0015,1,0.1,7.39
ORD002975,P0017,1,0.1,7.6
ORD002976,P0013,2,0.0,11.6
ORD002976,P0015,1,0.0,8.21
ORD002976,P0003,1,0.0,17.48
ORD002977,P0015,2,0.0,16.42
ORD002978,P0017,1,0.05,8.02
ORD002978,P0021,1,0.0,24.53
ORD002979,P0012,1,0.0,23.15
ORD002980,P0013,2,0.05,11.02
ORD002981,P0007,3,0.05,315.64
ORD002982,P0013,1,0.05,5.51
ORD002983,P0001,2,0.0,92.96
ORD002983,P0018,2,0.0,83.6
ORD002983,P0014,3,0.0,34.02
ORD002984,P0005,1,0.0,63.09
ORD002984,P0002,1,0.0,117.29
ORD002984,P0012,1,0.1,20.84
ORD002985,P0012,1,0.05,21.99
ORD002986,P0010,2,0.0,673.82
ORD002986,P0007,1,0.05,105.21
ORD002986,P0001,1,0.05,44.16
ORD002987,P0004,2,0.15,165.31
ORD002987,P0021,1,0.0,24.53
ORD002987,P0020,1,0.0,27.26
ORD002988,P0016,3,0.15,81.37
ORD002988,P0017,1,0.0,8.44
ORD002989,P0008,1,0.0,190.06
ORD002989,P0015,2,0.05,15.6
ORD002990,P0019,1,0.15,37.15
ORD002990,P0016,1,0.1,28.72
ORD002991,P0015,1,0.0,8.21
ORD002991,P0019,1,0.0,43.71
ORD002992,P0008,1,0.05,180.56
ORD002992,P0021,2,0.05,46.61
ORD002992,P0006,1,0.0,46.81
ORD002993,P0004,1,0.0,97.24
ORD002993,P0001,1,0.05,44.16
ORD002994,P0020,1,0.0,27.26
ORD002994,P0005,2,0.05,119.87
ORD002995,P0002,1,0.1,105.56
ORD002996,P0010,1,0.0,336.91
ORD002996,P0007,1,0.0,110.75
ORD002996,P0009,1,0.2,149.5
ORD002996,P0020,1,0.15,23.17
ORD002997,P0017,2,0.05,16.04
ORD002997,P0001,1,0.15,39.51
ORD002998,P0021,1,0.0,24.53
ORD002998,P0015,1,0.0,8.21
ORD002999,P0016,1,0.0,31.91
ORD003000,P0018,3,0.15,106.59
ORD003000,P0017,1,0.15,7.17
ORD003001,P0013,1,0.1,5.22
ORD003001,P0006,2,0.1,84.26
ORD003002,P0011,1,0.05,269.24
ORD003003,P0017,1,0.1,7.6
ORD003004,P0009,1,0.0,186.88
ORD003004,P0011,1,0.0,283.41
ORD003004,P0003,2,0.0,34.96
ORD003004,P0012,1,0.05,21.99
ORD003005,P0001,1,0.15,39.51
ORD003005,P0019,1,0.0,43.71
ORD003006,P0020,1,0.15,23.17
ORD003007,P0022,2,0.0,109.02
ORD003007,P0006,1,0.05,44.47
ORD003007,P0002,1,0.15,99.7
ORD003008,P0011,3,0.15,722.7
ORD003008,P0002,2,0.1,211.12
ORD003008,P0019,1,0.0,43.71
ORD003008,P0006,2,0.05,88.94
ORD003009,P0018,1,0.0,41.8
ORD003009,P0011,1,0.0,283.41
ORD003010,P0013,1,0.0,5.8
ORD003011,P0009,1,0.0,186.88
ORD003011,P0007,1,0.0,110.75
ORD003012,P0019,1,0.1,39.34
ORD003012,P0015,1,0.05,7.8
ORD003013,P0008,2,0.0,380.12
ORD003013,P0012,3,0.1,62.5
ORD003014,P0005,1,0.0,63.09
ORD003014,P0017,1,0.0,8.44
ORD003015,P0007,1,0.0,110.75
ORD003015,P0015,1,0.0,8.21
ORD003016,P0012,1,0.15,19.68
ORD003017,P0020,3,0.05,77.69
ORD003017,P0003,1,0.05,16.61
ORD003018,P0020,1,0.05,25.9
ORD003019,P0003,1,0.15,14.86
ORD003019,P0007,1,0.0,110.75
ORD003020,P0001,1,0.0,46.48
ORD003020,P0013,1,0.0,5.8
ORD003020,P0012,3,0.15,59.03
ORD003020,P0016,1,0.1,28.72
ORD003021,P0014,1,0.0,11.34
ORD003021,P0021,2,0.0,49.06
ORD003022,P0005,1,0.0,63.09
ORD003023,P0013,1,0.05,5.51
ORD003023,P0014,1,0.15,9.64
ORD003023,P0018,3,0.0,125.4
ORD003024,P0016,1,0.1,28.72
ORD003024,P0011,1,0.05,269.24
ORD003024,P0018,2,0.05,79.42
ORD003025,P0015,1,0.1,7.39
ORD003026,P0013,1,0.15,4.93
ORD003026,P0003,1,0.1,15.73
ORD003027,P0002,1,0.15,99.7
ORD003027,P0008,1,0.0,190.06
ORD003028,P0013,2,0.1,10.44
ORD003028,P0004,1,0.0,97.24
ORD003029,P0014,1,0.0,11.34
ORD003029,P0007,1,0.0,110.75
ORD003030,P0012,1,0.05,21.99
ORD003031,P0013,2,0.0,11.6
ORD003032,P0002,1,0.0,117.29
ORD003032,P0007,2,0.05,210.42
ORD003033,P0015,2,0.0,16.42
ORD003034,P0022,1,0.05,51.78
ORD003034,P0020,2,0.05,51.79
ORD003034,P0007,1,0.0,110.75
ORD003035,P0011,2,0.0,566.82
ORD003035,P0012,1,0.1,20.84
ORD003036,P0014,2,0.2,18.14
ORD003037,P0019,1,0.0,43.71
ORD003037,P0011,1,0.0,283.41
ORD003038,P0012,1,0.0,23.15
ORD003039,P0019,1,0.0,43.71
ORD003039,P0005,1,0.05,59.94
ORD003039,P0018,2,0.0,83.6
ORD003040,P0018,1,0.0,41.8
ORD003041,P0017,2,0.1,15.19
ORD003042,P0016,1,0.05,30.31
ORD003042,P0007,1,0.0,110.75
ORD003043,P0011,1,0.0,283.41
ORD003044,P0018,2,0.0,83.6
ORD003044,P0020,2,0.0,54.52
ORD003044,P0017,1,0.05,8.02
ORD003045,P0017,1,0.1,7.6
ORD003046,P0012,2,0.0,46.3
ORD003047,P0012,1,0.0,23.15
ORD003047,P0020,1,0.0,27.26
ORD003047,P0001,1,0.0,46.48
ORD003047,P0016,2,0.15,54.25
ORD003048,P0009,1,0.0,186.88
ORD003048,P0010,1,0.0,336.91
ORD003049,P0018,1,0.2,33.44
ORD003050,P0010,1,0.0,336.91
ORD003051,P0021,1,0.0,24.53
ORD003051,P0004,1,0.05,92.38
ORD003051,P0009,1,0.0,186.88
ORD003052,P0010,1,0.1,303.22
ORD003053,P0019,1,0.15,37.15
ORD003054,P0021,1,0.0,24.53
ORD003055,P0018,1,0.15,35.53
ORD003055,P0016,3,0.0,95.73
ORD003055,P0015,1,0.1,7.39
ORD003056,P0003,1,0.05,16.61
ORD003057,P0008,1,0.0,190.06
ORD003058,P0012,1,0.0,23.15
ORD003058,P0009,1,0.05,177.54
ORD003059,P0011,1,0.05,269.24
ORD003060,P0004,2,0.0,194.48
ORD003061,P0002,2,0.0,234.58
ORD003062,P0007,1,0.2,88.6
ORD003062,P0016,2,0.05,60.63
ORD003063,P0013,2,0.0,11.6
ORD003064,P0008,1,0.1,171.05
ORD003065,P0012,1,0.1,20.84
ORD003065,P0011,1,0.1,255.07
ORD003065,P0020,1,0.0,27.26
ORD003066,P0012,1,0.05,21.99
ORD003066,P0008,2,0.05,361.11
ORD003066,P0004,3,0.0,291.72
ORD003066,P0017,1,0.0,8.44
ORD003067,P0007,1,0.15,94.14
ORD003068,P0007,1,0.1,99.68
ORD003068,P0015,1,0.0,8.21
ORD003068,P0016,1,0.05,30.31
ORD003069,P0004,1,0.15,82.65
ORD003070,P0015,1,0.0,8.21
ORD003071,P0014,1,0.0,11.34
ORD003072,P0002,1,0.0,117.29
ORD003073,P0019,1,0.15,37.15
ORD003073,P0001,1,0.05,44.16
ORD003074,P0009,1,0.0,186.88
ORD003075,P0020,1,0.0,27.26
ORD003075,P0022,2,0.0,109.02
ORD003075,P0017,3,0.0,25.32
ORD003076,P0010,1,0.1,303.22
ORD003076,P0003,1,0.05,16.61
ORD003077,P0004,1,0.0,97.24
ORD003077,P0020,3,0.0,81.78
ORD003078,P0016,1,0.1,28.72
ORD003078,P0002,1,0.1,105.56
ORD003079,P0002,1,0.0,117.29
ORD003079,P0010,1,0.15,286.37
ORD003079,P0008,1,0.05,180.56
ORD003080,P0006,1,0.0,46.81
ORD003080,P0018,1,0.0,41.8
ORD003081,P0012,3,0.0,69.45
ORD003082,P0010,2,0.0,673.82
ORD003082,P0011,1,0.1,255.07
ORD003083,P0009,2,0.0,373.76
ORD003084,P0010,1,0.1,303.22
ORD003084,P0004,1,0.0,97.24
ORD003084,P0020,1,0.2,21.81
ORD003085,P0014,1,0.0,11.34
ORD003086,P0021,1,0.0,24.53
ORD003086,P0006,1,0.0,46.81
ORD003087,P0002,2,0.1,211.12
ORD003088,P0015,2,0.1,14.78
ORD003088,P0018,2,0.1,75.24
ORD003088,P0003,2,0.15,29.72
ORD003089,P0020,3,0.15,69.51
ORD003089,P0001,1,0.05,44.16
ORD003089,P0007,3,0.0,332.25
ORD003090,P0007,1,0.05,105.21
ORD003090,P0019,1,0.0,43.71
ORD003091,P0010,1,0.0,336.91
ORD003091,P0003,1,0.1,15.73
ORD003092,P0003,1,0.0,17.48
ORD003093,P0002,3,0.1,316.68
ORD003093,P0010,2,0.1,606.44
ORD003094,P0005,1,0.05,59.94
ORD003095,P0003,1,0.0,17.48
ORD003096,P0022,1,0.05,51.78
ORD003096,P0013,1,0.1,5.22
ORD003096,P0015,1,0.15,6.98
ORD003097,P0002,1,0.0,117.29
ORD003098,P0013,2,0.1,10.44
ORD003098,P0021,2,0.0,49.06
ORD003098,P0019,1,0.0,43.71
ORD003098,P0006,1,0.15,39.79
ORD003099,P0011,1,0.1,255.07
ORD003099,P0021,1,0.0,24.53
ORD003099,P0017,1,0.0,8.44
ORD003100,P0022,1,0.0,54.51
ORD003101,P0015,1,0.0,8.21
ORD003102,P0004,1,0.0,97.24
ORD003102,P0016,3,0.15,81.37
ORD003102,P0010,3,0.0,1010.73
ORD003102,P0021,2,0.0,49.06
ORD003103,P0020,1,0.0,27.26
ORD003103,P0006,1,0.0,46.81
ORD003103,P0007,1,0.1,99.68
ORD003103,P0019,1,0.05,41.52
ORD003104,P0006,2,0.0,93.62
ORD003104,P0019,1,0.0,43.71
ORD003105,P0015,1,0.0,8.21
ORD003106,P0009,2,0.0,373.76
ORD003107,P0005,1,0.1,56.78
ORD003107,P0004,2,0.0,194.48
ORD003107,P0006,1,0.0,46.81
ORD003108,P0015,2,0.05,15.6
ORD003108,P0012,1,0.05,21.99
ORD003109,P0005,1,0.05,59.94
ORD003110,P0012,1,0.0,23.15
ORD003110,P0018,2,0.0,83.6
ORD003111,P0004,1,0.0,97.24
ORD003111,P0001,1,0.0,46.48
ORD003112,P0008,1,0.05,180.56
ORD003113,P0009,1,0.0,186.88
ORD003113,P0012,2,0.1,41.67
ORD003113,P0018,1,0.0,41.8
ORD003114,P0014,1,0.0,11.34
ORD003114,P0013,1,0.1,5.22
ORD003114,P0022,1,0.0,54.51
ORD003115,P0011,1,0.0,283.41
ORD003115,P0021,1,0.05,23.3
ORD003116,P0008,1,0.0,190.06
ORD003116,P0013,1,0.0,5.8
ORD003116,P0011,2,0.0,566.82
ORD003116,P0007,2,0.0,221.5
ORD003117,P0015,2,0.0,16.42
ORD003117,P0011,2,0.1,510.14
ORD003118,P0007,2,0.1,199.35
ORD003119,P0011,1,0.2,226.73
ORD003120,P0010,1,0.05,320.06
ORD003121,P0005,3,0.0,189.27
ORD003121,P0020,1,0.1,24.53
ORD003122,P0022,1,0.0,54.51
ORD003122,P0012,1,0.0,23.15
ORD003123,P0022,2,0.15,92.67
ORD003123,P0008,1,0.05,180.56
ORD003123,P0009,1,0.0,186.88
ORD003124,P0011,1,0.05,269.24
ORD003125,P0019,1,0.0,43.71
ORD003125,P0004,1,0.0,97.24
ORD003126,P0022,1,0.2,43.61
ORD003126,P0019,1,0.05,41.52
ORD003126,P0016,1,0.0,31.91
ORD003127,P0016,1,0.0,31.91
ORD003128,P0021,1,0.1,22.08
ORD003129,P0014,2,0.05,21.55
ORD003130,P0010,3,0.0,1010.73
ORD003130,P0022,1,0.0,54.51
ORD003130,P0012,2,0.1,41.67
ORD003131,P0003,1,0.0,17.48
ORD003131,P0015,2,0.0,16.42
ORD003132,P0011,1,0.05,269.24
ORD003132,P0021,1,0.0,24.53
ORD003132,P0010,1,0.0,336.91
ORD003133,P0013,1,0.05,5.51
ORD003134,P0014,1,0.0,11.34
ORD003135,P0010,1,0.0,336.91
ORD003136,P0021,1,0.2,19.62
ORD003136,P0022,1,0.0,54.51
ORD003136,P0001,1,0.15,39.51
ORD003137,P0015,3,0.05,23.4
ORD003137,P0010,1,0.0,336.91
ORD003138,P0017,1,0.0,8.44
ORD003138,P0010,1,0.0,336.91
ORD003139,P0005,1,0.0,63.09
ORD003139,P0004,1,0.1,87.52
ORD003140,P0004,1,0.1,87.52
ORD003140,P0007,1,0.1,99.68
ORD003140,P0015,1,0.1,7.39
ORD003140,P0003,1,0.0,17.48
ORD003141,P0014,2,0.1,20.41
ORD003141,P0009,2,0.0,373.76
ORD003142,P0016,1,0.05,30.31
ORD003142,P0006,3,0.0,140.43
ORD003143,P0018,2,0.05,79.42
ORD003143,P0001,3,0.1,125.5
ORD003144,P0018,1,0.15,35.53
ORD003144,P0017,2,0.0,16.88
ORD003145,P0017,3,0.05,24.05
ORD003145,P0016,1,0.0,31.91
ORD003146,P0004,2,0.0,194.48
ORD003146,P0016,1,0.0,31.91
ORD003146,P0005,1,0.05,59.94
ORD003146,P0013,1,0.05,5.51
ORD003147,P0016,1,0.0,31.91
ORD003148,P0022,1,0.0,54.51
ORD003149,P0012,1,0.0,23.15
ORD003150,P0006,1,0.0,46.81
ORD003151,P0003,1,0.1,15.73
ORD003151,P0010,1,0.0,336.91
ORD003152,P0019,1,0.1,39.34
ORD003153,P0009,2,0.05,355.07
ORD003154,P0019,1,0.0,43.71
ORD003154,P0002,1,0.0,117.29
ORD003154,P0020,1,0.0,27.26
ORD003154,P0018,3,0.1,112.86
ORD003155,P0015,1,0.15,6.98
ORD003156,P0022,1,0.1,49.06
ORD003156,P0010,2,0.0,673.82
ORD003156,P0006,1,0.0,46.81
ORD003157,P0015,2,0.0,16.42
ORD003158,P0005,1,0.15,53.63
ORD003159,P0005,1,0.1,56.78
ORD003159,P0004,1,0.0,97.24
ORD003159,P0020,2,0.05,51.79
ORD003160,P0009,1,0.0,186.88
ORD003160,P0021,1,0.05,23.3
ORD003161,P0015,1,0.05,7.8
ORD003161,P0017,2,0.1,15.19
ORD003161,P0011,3,0.0,850.23
ORD003161,P0008,1,0.1,171.05
ORD003162,P0011,1,0.0,283.41
ORD003162,P0010,1,0.0,336.91
ORD003163,P0018,2,0.1,75.24
ORD003163,P0004,1,0.0,97.24
ORD003164,P0014,1,0.0,11.34
ORD003165,P0015,1,0.05,7.8
ORD003166,P0001,2,0.0,92.96
ORD003167,P0016,1,0.0,31.91
ORD003168,P0013,1,0.0,5.8
ORD003169,P0012,2,0.2,37.04
ORD003169,P0009,2,0.1,336.38
ORD003169,P0017,2,0.0,16.88
ORD003170,P0007,1,0.0,110.75
ORD003170,P0011,1,0.1,255.07
ORD003171,P0008,2,0.05,361.11
ORD003172,P0009,1,0.1,168.19
ORD003173,P0018,1,0.2,33.44
ORD003173,P0004,1,0.1,87.52
ORD003173,P0011,1,0.0,283.41
ORD003174,P0019,1,0.0,43.71
ORD003175,P0018,3,0.05,119.13
ORD003175,P0004,3,0.05,277.13
ORD003175,P0010,1,0.0,336.91
ORD003176,P0014,1,0.15,9.64
ORD003177,P0006,1,0.0,46.81
ORD003177,P0009,1,0.05,177.54
ORD003178,P0007,1,0.0,110.75
ORD003178,P0017,1,0.0,8.44
ORD003179,P0014,1,0.05,10.77
ORD003179,P0020,1,0.0,27.26
ORD003180,P0011,1,0.0,283.41
ORD003181,P0017,1,0.0,8.44
ORD003182,P0019,2,0.05,83.05
ORD003183,P0005,1,0.15,53.63
ORD003183,P0004,1,0.05,92.38
ORD003184,P0011,1,0.15,240.9
ORD003184,P0012,1,0.05,21.99
ORD003185,P0005,1,0.05,59.94
ORD003186,P0005,3,0.1,170.34
ORD003186,P0007,1,0.0,110.75
ORD003187,P0007,1,0.2,88.6
ORD003187,P0018,3,0.05,119.13
ORD003188,P0016,1,0.1,28.72
ORD003188,P0003,1,0.15,14.86
ORD003188,P0021,1,0.0,24.53
ORD003188,P0006,1,0.0,46.81
ORD003189,P0004,1,0.05,92.38
ORD003190,P0012,1,0.0,23.15
ORD003191,P0003,1,0.05,16.61
ORD003191,P0001,1,0.0,46.48
ORD003192,P0016,1,0.0,31.91
ORD003193,P0014,1,0.0,11.34
ORD003194,P0001,3,0.0,139.44
ORD003195,P0001,1,0.0,46.48
ORD003196,P0021,1,0.0,24.53
ORD003196,P0005,2,0.05,119.87
ORD003196,P0006,1,0.0,46.81
ORD003197,P0013,1,0.2,4.64
ORD003197,P0018,1,0.1,37.62
ORD003197,P0022,2,0.05,103.57
ORD003197,P0017,1,0.0,8.44
ORD003198,P0010,1,0.15,286.37
ORD003198,P0016,3,0.05,90.94
ORD003199,P0013,1,0.15,4.93
ORD003199,P0004,2,0.0,194.48
ORD003199,P0001,1,0.1,41.83
ORD003200,P0013,1,0.0,5.8
ORD003200,P0015,1,0.15,6.98
ORD003200,P0008,1,0.15,161.55
ORD003201,P0013,3,0.0,17.4
ORD003201,P0004,1,0.0,97.24
ORD003201,P0008,1,0.05,180.56
ORD003202,P0005,1,0.05,59.94
ORD003203,P0017,1,0.1,7.6
ORD003203,P0018,3,0.1,112.86
ORD003204,P0020,1,0.0,27.26
ORD003205,P0010,1,0.0,336.91
ORD003206,P0016,1,0.0,31.91
ORD003207,P0010,1,0.05,320.06
ORD003208,P0010,2,0.05,640.13
ORD003208,P0008,2,0.1,342.11
ORD003208,P0016,1,0.0,31.91
ORD003209,P0012,1,0.0,23.15
ORD003210,P0001,2,0.0,92.96
ORD003210,P0022,1,0.15,46.33
ORD003210,P0009,1,0.2,149.5
ORD003211,P0008,2,0.0,380.12
ORD003211,P0022,2,0.0,109.02
ORD003212,P0020,1,0.0,27.26
ORD003213,P0007,1,0.15,94.14
ORD003214,P0006,1,0.05,44.47
ORD003215,P0018,2,0.0,83.6
ORD003216,P0015,1,0.0,8.21
ORD003217,P0019,1,0.05,41.52
ORD003217,P0020,1,0.0,27.26
ORD003218,P0003,2,0.15,29.72
ORD003219,P0008,1,0.0,190.06
ORD003219,P0015,2,0.0,16.42
ORD003219,P0019,1,0.0,43.71
ORD003220,P0009,2,0.0,373.76
ORD003221,P0007,3,0.0,332.25
ORD003221,P0004,1,0.0,97.24
ORD003222,P0001,1,0.1,41.83
ORD003223,P0014,1,0.0,11.34
ORD003223,P0013,2,0.15,9.86
ORD003224,P0006,2,0.05,88.94
ORD003225,P0004,2,0.0,194.48
ORD003226,P0010,3,0.0,1010.73
ORD003226,P0008,1,0.15,161.55
ORD003227,P0008,1,0.0,190.06
ORD003228,P0014,2,0.15,19.28
ORD003229,P0017,1,0.15,7.17
ORD003230,P0011,1,0.1,255.07
ORD003230,P0007,1,0.15,94.14
ORD003231,P0005,1,0.1,56.78
ORD003232,P0020,1,0.0,27.26
ORD003233,P0017,1,0.0,8.44
ORD003233,P0021,1,0.05,23.3
ORD003233,P0003,1,0.05,16.61
ORD003234,P0019,2,0.1,78.68
ORD003235,P0011,3,0.0,850.23
ORD003236,P0012,1,0.15,19.68
ORD003236,P0015,1,0.0,8.21
ORD003237,P0010,2,0.15,572.75
ORD003237,P0006,1,0.0,46.81
ORD003237,P0001,3,0.1,125.5
ORD003238,P0017,1,0.0,8.44
ORD003239,P0011,1,0.0,283.41
ORD003239,P0004,1,0.1,87.52
ORD003239,P0015,1,0.05,7.8
ORD003240,P0020,2,0.1,49.07
ORD003241,P0002,1,0.0,117.29
ORD003241,P0004,1,0.0,97.24
ORD003242,P0014,1,0.05,10.77
ORD003243,P0010,1,0.0,336.91
ORD003243,P0005,1,0.0,63.09
ORD003244,P0006,2,0.15,79.58
ORD003245,P0015,1,0.0,8.21
ORD003245,P0013,2,0.0,11.6
ORD003246,P0016,3,0.15,81.37
ORD003246,P0017,2,0.1,15.19
ORD003246,P0019,2,0.05,83.05
ORD003247,P0004,1,0.0,97.24
ORD003248,P0018,1,0.1,37.62
ORD003249,P0018,3,0.0,125.4
ORD003250,P0006,1,0.15,39.79
ORD003250,P0012,1,0.05,21.99
ORD003250,P0015,1,0.0,8.21
ORD003251,P0017,1,0.0,8.44
ORD003252,P0006,1,0.0,46.81
ORD003253,P0013,2,0.1,10.44
ORD003254,P0020,1,0.2,21.81
ORD003254,P0003,1,0.0,17.48
ORD003254,P0012,1,0.05,21.99
ORD003255,P0004,3,0.05,277.13
ORD003255,P0016,2,0.05,60.63
ORD003256,P0010,2,0.0,673.82
ORD003257,P0015,1,0.0,8.21
ORD003257,P0011,2,0.0,566.82
ORD003257,P0012,1,0.05,21.99
ORD003258,P0005,1,0.0,63.09
ORD003258,P0016,1,0.0,31.91
ORD003259,P0008,1,0.05,180.56
ORD003260,P0020,1,0.0,27.26
ORD003261,P0022,1,0.05,51.78
ORD003262,P0003,1,0.1,15.73
ORD003263,P0020,3,0.0,81.78
ORD003263,P0008,1,0.0,190.06
ORD003263,P0016,2,0.0,63.82
ORD003263,P0013,3,0.2,13.92
ORD003264,P0010,1,0.1,303.22
ORD003264,P0017,3,0.0,25.32
ORD003264,P0014,1,0.1,10.21
ORD003264,P0007,1,0.0,110.75
ORD003265,P0014,1,0.0,11.34
ORD003266,P0019,1,0.1,39.34
ORD003266,P0017,1,0.05,8.02
ORD003266,P0011,2,0.0,566.82
ORD003267,P0003,1,0.1,15.73
ORD003268,P0013,1,0.05,5.51
ORD003269,P0002,2,0.0,234.58
ORD003269,P0017,1,0.0,8.44
ORD003270,P0016,1,0.0,31.91
ORD003271,P0018,1,0.2,33.44
ORD003271,P0002,1,0.0,117.29
ORD003272,P0020,1,0.0,27.26
ORD003272,P0015,1,0.05,7.8
ORD003272,P0012,1,0.05,21.99
ORD003272,P0022,2,0.0,109.02
ORD003273,P0003,1,0.15,14.86
ORD003273,P0010,1,0.05,320.06
ORD003273,P0020,1,0.05,25.9
ORD003274,P0018,1,0.1,37.62
ORD003274,P0020,1,0.0,27.26
ORD003275,P0018,1,0.0,41.8
ORD003276,P0018,2,0.0,83.6
ORD003276,P0001,2,0.05,88.31
ORD003276,P0009,2,0.15,317.7
ORD003276,P0015,1,0.1,7.39
ORD003277,P0022,1,0.15,46.33
ORD003278,P0003,1,0.0,17.48
ORD003278,P0017,2,0.05,16.04
ORD003279,P0018,3,0.05,119.13
ORD003279,P0003,1,0.0,17.48
ORD003280,P0010,1,0.0,336.91
ORD003280,P0016,1,0.0,31.91
ORD003281,P0015,1,0.1,7.39
ORD003282,P0016,2,0.1,57.44
ORD003282,P0020,2,0.1,49.07
ORD003283,P0011,1,0.05,269.24
ORD003283,P0018,1,0.1,37.62
ORD003284,P0002,1,0.0,117.29
ORD003285,P0002,3,0.0,351.87
ORD003285,P0009,1,0.15,158.85
ORD003285,P0004,1,0.1,87.52
ORD003285,P0021,1,0.05,23.3
ORD003286,P0006,3,0.0,140.43
ORD003286,P0007,1,0.05,105.21
ORD003287,P0012,1,0.05,21.99
ORD003287,P0010,1,0.0,336.91
ORD003288,P0019,1,0.15,37.15
ORD003289,P0017,1,0.0,8.44
ORD003289,P0011,1,0.05,269.24
ORD003290,P0002,2,0.15,199.39
ORD003290,P0018,2,0.0,83.6
ORD003291,P0009,2,0.0,373.76
ORD003291,P0020,1,0.0,27.26
ORD003292,P0015,1,0.05,7.8
ORD003293,P0004,1,0.05,92.38
ORD003294,P0022,1,0.0,54.51
ORD003295,P0014,1,0.1,10.21
ORD003295,P0020,3,0.1,73.6
ORD003296,P0013,1,0.0,5.8
ORD003297,P0021,1,0.0,24.53
ORD003298,P0002,1,0.0,117.29
ORD003298,P0016,2,0.0,63.82
ORD003299,P0009,1,0.05,177.54
ORD003300,P0005,1,0.15,53.63
ORD003301,P0014,3,0.0,34.02
ORD003301,P0020,1,0.0,27.26
ORD003302,P0005,1,0.0,63.09
ORD003303,P0019,2,0.1,78.68
ORD003304,P0014,1,0.0,11.34
ORD003304,P0022,1,0.0,54.51
ORD003305,P0015,1,0.1,7.39
ORD003305,P0006,3,0.15,119.37
ORD003306,P0008,2,0.0,380.12
ORD003306,P0020,1,0.1,24.53
ORD003307,P0006,1,0.0,46.81
ORD003308,P0006,1,0.0,46.81
ORD003308,P0012,1,0.05,21.99
ORD003309,P0012,2,0.1,41.67
ORD003309,P0013,3,0.0,17.4
ORD003310,P0011,1,0.0,283.41
ORD003310,P0001,1,0.05,44.16
ORD003310,P0012,2,0.0,46.3
ORD003311,P0021,3,0.0,73.59
ORD003311,P0005,2,0.1,113.56
ORD003312,P0005,3,0.05,179.81
ORD003312,P0018,1,0.0,41.8
ORD003313,P0007,3,0.0,332.25
ORD003314,P0017,2,0.1,15.19
ORD003314,P0021,2,0.2,39.25
ORD003315,P0002,1,0.2,93.83
ORD003315,P0010,1,0.05,320.06
ORD003316,P0012,1,0.15,19.68
ORD003316,P0015,1,0.05,7.8
ORD003316,P0010,1,0.0,336.91
ORD003317,P0001,1,0.15,39.51
ORD003317,P0014,1,0.0,11.34
ORD003318,P0006,1,0.0,46.81
ORD003319,P0016,1,0.15,27.12
ORD003319,P0017,2,0.15,14.35
ORD003320,P0006,1,0.0,46.81
ORD003321,P0004,1,0.05,92.38
ORD003321,P0020,1,0.15,23.17
ORD003322,P0015,1,0.2,6.57
ORD003322,P0012,1,0.0,23.15
ORD003323,P0006,1,0.0,46.81
ORD003323,P0004,1,0.1,87.52
ORD003323,P0020,1,0.0,27.26
ORD003324,P0013,2,0.0,11.6
ORD003324,P0014,1,0.05,10.77
ORD003325,P0006,2,0.15,79.58
ORD003325,P0005,1,0.05,59.94
ORD003325,P0010,2,0.0,673.82
ORD003326,P0009,2,0.1,336.38
ORD003326,P0014,1,0.0,11.34
ORD003326,P0008,1,0.0,190.06
ORD003327,P0008,1,0.1,171.05
ORD003327,P0021,1,0.2,19.62
ORD003328,P0008,1,0.1,171.05
ORD003329,P0002,2,0.0,234.58
ORD003330,P0016,1,0.2,25.53
ORD003330,P0010,2,0.1,606.44
ORD003331,P0006,1,0.0,46.81
ORD003331,P0022,1,0.05,51.78
ORD003332,P0018,1,0.1,37.62
ORD003333,P0022,1,0.0,54.51
ORD003333,P0020,1,0.1,24.53
ORD003334,P0011,1,0.0,283.41
ORD003335,P0003,1,0.0,17.48
ORD003335,P0018,2,0.05,79.42
ORD003335,P0019,1,0.05,41.52
ORD003336,P0005,1,0.0,63.09
ORD003336,P0004,1,0.05,92.38
ORD003337,P0006,1,0.0,46.81
ORD003337,P0017,1,0.05,8.02
ORD003338,P0002,2,0.0,234.58
ORD003338,P0022,1,0.0,54.51
ORD003338,P0013,1,0.0,5.8
ORD003339,P0010,1,0.0,336.91
ORD003340,P0019,1,0.0,43.71
ORD003340,P0001,3,0.05,132.47
ORD003340,P0022,2,0.2,87.22
ORD003341,P0006,1,0.05,44.47
ORD003342,P0020,1,0.0,27.26
ORD003342,P0021,1,0.1,22.08
ORD003342,P0010,1,0.1,303.22
ORD003342,P0012,1,0.1,20.84
ORD003343,P0019,1,0.0,43.71
ORD003344,P0005,3,0.1,170.34
ORD003344,P0014,1,0.0,11.34
ORD003345,P0010,1,0.0,336.91
ORD003345,P0001,1,0.05,44.16
ORD003346,P0014,2,0.0,22.68
ORD003346,P0022,1,0.15,46.33
ORD003347,P0004,1,0.0,97.24
ORD003347,P0008,1,0.1,171.05
ORD003347,P0006,3,0.0,140.43
ORD003347,P0013,1,0.15,4.93
ORD003348,P0008,2,0.0,380.12
ORD003349,P0013,1,0.0,5.8
ORD003349,P0015,1,0.0,8.21
ORD003350,P0002,3,0.05,334.28
ORD003351,P0004,2,0.0,194.48
ORD003351,P0002,3,0.1,316.68
ORD003352,P0022,2,0.15,92.67
ORD003352,P0002,1,0.1,105.56
ORD003353,P0021,2,0.15,41.7
ORD003353,P0009,1,0.1,168.19
ORD003354,P0022,1,0.05,51.78
ORD003355,P0022,1,0.05,51.78
ORD003356,P0017,2,0.0,16.88
ORD003356,P0010,2,0.15,572.75
ORD003357,P0016,2,0.15,54.25
ORD003358,P0010,1,0.05,320.06
ORD003358,P0008,1,0.0,190.06
ORD003359,P0003,3,0.05,49.82
ORD003359,P0002,2,0.0,234.58
ORD003359,P0013,1,0.05,5.51
ORD003360,P0011,1,0.0,283.41
ORD003361,P0011,1,0.0,283.41
ORD003362,P0020,1,0.0,27.26
ORD003363,P0012,2,0.0,46.3
ORD003363,P0002,3,0.05,334.28
ORD003363,P0017,1,0.1,7.6
ORD003363,P0016,2,0.1,57.44
ORD003364,P0017,1,0.05,8.02
ORD003364,P0002,1,0.0,117.29
ORD003365,P0015,1,0.0,8.21
ORD003366,P0012,2,0.0,46.3
ORD003366,P0017,1,0.15,7.17
ORD003366,P0018,1,0.2,33.44
ORD003367,P0015,1,0.05,7.8
ORD003367,P0020,2,0.0,54.52
ORD003368,P0015,1,0.15,6.98
ORD003368,P0004,3,0.0,291.72
ORD003369,P0022,1,0.05,51.78
ORD003369,P0016,1,0.0,31.91
ORD003370,P0008,1,0.15,161.55
ORD003371,P0002,2,0.0,234.58
ORD003372,P0004,1,0.0,97.24
ORD003373,P0001,1,0.0,46.48
ORD003373,P0004,2,0.05,184.76
ORD003373,P0022,1,0.05,51.78
ORD003374,P0012,1,0.1,20.84
ORD003374,P0018,1,0.0,41.8
ORD003374,P0016,3,0.0,95.73
ORD003375,P0008,1,0.05,180.56
ORD003375,P0016,2,0.1,57.44
ORD003375,P0012,1,0.05,21.99
ORD003375,P0002,1,0.0,117.29
ORD003376,P0014,1,0.05,10.77
ORD003377,P0022,2,0.1,98.12
ORD003378,P0019,1,0.0,43.71
ORD003379,P0020,2,0.15,46.34
ORD003379,P0014,1,0.0,11.34
ORD003379,P0010,1,0.15,286.37
ORD003380,P0004,1,0.0,97.24
ORD003380,P0011,2,0.05,538.48
ORD003381,P0021,2,0.0,49.06
ORD003381,P0009,1,0.0,186.88
ORD003381,P0010,3,0.0,1010.73
ORD003382,P0022,1,0.0,54.51
ORD003382,P0017,2,0.0,16.88
ORD003383,P0005,2,0.05,119.87
ORD003383,P0013,1,0.1,5.22
ORD003384,P0016,1,0.0,31.91
ORD003384,P0006,1,0.0,46.81
ORD003385,P0020,1,0.0,27.26
ORD003386,P0001,1,0.0,46.48
ORD003387,P0015,1,0.0,8.21
ORD003387,P0001,3,0.0,139.44
ORD003388,P0010,1,0.0,336.91
ORD003388,P0001,1,0.0,46.48
ORD003389,P0016,1,0.1,28.72
ORD003389,P0009,3,0.0,560.64
ORD003389,P0021,2,0.2,39.25
ORD003389,P0008,2,0.15,323.1
ORD003390,P0003,1,0.0,17.48
ORD003390,P0007,1,0.1,99.68
ORD003390,P0018,1,0.15,35.53
ORD003391,P0017,2,0.0,16.88
ORD003391,P0021,3,0.1,66.23
ORD003391,P0006,1,0.0,46.81
ORD003391,P0011,1,0.05,269.24
ORD003392,P0013,1,0.0,5.8
ORD003392,P0014,1,0.0,11.34
ORD003392,P0012,2,0.15,39.35
ORD003392,P0017,2,0.0,16.88
ORD003393,P0011,2,0.05,538.48
ORD003394,P0018,2,0.0,83.6
ORD003395,P0005,2,0.0,126.18
ORD003396,P0011,1,0.0,283.41
ORD003397,P0008,1,0.0,190.06
ORD003398,P0022,1,0.2,43.61
ORD003399,P0011,1,0.0,283.41
ORD003399,P0012,1,0.0,23.15
ORD003399,P0004,1,0.15,82.65
ORD003399,P0003,1,0.2,13.98
ORD003400,P0008,3,0.1,513.16
ORD003400,P0001,1,0.0,46.48
ORD003401,P0007,1,0.15,94.14
ORD003401,P0008,1,0.0,190.06
ORD003402,P0020,2,0.0,54.52
ORD003402,P0002,1,0.05,111.43
ORD003402,P0011,1,0.0,283.41
ORD003402,P0004,1,0.0,97.24
ORD003403,P0018,1,0.0,41.8
ORD003403,P0013,2,0.0,11.6
ORD003404,P0014,2,0.15,19.28
ORD003404,P0021,1,0.1,22.08
ORD003405,P0019,1,0.0,43.71
ORD003406,P0017,2,0.0,16.88
ORD003406,P0007,2,0.0,221.5
ORD003406,P0016,1,0.0,31.91
ORD003406,P0020,3,0.05,77.69
ORD003407,P0003,1,0.0,17.48
ORD003408,P0019,1,0.05,41.52
ORD003408,P0006,1,0.0,46.81
ORD003408,P0001,1,0.15,39.51
ORD003408,P0009,2,0.1,336.38
ORD003409,P0014,1,0.2,9.07
ORD003409,P0003,1,0.05,16.61
ORD003409,P0019,1,0.0,43.71
ORD003410,P0004,1,0.0,97.24
ORD003410,P0021,1,0.05,23.3
ORD003411,P0007,1,0.0,110.75
ORD003411,P0006,1,0.05,44.47
ORD003412,P0006,1,0.1,42.13
ORD003412,P0009,1,0.05,177.54
ORD003413,P0001,1,0.0,46.48
ORD003414,P0003,3,0.0,52.44
ORD003414,P0020,1,0.15,23.17
ORD003415,P0007,1,0.1,99.68
ORD003416,P0015,1,0.0,8.21
ORD003417,P0014,1,0.2,9.07
ORD003418,P0018,2,0.0,83.6
ORD003418,P0021,1,0.0,24.53
ORD003419,P0002,1,0.0,117.29
ORD003419,P0001,2,0.05,88.31
ORD003420,P0006,1,0.0,46.81
ORD003420,P0022,1,0.1,49.06
ORD003420,P0011,3,0.1,765.21
ORD003420,P0020,3,0.0,81.78
ORD003421,P0002,2,0.0,234.58
ORD003422,P0004,1,0.0,97.24
ORD003423,P0011,1,0.05,269.24
ORD003423,P0002,3,0.0,351.87
ORD003424,P0019,1,0.05,41.52
ORD003424,P0015,1,0.15,6.98
ORD003425,P0020,1,0.0,27.26
ORD003426,P0005,2,0.1,113.56
ORD003427,P0013,1,0.05,5.51
ORD003427,P0012,1,0.15,19.68
ORD003427,P0005,1,0.15,53.63
ORD003428,P0004,1,0.05,92.38
ORD003429,P0014,1,0.0,11.34
ORD003429,P0017,3,0.1,22.79
ORD003429,P0002,2,0.05,222.85
ORD003430,P0006,1,0.0,46.81
ORD003431,P0013,2,0.1,10.44
ORD003432,P0011,1,0.2,226.73
ORD003433,P0002,3,0.1,316.68
ORD003433,P0019,2,0.0,87.42
ORD003434,P0018,1,0.0,41.8
ORD003434,P0020,1,0.15,23.17
ORD003435,P0014,1,0.1,10.21
ORD003435,P0012,1,0.05,21.99
ORD003436,P0007,1,0.0,110.75
ORD003437,P0013,3,0.1,15.66
ORD003437,P0015,1,0.0,8.21
ORD003437,P0006,1,0.05,44.47
ORD003438,P0015,1,0.15,6.98
ORD003439,P0013,1,0.0,5.8
ORD003440,P0004,3,0.2,233.38
ORD003441,P0012,1,0.05,21.99
ORD003441,P0016,2,0.15,54.25
ORD003442,P0011,1,0.2,226.73
ORD003442,P0022,2,0.0,109.02
ORD003443,P0020,1,0.0,27.26
ORD003444,P0008,1,0.05,180.56
ORD003444,P0016,1,0.0,31.91
ORD003445,P0020,3,0.0,81.78
ORD003445,P0015,1,0.0,8.21
ORD003445,P0010,2,0.05,640.13
ORD003445,P0008,1,0.0,190.06
ORD003446,P0019,1,0.0,43.71
ORD003447,P0004,2,0.0,194.48
ORD003448,P0019,1,0.0,43.71
ORD003449,P0013,1,0.1,5.22
ORD003449,P0001,1,0.05,44.16
ORD003449,P0004,3,0.15,247.96
ORD003450,P0006,1,0.05,44.47
ORD003450,P0008,1,0.05,180.56
ORD003450,P0014,1,0.15,9.64
ORD003451,P0006,2,0.0,93.62
ORD003452,P0015,1,0.05,7.8
ORD003453,P0005,1,0.0,63.09
ORD003454,P0004,3,0.15,247.96
ORD003455,P0010,1,0.0,336.91
ORD003455,P0012,1,0.1,20.84
ORD003455,P0001,2,0.0,92.96
ORD003456,P0011,2,0.1,510.14
ORD003456,P0003,1,0.0,17.48
ORD003457,P0006,3,0.1,126.39
ORD003457,P0001,1,0.0,46.48
ORD003457,P0014,1,0.0,11.34
ORD003457,P0021,1,0.15,20.85
ORD003458,P0015,1,0.0,8.21
ORD003458,P0011,3,0.0,850.23
ORD003459,P0014,1,0.0,11.34
ORD003460,P0011,1,0.0,283.41
ORD003461,P0006,1,0.0,46.81
ORD003462,P0018,1,0.05,39.71
ORD003463,P0011,2,0.0,566.82
ORD003463,P0007,2,0.1,199.35
ORD003464,P0016,3,0.05,90.94
ORD003465,P0019,3,0.0,131.13
ORD003465,P0020,1,0.2,21.81
ORD003465,P0018,1,0.1,37.62
ORD003465,P0011,1,0.15,240.9
ORD003466,P0004,2,0.0,194.48
ORD003467,P0003,1,0.05,16.61
ORD003468,P0008,1,0.05,180.56
ORD003469,P0013,1,0.15,4.93
ORD003470,P0022,1,0.2,43.61
ORD003470,P0017,1,0.0,8.44
ORD003471,P0017,3,0.0,25.32
ORD003471,P0013,1,0.15,4.93
ORD003471,P0011,2,0.15,481.8
ORD003471,P0022,1,0.15,46.33
ORD003472,P0016,2,0.05,60.63
ORD003472,P0021,1,0.05,23.3
ORD003472,P0017,2,0.0,16.88
ORD003472,P0011,1,0.0,283.41
ORD003473,P0003,1,0.0,17.48
ORD003473,P0013,1,0.1,5.22
ORD003473,P0001,2,0.05,88.31
ORD003474,P0012,1,0.0,23.15
ORD003475,P0022,2,0.0,109.02
ORD003475,P0003,1,0.0,17.48
ORD003475,P0008,1,0.05,180.56
ORD003476,P0007,2,0.05,210.42
ORD003476,P0005,1,0.05,59.94
ORD003477,P0004,1,0.0,97.24
ORD003477,P0020,1,0.0,27.26
ORD003478,P0011,1,0.0,283.41
ORD003479,P0022,1,0.15,46.33
ORD003479,P0006,1,0.0,46.81
ORD003480,P0008,1,0.0,190.06
ORD003480,P0012,3,0.1,62.5
ORD003481,P0022,1,0.1,49.06
ORD003482,P0018,1,0.05,39.71
ORD003482,P0005,1,0.1,56.78
ORD003483,P0002,3,0.15,299.09
ORD003483,P0001,1,0.0,46.48
ORD003484,P0022,1,0.0,54.51
ORD003484,P0020,1,0.05,25.9
ORD003485,P0005,1,0.15,53.63
ORD003485,P0009,1,0.15,158.85
ORD003486,P0019,1,0.0,43.71
ORD003486,P0002,1,0.1,105.56
ORD003487,P0001,1,0.0,46.48
ORD003487,P0017,1,0.0,8.44
ORD003487,P0010,1,0.15,286.37
ORD003488,P0010,1,0.1,303.22
ORD003488,P0022,1,0.0,54.51
ORD003488,P0007,1,0.05,105.21
ORD003489,P0007,1,0.2,88.6
ORD003490,P0006,1,0.05,44.47
ORD003490,P0010,1,0.0,336.91
ORD003491,P0011,2,0.0,566.82
ORD003492,P0006,1,0.0,46.81
ORD003492,P0010,2,0.1,606.44
ORD003492,P0016,1,0.15,27.12
ORD003493,P0013,1,0.0,5.8
ORD003494,P0020,1,0.0,27.26
ORD003494,P0009,2,0.1,336.38
ORD003495,P0011,1,0.05,269.24
ORD003495,P0005,1,0.05,59.94
ORD003495,P0016,1,0.05,30.31
ORD003496,P0014,1,0.0,11.34
ORD003496,P0006,2,0.1,84.26
ORD003496,P0012,1,0.2,18.52
ORD003497,P0016,2,0.1,57.44
ORD003498,P0010,1,0.0,336.91
ORD003498,P0019,3,0.1,118.02
ORD003498,P0007,2,0.0,221.5
ORD003499,P0006,1,0.05,44.47
ORD003500,P0010,1,0.05,320.06
ORD003501,P0005,1,0.15,53.63
ORD003502,P0015,1,0.0,8.21
ORD003502,P0018,1,0.05,39.71
ORD003503,P0007,1,0.05,105.21
ORD003504,P0003,1,0.0,17.48
ORD003505,P0006,1,0.15,39.79
ORD003505,P0009,2,0.0,373.76
ORD003505,P0002,1,0.05,111.43
ORD003506,P0017,1,0.0,8.44
ORD003507,P0014,1,0.0,11.34
ORD003507,P0010,1,0.05,320.06
ORD003507,P0001,1,0.0,46.48
ORD003508,P0008,1,0.15,161.55
ORD003508,P0017,1,0.0,8.44
ORD003509,P0016,2,0.0,63.82
ORD003509,P0006,1,0.0,46.81
ORD003510,P0013,3,0.0,17.4
ORD003511,P0014,1,0.0,11.34
ORD003512,P0002,3,0.0,351.87
ORD003512,P0019,1,0.0,43.71
ORD003512,P0008,1,0.05,180.56
ORD003513,P0001,3,0.0,139.44
ORD003514,P0004,1,0.15,82.65
ORD003514,P0005,1,0.1,56.78
ORD003515,P0016,1,0.05,30.31
ORD003515,P0021,1,0.2,19.62
ORD003516,P0010,1,0.1,303.22
ORD003517,P0008,2,0.15,323.1
ORD003517,P0022,1,0.1,49.06
ORD003517,P0007,1,0.0,110.75
ORD003518,P0003,1,0.1,15.73
ORD003519,P0007,1,0.1,99.68
ORD003519,P0011,2,0.0,566.82
ORD003519,P0015,1,0.0,8.21
ORD003520,P0012,1,0.0,23.15
ORD003521,P0007,1,0.0,110.75
ORD003522,P0009,1,0.0,186.88
ORD003522,P0003,1,0.0,17.48
ORD003523,P0014,1,0.2,9.07
ORD003523,P0001,1,0.2,37.18
ORD003523,P0013,1,0.0,5.8
ORD003523,P0007,1,0.1,99.68
ORD003524,P0003,1,0.0,17.48
ORD003524,P0002,3,0.05,334.28
ORD003525,P0017,1,0.05,8.02
ORD003525,P0008,1,0.0,190.06
ORD003525,P0016,2,0.0,63.82
ORD003526,P0006,1,0.0,46.81
ORD003527,P0014,1,0.05,10.77
ORD003528,P0012,1,0.0,23.15
ORD003528,P0002,2,0.2,187.66
ORD003528,P0004,1,0.0,97.24
ORD003529,P0001,1,0.0,46.48
ORD003529,P0003,1,0.1,15.73
ORD003529,P0016,1,0.0,31.91
ORD003530,P0002,1,0.0,117.29
ORD003530,P0001,1,0.0,46.48
ORD003530,P0019,1,0.1,39.34
ORD003531,P0010,2,0.1,606.44
ORD003531,P0014,1,0.15,9.64
ORD003532,P0014,1,0.0,11.34
ORD003533,P0007,1,0.05,105.21
ORD003533,P0019,2,0.1,78.68
ORD003533,P0016,3,0.1,86.16
ORD003534,P0004,1,0.0,97.24
ORD003534,P0020,3,0.0,81.78
ORD003535,P0006,3,0.05,133.41
ORD003535,P0018,1,0.0,41.8
ORD003536,P0004,2,0.0,194.48
ORD003537,P0017,1,0.0,8.44
ORD003537,P0022,1,0.05,51.78
ORD003537,P0013,1,0.0,5.8
ORD003537,P0011,1,0.0,283.41
ORD003538,P0010,2,0.05,640.13
ORD003538,P0006,2,0.1,84.26
ORD003539,P0013,1,0.0,5.8
ORD003540,P0021,1,0.0,24.53
ORD003540,P0017,1,0.15,7.17
ORD003541,P0020,1,0.0,27.26
ORD003542,P0020,3,0.0,81.78
ORD003542,P0011,1,0.05,269.24
ORD003543,P0021,1,0.0,24.53
ORD003543,P0020,2,0.15,46.34
ORD003543,P0011,1,0.0,283.41
ORD003544,P0019,3,0.2,104.9
ORD003545,P0007,3,0.05,315.64
ORD003546,P0008,2,0.0,380.12
ORD003547,P0017,2,0.0,16.88
ORD003547,P0005,3,0.05,179.81
ORD003547,P0011,2,0.05,538.48
ORD003548,P0022,1,0.0,54.51
ORD003549,P0011,1,0.1,255.07
ORD003549,P0018,1,0.0,41.8
ORD003550,P0006,1,0.2,37.45
ORD003550,P0005,1,0.0,63.09
ORD003550,P0015,2,0.0,16.42
ORD003551,P0007,1,0.1,99.68
ORD003552,P0016,1,0.1,28.72
ORD003552,P0022,2,0.15,92.67
ORD003552,P0017,1,0.2,6.75
ORD003553,P0007,1,0.0,110.75
ORD003553,P0022,1,0.0,54.51
ORD003553,P0019,1,0.0,43.71
ORD003554,P0022,1,0.05,51.78
ORD003555,P0014,1,0.1,10.21
ORD003555,P0007,2,0.0,221.5
ORD003556,P0005,1,0.1,56.78
ORD003556,P0004,1,0.0,97.24
ORD003557,P0011,3,0.05,807.72
ORD003558,P0009,1,0.05,177.54
ORD003559,P0016,1,0.0,31.91
ORD003560,P0020,1,0.0,27.26
ORD003561,P0015,1,0.0,8.21
ORD003562,P0008,3,0.0,570.18
ORD003562,P0012,1,0.05,21.99
ORD003563,P0012,1,0.15,19.68
ORD003563,P0018,2,0.0,83.6
ORD003563,P0008,1,0.05,180.56
ORD003564,P0018,1,0.0,41.8
ORD003564,P0007,1,0.05,105.21
ORD003564,P0002,1,0.0,117.29
ORD003565,P0015,1,0.1,7.39
ORD003565,P0020,3,0.15,69.51
ORD003566,P0005,1,0.15,53.63
ORD003567,P0018,1,0.0,41.8
ORD003568,P0013,1,0.15,4.93
ORD003568,P0003,1,0.0,17.48
ORD003568,P0020,1,0.1,24.53
ORD003568,P0007,1,0.0,110.75
ORD003569,P0012,1,0.0,23.15
ORD003569,P0013,2,0.05,11.02
ORD003570,P0016,1,0.0,31.91
ORD003570,P0011,1,0.05,269.24
ORD003570,P0014,2,0.05,21.55
ORD003571,P0010,3,0.05,960.19
ORD003571,P0001,2,0.15,79.02
ORD003572,P0013,3,0.05,16.53
ORD003573,P0021,2,0.0,49.06
ORD003573,P0012,2,0.05,43.98
ORD003573,P0009,1,0.0,186.88
ORD003573,P0005,1,0.05,59.94
ORD003574,P0003,1,0.05,16.61
ORD003574,P0011,1,0.05,269.24
ORD003574,P0018,2,0.05,79.42
ORD003575,P0003,1,0.05,16.61
ORD003576,P0012,1,0.0,23.15
ORD003577,P0016,1,0.2,25.53
ORD003577,P0006,1,0.15,39.79
ORD003578,P0012,2,0.0,46.3
ORD003578,P0005,1,0.0,63.09
ORD003578,P0019,1,0.15,37.15
ORD003579,P0014,2,0.0,22.68
ORD003579,P0009,1,0.0,186.88
ORD003580,P0010,1,0.15,286.37
ORD003580,P0013,1,0.05,5.51
ORD003580,P0011,1,0.0,283.41
ORD003580,P0018,1,0.0,41.8
ORD003581,P0011,2,0.0,566.82
ORD003581,P0015,1,0.0,8.21
ORD003581,P0018,3,0.0,125.4
ORD003581,P0012,1,0.1,20.84
ORD003582,P0005,1,0.2,50.47
ORD003583,P0009,1,0.0,186.88
ORD003584,P0015,1,0.15,6.98
ORD003584,P0009,1,0.0,186.88
ORD003584,P0010,1,0.1,303.22
ORD003585,P0016,1,0.05,30.31
ORD003586,P0016,2,0.05,60.63
ORD003586,P0018,1,0.1,37.62
ORD003587,P0013,3,0.0,17.4
ORD003588,P0002,1,0.1,105.56
ORD003589,P0003,2,0.0,34.96
ORD003590,P0007,1,0.15,94.14
ORD003590,P0014,1,0.1,10.21
ORD003591,P0002,1,0.15,99.7
ORD003591,P0007,3,0.0,332.25
ORD003591,P0009,1,0.1,168.19
ORD003591,P0010,3,0.0,1010.73
ORD003592,P0017,2,0.0,16.88
ORD003593,P0009,1,0.1,168.19
ORD003593,P0016,1,0.0,31.91
ORD003593,P0013,1,0.0,5.8
ORD003594,P0006,1,0.0,46.81
ORD003594,P0016,1,0.0,31.91
ORD003595,P0019,1,0.0,43.71
ORD003595,P0004,3,0.0,291.72
ORD003596,P0006,2,0.05,88.94
ORD003596,P0005,1,0.0,63.09
ORD003596,P0022,1,0.0,54.51
ORD003597,P0005,1,0.1,56.78
ORD003597,P0019,1,0.05,41.52
ORD003597,P0009,2,0.15,317.7
ORD003598,P0005,1,0.0,63.09
ORD003598,P0002,1,0.1,105.56
ORD003598,P0015,1,0.1,7.39
ORD003599,P0014,1,0.0,11.34
ORD003599,P0009,2,0.0,373.76
ORD003600,P0009,1,0.05,177.54
ORD003600,P0002,1,0.0,117.29
ORD003600,P0005,1,0.0,63.09
ORD003601,P0013,1,0.0,5.8
ORD003601,P0021,2,0.0,49.06
ORD003602,P0008,1,0.0,190.06
ORD003602,P0009,1,0.1,168.19
ORD003603,P0015,1,0.05,7.8
ORD003603,P0019,1,0.05,41.52
ORD003603,P0021,2,0.1,44.15
ORD003603,P0003,2,0.0,34.96
ORD003604,P0012,1,0.0,23.15
ORD003605,P0016,1,0.1,28.72
ORD003605,P0019,3,0.0,131.13
ORD003606,P0021,1,0.0,24.53
ORD003606,P0017,1,0.0,8.44
ORD003607,P0014,2,0.0,22.68
ORD003607,P0008,3,0.0,570.18
ORD003608,P0019,1,0.0,43.71
ORD003609,P0018,3,0.1,112.86
ORD003609,P0011,1,0.0,283.41
ORD003610,P0005,1,0.0,63.09
ORD003610,P0013,2,0.2,9.28
ORD003611,P0009,1,0.0,186.88
ORD003611,P0018,1,0.0,41.8
ORD003611,P0022,2,0.0,109.02
ORD003612,P0009,2,0.1,336.38
ORD003612,P0002,2,0.0,234.58
ORD003612,P0019,1,0.1,39.34
ORD003613,P0019,1,0.0,43.71
ORD003613,P0006,1,0.0,46.81
ORD003614,P0020,3,0.05,77.69
ORD003615,P0013,2,0.1,10.44
ORD003615,P0012,1,0.05,21.99
ORD003616,P0010,1,0.1,303.22
ORD003617,P0009,2,0.1,336.38
ORD003618,P0019,1,0.0,43.71
ORD003618,P0007,3,0.1,299.03
ORD003618,P0022,1,0.1,49.06
ORD003618,P0013,1,0.05,5.51
ORD003619,P0018,1,0.0,41.8
ORD003619,P0019,1,0.05,41.52
ORD003619,P0014,1,0.2,9.07
ORD003619,P0004,1,0.05,92.38
ORD003620,P0021,2,0.0,49.06
ORD003621,P0001,1,0.0,46.48
ORD003621,P0005,1,0.0,63.09
ORD003622,P0019,2,0.0,87.42
ORD003622,P0014,1,0.0,11.34
ORD003622,P0020,1,0.05,25.9
ORD003623,P0013,1,0.05,5.51
ORD003623,P0022,2,0.1,98.12
ORD003623,P0021,1,0.15,20.85
ORD003624,P0005,3,0.05,179.81
ORD003625,P0006,1,0.15,39.79
ORD003626,P0021,1,0.0,24.53
ORD003627,P0021,1,0.0,24.53
ORD003627,P0017,1,0.0,8.44
ORD003628,P0011,2,0.05,538.48
ORD003629,P0010,2,0.1,606.44
ORD003629,P0022,1,0.1,49.06
ORD003629,P0020,2,0.0,54.52
ORD003630,P0010,1,0.0,336.91
ORD003630,P0011,1,0.0,283.41
ORD003631,P0004,1,0.0,97.24
ORD003632,P0017,1,0.0,8.44
ORD003633,P0012,1,0.0,23.15
ORD003633,P0005,1,0.1,56.78
ORD003634,P0021,1,0.0,24.53
ORD003634,P0015,2,0.0,16.42
ORD003635,P0005,1,0.0,63.09
ORD003636,P0013,1,0.1,5.22
ORD003636,P0016,1,0.0,31.91
ORD003636,P0017,2,0.0,16.88
ORD003637,P0016,3,0.2,76.58
ORD003638,P0001,3,0.0,139.44
ORD003639,P0012,2,0.0,46.3
ORD003639,P0019,1,0.0,43.71
ORD003639,P0007,1,0.0,110.75
ORD003639,P0021,3,0.05,69.91
ORD003640,P0008,2,0.0,380.12
ORD003641,P0007,1,0.15,94.14
ORD003642,P0011,1,0.0,283.41
ORD003642,P0013,1,0.05,5.51
ORD003642,P0012,2,0.1,41.67
ORD003643,P0012,1,0.0,23.15
ORD003644,P0019,1,0.1,39.34
ORD003645,P0009,1,0.0,186.88
ORD003646,P0003,1,0.2,13.98
ORD003646,P0007,2,0.0,221.5
ORD003646,P0012,1,0.0,23.15
ORD003647,P0011,2,0.15,481.8
ORD003648,P0021,1,0.0,24.53
ORD003649,P0019,2,0.05,83.05
ORD003650,P0013,1,0.0,5.8
ORD003650,P0019,1,0.0,43.71
ORD003650,P0018,1,0.0,41.8
ORD003650,P0009,3,0.05,532.61
ORD003651,P0001,3,0.0,139.44
ORD003651,P0019,2,0.0,87.42
ORD003652,P0014,3,0.05,32.32
ORD003653,P0012,2,0.1,41.67
ORD003653,P0002,1,0.0,117.29
ORD003653,P0020,1,0.15,23.17
ORD003654,P0022,1,0.15,46.33
ORD003654,P0009,1,0.0,186.88
ORD003654,P0016,2,0.0,63.82
ORD003655,P0001,2,0.0,92.96
ORD003656,P0002,1,0.0,117.29
ORD003656,P0008,1,0.0,190.06
ORD003657,P0018,1,0.15,35.53
ORD003657,P0003,1,0.0,17.48
ORD003657,P0008,1,0.0,190.06
ORD003657,P0007,1,0.0,110.75
ORD003658,P0019,2,0.0,87.42
ORD003659,P0020,3,0.0,81.78
ORD003659,P0003,2,0.0,34.96
ORD003659,P0007,1,0.0,110.75
ORD003659,P0014,1,0.0,11.34
ORD003660,P0019,2,0.0,87.42
ORD003661,P0018,1,0.0,41.8
ORD003661,P0011,2,0.0,566.82
ORD003661,P0015,3,0.05,23.4
ORD003662,P0009,1,0.0,186.88
ORD003662,P0016,1,0.1,28.72
ORD003663,P0018,1,0.15,35.53
ORD003663,P0004,1,0.0,97.24
ORD003663,P0009,1,0.05,177.54
ORD003664,P0005,1,0.1,56.78
ORD003664,P0003,1,0.0,17.48
ORD003665,P0019,1,0.0,43.71
ORD003666,P0022,1,0.0,54.51
ORD003667,P0015,1,0.0,8.21
ORD003668,P0012,1,0.1,20.84
ORD003668,P0020,2,0.0,54.52
ORD003669,P0016,1,0.15,27.12
ORD003670,P0013,1,0.05,5.51
ORD003670,P0008,2,0.05,361.11
ORD003671,P0017,3,0.15,21.52
ORD003671,P0012,1,0.1,20.84
ORD003672,P0010,1,0.05,320.06
ORD003672,P0019,2,0.1,78.68
ORD003673,P0018,1,0.0,41.8
ORD003673,P0005,3,0.1,170.34
ORD003673,P0020,1,0.15,23.17
ORD003674,P0009,1,0.05,177.54
ORD003675,P0005,1,0.0,63.09
ORD003675,P0011,1,0.0,283.41
ORD003675,P0018,1,0.0,41.8
ORD003675,P0010,2,0.0,673.82
ORD003676,P0011,1,0.0,283.41
ORD003677,P0011,1,0.05,269.24
ORD003678,P0006,1,0.05,44.47
ORD003678,P0017,2,0.1,15.19
ORD003678,P0009,1,0.0,186.88
ORD003679,P0001,1,0.05,44.16
ORD003679,P0003,1,0.0,17.48
ORD003680,P0009,1,0.0,186.88
ORD003681,P0003,1,0.1,15.73
ORD003682,P0016,1,0.0,31.91
ORD003682,P0018,2,0.0,83.6
ORD003682,P0014,2,0.0,22.68
ORD003682,P0021,1,0.1,22.08
ORD003683,P0001,1,0.1,41.83
ORD003683,P0003,2,0.0,34.96
ORD003683,P0016,2,0.0,63.82
ORD003684,P0006,1,0.1,42.13
ORD003684,P0018,1,0.05,39.71
ORD003684,P0021,1,0.05,23.3
ORD003685,P0022,2,0.0,109.02
ORD003686,P0019,2,0.0,87.42
ORD003686,P0015,1,0.0,8.21
ORD003686,P0014,1,0.0,11.34
ORD003687,P0002,1,0.1,105.56
ORD003688,P0020,1,0.0,27.26
ORD003688,P0009,1,0.15,158.85
ORD003689,P0003,2,0.05,33.21
ORD003689,P0020,3,0.0,81.78
ORD003690,P0004,3,0.0,291.72
ORD003690,P0005,1,0.15,53.63
ORD003691,P0017,1,0.1,7.6
ORD003691,P0012,1,0.0,23.15
ORD003692,P0021,2,0.0,49.06
ORD003693,P0007,2,0.2,177.2
ORD003694,P0021,1,0.05,23.3
ORD003694,P0022,1,0.0,54.51
ORD003695,P0008,2,0.0,380.12
ORD003696,P0021,1,0.1,22.08
ORD003697,P0020,1,0.0,27.26
ORD003698,P0010,1,0.0,336.91
ORD003699,P0014,1,0.0,11.34
ORD003699,P0015,1,0.0,8.21
ORD003700,P0001,1,0.15,39.51
ORD003701,P0022,1,0.05,51.78
ORD003701,P0011,1,0.0,283.41
ORD003701,P0003,1,0.0,17.48
ORD003702,P0008,1,0.1,171.05
ORD003702,P0001,1,0.15,39.51
ORD003702,P0007,1,0.15,94.14
ORD003703,P0002,3,0.15,299.09
ORD003703,P0012,3,0.0,69.45
ORD003703,P0007,1,0.1,99.68
ORD003703,P0014,1,0.05,10.77
ORD003704,P0017,1,0.0,8.44
ORD003704,P0014,1,0.0,11.34
ORD003704,P0015,1,0.2,6.57
ORD003705,P0006,1,0.0,46.81
ORD003706,P0009,2,0.0,373.76
ORD003706,P0014,1,0.2,9.07
ORD003707,P0018,1,0.15,35.53
ORD003707,P0010,1,0.15,286.37
ORD003708,P0008,1,0.0,190.06
ORD003708,P0012,1,0.15,19.68
ORD003709,P0021,1,0.0,24.53
ORD003709,P0014,1,0.05,10.77
ORD003709,P0006,1,0.0,46.81
ORD003710,P0016,1,0.1,28.72
ORD003710,P0018,1,0.2,33.44
ORD003711,P0006,1,0.0,46.81
ORD003712,P0010,2,0.05,640.13
ORD003712,P0016,1,0.05,30.31
ORD003713,P0018,2,0.0,83.6
ORD003714,P0021,1,0.0,24.53
ORD003714,P0017,1,0.0,8.44
ORD003715,P0006,1,0.1,42.13
ORD003716,P0016,2,0.1,57.44
ORD003716,P0020,1,0.2,21.81
ORD003717,P0019,2,0.0,87.42
ORD003718,P0005,1,0.05,59.94
ORD003718,P0014,2,0.1,20.41
ORD003719,P0001,1,0.05,44.16
ORD003719,P0012,2,0.0,46.3
ORD003719,P0013,2,0.0,11.6
ORD003720,P0017,1,0.2,6.75
ORD003720,P0009,1,0.0,186.88
ORD003720,P0014,1,0.15,9.64
ORD003721,P0021,3,0.1,66.23
ORD003721,P0005,2,0.1,113.56
ORD003721,P0014,1,0.05,10.77
ORD003722,P0012,1,0.2,18.52
ORD003722,P0009,2,0.0,373.76
ORD003723,P0001,1,0.05,44.16
ORD003724,P0009,1,0.0,186.88
ORD003724,P0005,2,0.15,107.25
ORD003725,P0019,2,0.1,78.68
ORD003726,P0007,1,0.0,110.75
ORD003727,P0008,1,0.0,190.06
ORD003727,P0006,1,0.0,46.81
ORD003728,P0004,3,0.1,262.55
ORD003728,P0022,2,0.0,109.02
ORD003729,P0018,2,0.0,83.6
ORD003730,P0011,1,0.05,269.24
ORD003730,P0012,1,0.0,23.15
ORD003730,P0015,1,0.15,6.98
ORD003731,P0003,1,0.05,16.61
ORD003732,P0018,1,0.05,39.71
ORD003733,P0006,1,0.1,42.13
ORD003734,P0003,1,0.2,13.98
ORD003735,P0010,3,0.0,1010.73
ORD003736,P0017,2,0.0,16.88
ORD003737,P0022,1,0.0,54.51
ORD003738,P0014,1,0.0,11.34
ORD003738,P0001,1,0.15,39.51
ORD003738,P0016,1,0.0,31.91
ORD003739,P0016,1,0.0,31.91
ORD003739,P0017,1,0.0,8.44
ORD003740,P0007,1,0.1,99.68
ORD003741,P0009,2,0.0,373.76
ORD003741,P0019,1,0.0,43.71
ORD003742,P0003,1,0.0,17.48
ORD003742,P0006,2,0.05,88.94
ORD003743,P0001,1,0.0,46.48
ORD003743,P0013,2,0.05,11.02
ORD003743,P0002,2,0.05,222.85
ORD003743,P0004,1,0.15,82.65
ORD003744,P0016,1,0.0,31.91
ORD003744,P0022,1,0.1,49.06
ORD003744,P0001,1,0.2,37.18
ORD003745,P0009,1,0.05,177.54
ORD003745,P0020,1,0.1,24.53
ORD003746,P0013,2,0.0,11.6
ORD003747,P0012,1,0.0,23.15
ORD003748,P0001,2,0.0,92.96
ORD003749,P0001,1,0.0,46.48
ORD003750,P0010,2,0.05,640.13
ORD003750,P0006,1,0.0,46.81
ORD003750,P0013,1,0.0,5.8
ORD003750,P0020,1,0.0,27.26
ORD003751,P0019,1,0.05,41.52
ORD003751,P0014,1,0.0,11.34
ORD003752,P0019,1,0.05,41.52
ORD003753,P0013,2,0.0,11.6
ORD003753,P0022,1,0.0,54.51
ORD003754,P0012,1,0.15,19.68
ORD003754,P0022,1,0.0,54.51
ORD003755,P0006,1,0.05,44.47
ORD003756,P0022,2,0.0,109.02
ORD003757,P0014,1,0.0,11.34
ORD003758,P0010,1,0.1,303.22
ORD003758,P0008,1,0.2,152.05
ORD003758,P0021,1,0.05,23.3
ORD003759,P0011,1,0.0,283.41
ORD003760,P0019,2,0.0,87.42
ORD003760,P0005,3,0.0,189.27
ORD003760,P0012,2,0.0,46.3
ORD003760,P0001,1,0.05,44.16
ORD003761,P0007,3,0.0,332.25
ORD003761,P0018,1,0.0,41.8
ORD003761,P0020,1,0.05,25.9
ORD003762,P0012,1,0.0,23.15
ORD003763,P0005,3,0.1,170.34
ORD003764,P0013,1,0.0,5.8
ORD003764,P0019,1,0.2,34.97
ORD003764,P0015,1,0.15,6.98
ORD003765,P0012,3,0.15,59.03
ORD003766,P0006,1,0.0,46.81
ORD003767,P0010,1,0.05,320.06
ORD003767,P0005,2,0.0,126.18
ORD003768,P0008,1,0.05,180.56
ORD003769,P0003,1,0.0,17.48
ORD003769,P0010,1,0.15,286.37
ORD003770,P0005,1,0.05,59.94
ORD003770,P0011,3,0.1,765.21
ORD003770,P0001,1,0.0,46.48
ORD003771,P0020,2,0.0,54.52
ORD003772,P0001,1,0.05,44.16
ORD003773,P0006,2,0.0,93.62
ORD003773,P0002,1,0.05,111.43
ORD003773,P0010,3,0.05,960.19
ORD003774,P0014,1,0.0,11.34
ORD003775,P0016,2,0.0,63.82
ORD003775,P0021,1,0.05,23.3
ORD003776,P0011,1,0.15,240.9
ORD003777,P0015,1,0.05,7.8
ORD003778,P0013,1,0.0,5.8
ORD003778,P0020,2,0.1,49.07
ORD003779,P0004,2,0.05,184.76
ORD003780,P0021,1,0.0,24.53
ORD003781,P0003,2,0.0,34.96
ORD003782,P0016,1,0.1,28.72
ORD003783,P0002,1,0.2,93.83
ORD003784,P0019,3,0.05,124.57
ORD003785,P0011,1,0.0,283.41
ORD003786,P0004,2,0.1,175.03
ORD003786,P0009,1,0.0,186.88
ORD003786,P0019,2,0.1,78.68
ORD003786,P0010,1,0.05,320.06
ORD003787,P0014,1,0.1,10.21
ORD003787,P0005,3,0.0,189.27
ORD003787,P0002,1,0.05,111.43
ORD003788,P0005,3,0.05,179.81
ORD003789,P0008,1,0.05,180.56
ORD003789,P0011,1,0.0,283.41
ORD003789,P0018,1,0.0,41.8
ORD003790,P0010,1,0.05,320.06
ORD003790,P0012,1,0.0,23.15
ORD003791,P0004,1,0.05,92.38
ORD003791,P0019,1,0.0,43.71
ORD003792,P0002,1,0.05,111.43
ORD003792,P0018,1,0.1,37.62
ORD003793,P0010,1,0.05,320.06
ORD003794,P0014,1,0.0,11.34
ORD003794,P0009,1,0.1,168.19
ORD003795,P0018,1,0.05,39.71
ORD003796,P0020,1,0.1,24.53
ORD003796,P0007,1,0.05,105.21
ORD003797,P0009,1,0.0,186.88
ORD003798,P0002,1,0.0,117.29
ORD003799,P0016,3,0.0,95.73
ORD003800,P0009,1,0.0,186.88
ORD003800,P0020,1,0.05,25.9
ORD003801,P0019,1,0.0,43.71
ORD003802,P0005,1,0.1,56.78
ORD003802,P0017,1,0.0,8.44
ORD003803,P0018,1,0.1,37.62
ORD003804,P0022,2,0.0,109.02
ORD003805,P0020,2,0.15,46.34
ORD003806,P0018,1,0.0,41.8
ORD003807,P0013,1,0.05,5.51
ORD003807,P0019,1,0.05,41.52
ORD003808,P0001,1,0.2,37.18
ORD003809,P0006,2,0.0,93.62
ORD003809,P0018,1,0.0,41.8
ORD003809,P0022,3,0.0,163.53
ORD003810,P0012,1,0.05,21.99
ORD003811,P0019,1,0.0,43.71
ORD003811,P0021,1,0.0,24.53
ORD003812,P0011,1,0.0,283.41
ORD003812,P0017,1,0.0,8.44
ORD003813,P0012,1,0.05,21.99
ORD003813,P0006,2,0.2,74.9
ORD003814,P0001,1,0.0,46.48
ORD003815,P0002,2,0.0,234.58
ORD003816,P0011,1,0.05,269.24
ORD003817,P0005,2,0.0,126.18
ORD003818,P0006,2,0.15,79.58
ORD003818,P0013,1,0.05,5.51
ORD003818,P0021,1,0.05,23.3
ORD003819,P0001,2,0.0,92.96
ORD003820,P0021,1,0.05,23.3
ORD003820,P0004,1,0.05,92.38
ORD003821,P0018,1,0.0,41.8
ORD003821,P0009,1,0.15,158.85
ORD003822,P0006,1,0.1,42.13
ORD003823,P0005,1,0.0,63.09
ORD003824,P0007,1,0.05,105.21
ORD003824,P0011,1,0.0,283.41
ORD003824,P0002,1,0.1,105.56
ORD003824,P0003,1,0.0,17.48
ORD003825,P0012,2,0.1,41.67
ORD003826,P0005,2,0.0,126.18
ORD003827,P0011,3,0.0,850.23
ORD003827,P0013,1,0.0,5.8
ORD003828,P0007,1,0.2,88.6
ORD003828,P0008,2,0.05,361.11
ORD003829,P0008,1,0.0,190.06
ORD003829,P0018,1,0.05,39.71
ORD003829,P0004,1,0.05,92.38
ORD003830,P0012,1,0.0,23.15
ORD003831,P0013,1,0.0,5.8
ORD003831,P0017,3,0.0,25.32
ORD003832,P0004,3,0.1,262.55
ORD003832,P0013,1,0.0,5.8
ORD003833,P0015,1,0.0,8.21
ORD003833,P0017,1,0.1,7.6
ORD003834,P0010,1,0.1,303.22
ORD003835,P0017,2,0.0,16.88
ORD003835,P0005,1,0.05,59.94
ORD003836,P0001,1,0.0,46.48
ORD003836,P0013,3,0.0,17.4
ORD003837,P0003,1,0.0,17.48
ORD003838,P0003,2,0.05,33.21
ORD003839,P0012,1,0.0,23.15
ORD003840,P0021,1,0.0,24.53
ORD003841,P0003,2,0.0,34.96
ORD003841,P0020,2,0.0,54.52
ORD003841,P0017,1,0.0,8.44
ORD003841,P0011,1,0.05,269.24
ORD003842,P0020,1,0.0,27.26
ORD003842,P0002,1,0.0,117.29
ORD003843,P0006,2,0.1,84.26
ORD003843,P0007,1,0.0,110.75
ORD003843,P0017,2,0.0,16.88
ORD003843,P0002,1,0.15,99.7
ORD003844,P0008,2,0.0,380.12
ORD003844,P0003,1,0.0,17.48
ORD003845,P0007,1,0.05,105.21
ORD003846,P0017,1,0.05,8.02
ORD003846,P0020,1,0.15,23.17
ORD003847,P0009,1,0.15,158.85
ORD003848,P0006,3,0.1,126.39
ORD003848,P0005,1,0.0,63.09
ORD003849,P0006,1,0.2,37.45
ORD003850,P0009,2,0.0,373.76
ORD003851,P0020,1,0.0,27.26
ORD003851,P0003,1,0.0,17.48
ORD003852,P0005,3,0.1,170.34
ORD003852,P0011,2,0.15,481.8
ORD003853,P0002,1,0.0,117.29
ORD003853,P0011,1,0.0,283.41
ORD003854,P0013,1,0.2,4.64
ORD003854,P0003,2,0.1,31.46
ORD003855,P0014,1,0.0,11.34
ORD003855,P0016,2,0.0,63.82
ORD003856,P0003,1,0.0,17.48
ORD003856,P0022,1,0.2,43.61
ORD003857,P0015,1,0.0,8.21
ORD003858,P0017,2,0.0,16.88
ORD003859,P0009,2,0.0,373.76
ORD003860,P0004,1,0.2,77.79
ORD003860,P0016,1,0.2,25.53
ORD003860,P0022,1,0.2,43.61
ORD003860,P0006,2,0.05,88.94
ORD003861,P0014,1,0.05,10.77
ORD003861,P0003,2,0.0,34.96
ORD003862,P0007,1,0.05,105.21
ORD003862,P0003,1,0.15,14.86
ORD003863,P0010,1,0.0,336.91
ORD003863,P0002,1,0.1,105.56
ORD003864,P0017,1,0.0,8.44
ORD003865,P0008,1,0.0,190.06
ORD003865,P0003,1,0.0,17.48
ORD003866,P0016,1,0.05,30.31
ORD003867,P0008,1,0.0,190.06
ORD003867,P0019,1,0.0,43.71
ORD003868,P0006,2,0.05,88.94
ORD003869,P0001,1,0.0,46.48
ORD003870,P0018,1,0.05,39.71
ORD003871,P0021,1,0.0,24.53
ORD003871,P0020,1,0.0,27.26
ORD003872,P0012,1,0.0,23.15
ORD003872,P0005,1,0.0,63.09
ORD003872,P0003,2,0.0,34.96
ORD003872,P0006,1,0.0,46.81
ORD003873,P0013,1,0.0,5.8
ORD003873,P0014,1,0.0,11.34
ORD003873,P0012,1,0.05,21.99
ORD003874,P0012,1,0.0,23.15
ORD003875,P0001,1,0.0,46.48
ORD003875,P0014,2,0.05,21.55
ORD003875,P0006,1,0.2,37.45
ORD003876,P0006,2,0.0,93.62
ORD003877,P0001,1,0.05,44.16
ORD003878,P0012,1,0.0,23.15
ORD003878,P0011,1,0.05,269.24
ORD003879,P0019,1,0.0,43.71
ORD003879,P0012,1,0.1,20.84
ORD003879,P0009,1,0.0,186.88
ORD003880,P0002,1,0.0,117.29
ORD003880,P0008,2,0.0,380.12
ORD003881,P0009,1,0.0,186.88
ORD003881,P0018,1,0.0,41.8
ORD003881,P0008,1,0.1,171.05
ORD003882,P0022,2,0.15,92.67
ORD003883,P0006,1,0.0,46.81
ORD003883,P0005,3,0.05,179.81
ORD003884,P0010,3,0.1,909.66
ORD003884,P0006,1,0.15,39.79
ORD003885,P0006,1,0.15,39.79
ORD003886,P0009,1,0.0,186.88
ORD003886,P0006,1,0.1,42.13
ORD003887,P0011,2,0.05,538.48
ORD003888,P0010,1,0.0,336.91
ORD003888,P0002,1,0.1,105.56
ORD003888,P0003,1,0.0,17.48
ORD003889,P0014,1,0.0,11.34
ORD003889,P0010,1,0.05,320.06
ORD003889,P0022,1,0.0,54.51
ORD003890,P0018,1,0.1,37.62
ORD003891,P0012,1,0.0,23.15
ORD003892,P0003,2,0.1,31.46
ORD003892,P0014,1,0.05,10.77
ORD003892,P0009,2,0.15,317.7
ORD003893,P0013,2,0.05,11.02
ORD003894,P0001,2,0.0,92.96
ORD003895,P0001,2,0.0,92.96
ORD003895,P0015,3,0.05,23.4
ORD003896,P0018,3,0.0,125.4
ORD003897,P0013,2,0.05,11.02
ORD003897,P0019,3,0.05,124.57
ORD003898,P0005,1,0.1,56.78
ORD003899,P0011,1,0.0,283.41
ORD003899,P0010,2,0.05,640.13
ORD003900,P0001,2,0.05,88.31
ORD003900,P0010,1,0.0,336.91
ORD003900,P0014,1,0.05,10.77
ORD003901,P0008,3,0.1,513.16
ORD003901,P0013,1,0.0,5.8
ORD003902,P0016,1,0.2,25.53
ORD003903,P0010,1,0.0,336.91
ORD003903,P0005,1,0.05,59.94
ORD003904,P0012,2,0.2,37.04
ORD003904,P0009,1,0.0,186.88
ORD003905,P0006,1,0.0,46.81
ORD003905,P0019,3,0.0,131.13
ORD003906,P0003,1,0.0,17.48
ORD003907,P0001,3,0.05,132.47
ORD003907,P0018,1,0.15,35.53
ORD003907,P0011,2,0.05,538.48
ORD003908,P0020,1,0.0,27.26
ORD003909,P0014,3,0.0,34.02
ORD003910,P0013,2,0.0,11.6
ORD003911,P0014,1,0.1,10.21
ORD003911,P0001,1,0.0,46.48
ORD003911,P0005,3,0.0,189.27
ORD003912,P0013,1,0.0,5.8
ORD003913,P0005,2,0.15,107.25
ORD003914,P0021,2,0.0,49.06
ORD003915,P0008,1,0.0,190.06
ORD003915,P0011,1,0.0,283.41
ORD003916,P0021,1,0.0,24.53
ORD003916,P0003,1,0.2,13.98
ORD003917,P0011,2,0.0,566.82
ORD003917,P0017,2,0.15,14.35
ORD003918,P0019,1,0.15,37.15
ORD003918,P0016,1,0.05,30.31
ORD003919,P0016,1,0.0,31.91
ORD003919,P0014,2,0.05,21.55
ORD003919,P0006,2,0.0,93.62
ORD003920,P0001,1,0.0,46.48
ORD003921,P0009,1,0.0,186.88
ORD003921,P0008,3,0.1,513.16
ORD003922,P0004,1,0.1,87.52
ORD003922,P0008,1,0.0,190.06
ORD003923,P0019,1,0.0,43.71
ORD003923,P0015,1,0.0,8.21
ORD003924,P0021,2,0.15,41.7
ORD003924,P0006,2,0.0,93.62
ORD003924,P0009,1,0.05,177.54
ORD003924,P0020,1,0.1,24.53
ORD003925,P0009,1,0.0,186.88
ORD003925,P0004,1,0.0,97.24
ORD003926,P0012,1,0.05,21.99
ORD003926,P0022,1,0.0,54.51
ORD003927,P0008,3,0.0,570.18
ORD003927,P0019,2,0.0,87.42
ORD003928,P0010,1,0.0,336.91
ORD003929,P0008,2,0.0,380.12
ORD003929,P0021,1,0.05,23.3
ORD003930,P0008,1,0.05,180.56
ORD003931,P0001,2,0.0,92.96
ORD003931,P0004,1,0.05,92.38
ORD003932,P0003,1,0.0,17.48
ORD003932,P0005,3,0.1,170.34
ORD003932,P0018,2,0.1,75.24
ORD003932,P0022,1,0.05,51.78
ORD003933,P0005,2,0.0,126.18
ORD003933,P0003,2,0.05,33.21
ORD003933,P0011,2,0.0,566.82
ORD003934,P0008,2,0.05,361.11
ORD003935,P0007,1,0.0,110.75
ORD003935,P0006,3,0.0,140.43
ORD003936,P0022,2,0.0,109.02
ORD003937,P0010,1,0.1,303.22
ORD003937,P0001,3,0.0,139.44
ORD003938,P0001,1,0.15,39.51
ORD003938,P0004,3,0.05,277.13
ORD003939,P0019,1,0.05,41.52
ORD003940,P0021,1,0.0,24.53
ORD003940,P0001,1,0.15,39.51
ORD003941,P0013,2,0.15,9.86
ORD003941,P0007,3,0.0,332.25
ORD003941,P0017,3,0.1,22.79
ORD003942,P0020,2,0.0,54.52
ORD003942,P0018,1,0.05,39.71
ORD003942,P0008,1,0.0,190.06
ORD003942,P0013,1,0.0,5.8
ORD003943,P0022,1,0.15,46.33
ORD003944,P0013,1,0.0,5.8
ORD003945,P0014,1,0.05,10.77
ORD003946,P0013,2,0.05,11.02
ORD003946,P0019,1,0.0,43.71
ORD003946,P0022,1,0.0,54.51
ORD003947,P0007,2,0.0,221.5
ORD003948,P0015,1,0.0,8.21
ORD003948,P0019,1,0.0,43.71
ORD003948,P0009,1,0.05,177.54
ORD003948,P0022,1,0.0,54.51
ORD003949,P0003,1,0.05,16.61
ORD003949,P0014,2,0.05,21.55
ORD003949,P0013,2,0.0,11.6
ORD003950,P0012,2,0.15,39.35
ORD003950,P0010,2,0.0,673.82
ORD003951,P0015,1,0.15,6.98
ORD003951,P0002,2,0.0,234.58
ORD003952,P0008,2,0.0,380.12
ORD003952,P0011,1,0.0,283.41
ORD003953,P0014,2,0.15,19.28
ORD003953,P0001,3,0.0,139.44
ORD003953,P0022,1,0.0,54.51
ORD003953,P0020,1,0.0,27.26
ORD003954,P0017,1,0.15,7.17
ORD003955,P0016,1,0.0,31.91
ORD003956,P0003,2,0.0,34.96
ORD003956,P0005,1,0.0,63.09
ORD003957,P0001,1,0.1,41.83
ORD003958,P0014,1,0.15,9.64
ORD003959,P0017,1,0.05,8.02
ORD003960,P0009,1,0.0,186.88
ORD003960,P0022,2,0.0,109.02
ORD003960,P0007,3,0.0,332.25
ORD003961,P0003,1,0.0,17.48
ORD003961,P0004,1,0.0,97.24
ORD003961,P0022,1,0.0,54.51
ORD003962,P0014,1,0.1,10.21
ORD003962,P0003,2,0.0,34.96
ORD003962,P0006,1,0.0,46.81
ORD003963,P0008,1,0.0,190.06
ORD003963,P0016,1,0.1,28.72
ORD003964,P0006,1,0.1,42.13
ORD003964,P0009,3,0.05,532.61
ORD003964,P0002,1,0.0,117.29
ORD003965,P0007,2,0.15,188.28
ORD003965,P0010,1,0.05,320.06
ORD003966,P0014,1,0.0,11.34
ORD003967,P0022,1,0.0,54.51
ORD003967,P0020,1,0.05,25.9
ORD003968,P0002,1,0.15,99.7
ORD003969,P0006,1,0.0,46.81
ORD003970,P0012,1,0.0,23.15
ORD003970,P0004,1,0.2,77.79
ORD003971,P0020,1,0.05,25.9
ORD003971,P0022,1,0.15,46.33
ORD003971,P0011,2,0.1,510.14
ORD003972,P0021,2,0.05,46.61
ORD003972,P0007,3,0.0,332.25
ORD003973,P0009,1,0.0,186.88
ORD003974,P0021,2,0.0,49.06
ORD003974,P0002,2,0.05,222.85
ORD003975,P0020,1,0.1,24.53
ORD003976,P0018,1,0.1,37.62
ORD003976,P0005,2,0.1,113.56
ORD003977,P0002,1,0.0,117.29
ORD003977,P0010,2,0.0,673.82
ORD003978,P0015,1,0.1,7.39
ORD003978,P0003,1,0.0,17.48
ORD003979,P0022,1,0.0,54.51
ORD003980,P0006,3,0.05,133.41
ORD003980,P0002,1,0.2,93.83
ORD003980,P0017,1,0.05,8.02
ORD003980,P0022,3,0.1,147.18
ORD003981,P0008,1,0.05,180.56
ORD003981,P0010,3,0.1,909.66
ORD003981,P0011,1,0.0,283.41
ORD003981,P0019,1,0.0,43.71
ORD003982,P0003,2,0.0,34.96
ORD003982,P0002,2,0.0,234.58
ORD003983,P0002,1,0.1,105.56
ORD003983,P0007,1,0.0,110.75
ORD003983,P0011,2,0.0,566.82
ORD003984,P0008,2,0.0,380.12
ORD003984,P0019,2,0.0,87.42
ORD003985,P0001,1,0.05,44.16
ORD003986,P0012,1,0.05,21.99
ORD003987,P0004,1,0.05,92.38
ORD003988,P0018,1,0.15,35.53
ORD003988,P0014,1,0.05,10.77
ORD003988,P0003,2,0.05,33.21
ORD003988,P0010,3,0.0,1010.73
ORD003989,P0006,1,0.0,46.81
ORD003990,P0017,2,0.0,16.88
ORD003991,P0016,1,0.1,28.72
ORD003991,P0010,1,0.15,286.37
ORD003991,P0017,3,0.1,22.79
ORD003991,P0002,1,0.0,117.29
ORD003992,P0007,2,0.05,210.42
ORD003992,P0013,1,0.15,4.93
ORD003992,P0019,3,0.0,131.13
ORD003993,P0020,1,0.0,27.26
ORD003993,P0014,1,0.1,10.21
ORD003993,P0005,1,0.05,59.94
ORD003993,P0015,1,0.0,8.21
ORD003994,P0003,1,0.0,17.48
ORD003994,P0005,1,0.0,63.09
ORD003994,P0020,1,0.1,24.53
ORD003994,P0014,1,0.0,11.34
ORD003995,P0020,1,0.0,27.26
ORD003995,P0006,2,0.05,88.94
ORD003996,P0022,2,0.05,103.57
ORD003997,P0010,1,0.0,336.91
ORD003998,P0022,2,0.0,109.02
ORD003998,P0012,1,0.05,21.99
ORD003998,P0003,1,0.0,17.48
ORD003998,P0004,2,0.0,194.48
ORD003999,P0007,1,0.0,110.75
ORD004000,P0006,1,0.05,44.47
ORD004000,P0003,1,0.1,15.73
ORD004001,P0004,1,0.0,97.24
ORD004001,P0019,1,0.05,41.52
ORD004002,P0007,1,0.15,94.14
ORD004002,P0016,1,0.2,25.53
ORD004003,P0016,1,0.1,28.72
ORD004003,P0017,2,0.0,16.88
ORD004004,P0001,1,0.0,46.48
ORD004004,P0022,1,0.0,54.51
ORD004005,P0018,3,0.05,119.13
ORD004005,P0010,1,0.1,303.22
ORD004006,P0022,1,0.1,49.06
ORD004006,P0016,1,0.15,27.12
ORD004007,P0015,1,0.0,8.21
ORD004007,P0017,2,0.0,16.88
ORD004008,P0013,1,0.0,5.8
ORD004009,P0012,1,0.0,23.15
ORD004010,P0014,1,0.05,10.77
ORD004010,P0020,1,0.15,23.17
ORD004011,P0004,1,0.15,82.65
ORD004012,P0004,1,0.0,97.24
ORD004013,P0012,1,0.0,23.15
ORD004013,P0017,2,0.05,16.04
ORD004013,P0009,1,0.0,186.88
ORD004014,P0007,1,0.2,88.6
ORD004015,P0014,1,0.05,10.77
ORD004015,P0010,1,0.0,336.91
ORD004016,P0014,2,0.05,21.55
ORD004017,P0018,1,0.0,41.8
ORD004017,P0008,1,0.15,161.55
ORD004018,P0004,1,0.05,92.38
ORD004019,P0007,1,0.0,110.75
ORD004020,P0013,1,0.1,5.22
ORD004021,P0015,1,0.0,8.21
ORD004021,P0011,1,0.0,283.41
ORD004022,P0014,1,0.15,9.64
ORD004023,P0001,1,0.1,41.83
ORD004023,P0022,1,0.05,51.78
ORD004024,P0022,1,0.0,54.51
ORD004024,P0004,1,0.1,87.52
ORD004024,P0001,1,0.05,44.16
ORD004025,P0015,2,0.0,16.42
ORD004025,P0003,1,0.15,14.86
ORD004026,P0004,1,0.15,82.65
ORD004027,P0009,1,0.2,149.5
ORD004028,P0014,1,0.1,10.21
ORD004029,P0003,1,0.0,17.48
ORD004029,P0001,1,0.0,46.48
ORD004030,P0010,2,0.0,673.82
ORD004031,P0001,3,0.0,139.44
ORD004032,P0002,1,0.2,93.83
ORD004033,P0022,2,0.15,92.67
ORD004033,P0011,1,0.15,240.9
ORD004034,P0016,1,0.1,28.72
ORD004034,P0017,1,0.1,7.6
ORD004034,P0008,2,0.15,323.1
ORD004034,P0020,2,0.15,46.34
ORD004035,P0006,1,0.0,46.81
ORD004035,P0002,1,0.0,117.29
ORD004036,P0017,1,0.0,8.44
ORD004037,P0004,1,0.05,92.38
ORD004037,P0008,2,0.0,380.12
ORD004037,P0015,3,0.0,24.63
ORD004037,P0019,2,0.0,87.42
ORD004038,P0009,1,0.0,186.88
ORD004038,P0019,1,0.05,41.52
ORD004039,P0020,1,0.05,25.9
ORD004039,P0001,1,0.0,46.48
ORD004039,P0021,1,0.05,23.3
ORD004040,P0001,1,0.2,37.18
ORD004040,P0020,3,0.05,77.69
ORD004041,P0018,1,0.0,41.8
ORD004041,P0021,1,0.0,24.53
ORD004041,P0008,1,0.05,180.56
ORD004041,P0004,1,0.0,97.24
ORD004042,P0014,1,0.1,10.21
ORD004043,P0008,1,0.05,180.56
ORD004043,P0012,1,0.0,23.15
ORD004044,P0005,3,0.0,189.27
ORD004045,P0007,1,0.0,110.75
ORD004045,P0010,1,0.05,320.06
ORD004046,P0020,1,0.15,23.17
ORD004047,P0007,1,0.05,105.21
ORD004047,P0017,1,0.0,8.44
ORD004048,P0012,2,0.0,46.3
ORD004048,P0011,1,0.15,240.9
ORD004048,P0004,1,0.05,92.38
ORD004049,P0021,1,0.1,22.08
ORD004049,P0005,1,0.05,59.94
ORD004050,P0007,1,0.0,110.75
ORD004050,P0005,1,0.05,59.94
ORD004050,P0020,1,0.05,25.9
ORD004050,P0019,1,0.0,43.71
ORD004051,P0015,1,0.05,7.8
ORD004051,P0011,1,0.0,283.41
ORD004051,P0013,2,0.1,10.44
ORD004051,P0009,3,0.0,560.64
ORD004052,P0008,1,0.1,171.05
ORD004052,P0022,2,0.05,103.57
ORD004052,P0003,1,0.1,15.73
ORD004053,P0016,1,0.0,31.91
ORD004053,P0013,1,0.0,5.8
ORD004054,P0022,1,0.0,54.51
ORD004054,P0016,2,0.0,63.82
ORD004054,P0002,1,0.05,111.43
ORD004054,P0003,1,0.15,14.86
ORD004055,P0022,2,0.15,92.67
ORD004055,P0013,2,0.0,11.6
ORD004056,P0009,1,0.1,168.19
ORD004057,P0006,1,0.0,46.81
ORD004058,P0009,1,0.0,186.88
ORD004059,P0008,3,0.05,541.67
ORD004059,P0020,2,0.05,51.79
ORD004060,P0016,1,0.1,28.72
ORD004060,P0007,1,0.05,105.21
ORD004060,P0017,1,0.0,8.44
ORD004060,P0004,2,0.0,194.48
ORD004061,P0022,2,0.1,98.12
ORD004062,P0010,2,0.0,673.82
ORD004063,P0022,1,0.0,54.51
ORD004064,P0006,3,0.0,140.43
ORD004065,P0011,1,0.1,255.07
ORD004066,P0021,1,0.05,23.3
ORD004067,P0003,1,0.05,16.61
ORD004068,P0002,3,0.0,351.87
ORD004068,P0014,2,0.05,21.55
ORD004068,P0001,1,0.1,41.83
ORD004068,P0009,1,0.15,158.85
ORD004069,P0006,1,0.0,46.81
ORD004070,P0019,1,0.0,43.71
ORD004071,P0016,1,0.15,27.12
ORD004071,P0020,2,0.0,54.52
ORD004072,P0010,1,0.15,286.37
ORD004072,P0013,3,0.0,17.4
ORD004073,P0007,1,0.0,110.75
ORD004074,P0003,1,0.2,13.98
ORD004074,P0018,1,0.0,41.8
ORD004074,P0007,1,0.2,88.6
ORD004075,P0001,1,0.05,44.16
ORD004076,P0005,2,0.05,119.87
ORD004077,P0007,1,0.0,110.75
ORD004078,P0016,1,0.05,30.31
ORD004078,P0017,1,0.0,8.44
ORD004079,P0012,1,0.15,19.68
ORD004079,P0018,1,0.15,35.53
ORD004079,P0013,3,0.05,16.53
ORD004080,P0003,1,0.2,13.98
ORD004080,P0015,3,0.0,24.63
ORD004081,P0008,1,0.0,190.06
ORD004082,P0022,1,0.1,49.06
ORD004082,P0019,1,0.0,43.71
ORD004083,P0002,1,0.0,117.29
ORD004084,P0011,1,0.0,283.41
ORD004084,P0020,2,0.0,54.52
ORD004085,P0004,1,0.15,82.65
ORD004085,P0021,1,0.05,23.3
ORD004085,P0008,1,0.0,190.06
ORD004086,P0009,1,0.0,186.88
ORD004087,P0004,2,0.05,184.76
ORD004087,P0008,1,0.05,180.56
ORD004087,P0010,2,0.0,673.82
ORD004088,P0008,2,0.0,380.12
ORD004088,P0010,1,0.05,320.06
ORD004089,P0020,1,0.1,24.53
ORD004089,P0014,1,0.05,10.77
ORD004089,P0011,1,0.1,255.07
ORD004090,P0006,1,0.05,44.47
ORD004090,P0015,2,0.05,15.6
ORD004090,P0017,1,0.1,7.6
ORD004090,P0010,2,0.0,673.82
ORD004091,P0021,1,0.0,24.53
ORD004092,P0009,1,0.0,186.88
ORD004093,P0006,1,0.1,42.13
ORD004093,P0014,1,0.0,11.34
ORD004093,P0012,1,0.15,19.68
ORD004093,P0021,1,0.2,19.62
ORD004094,P0009,2,0.1,336.38
ORD004094,P0012,1,0.1,20.84
ORD004095,P0003,1,0.05,16.61
ORD004096,P0004,3,0.0,291.72
ORD004097,P0021,2,0.0,49.06
ORD004097,P0007,1,0.0,110.75
ORD004097,P0002,1,0.0,117.29
ORD004097,P0011,1,0.05,269.24
ORD004098,P0011,1,0.0,283.41
ORD004099,P0021,1,0.05,23.3
ORD004099,P0013,2,0.05,11.02
ORD004099,P0015,1,0.05,7.8
ORD004100,P0022,2,0.0,109.02
ORD004100,P0013,1,0.1,5.22
ORD004101,P0022,1,0.0,54.51
ORD004101,P0009,1,0.15,158.85
ORD004102,P0005,2,0.0,126.18
ORD004102,P0001,1,0.05,44.16
ORD004103,P0014,1,0.0,11.34
ORD004103,P0006,2,0.05,88.94
ORD004103,P0019,2,0.0,87.42
ORD004103,P0018,2,0.0,83.6
ORD004104,P0015,1,0.05,7.8
ORD004104,P0004,1,0.0,97.24
ORD004104,P0019,1,0.15,37.15
ORD004105,P0017,1,0.2,6.75
ORD004105,P0008,1,0.15,161.55
ORD004106,P0020,1,0.15,23.17
ORD004106,P0007,2,0.15,188.28
ORD004106,P0011,3,0.0,850.23
ORD004107,P0009,1,0.05,177.54
ORD004107,P0004,3,0.0,291.72
ORD004108,P0015,1,0.15,6.98
ORD004108,P0016,2,0.1,57.44
ORD004109,P0013,2,0.1,10.44
ORD004110,P0013,1,0.0,5.8
ORD004110,P0003,1,0.0,17.48
ORD004110,P0017,1,0.0,8.44
ORD004111,P0013,3,0.05,16.53
ORD004111,P0018,1,0.05,39.71
ORD004112,P0012,1,0.0,23.15
ORD004112,P0010,3,0.0,1010.73
ORD004112,P0019,2,0.15,74.31
ORD004113,P0004,1,0.05,92.38
ORD004113,P0020,1,0.0,27.26
ORD004114,P0019,1,0.0,43.71
ORD004114,P0010,2,0.0,673.82
ORD004115,P0006,1,0.0,46.81
ORD004116,P0010,3,0.0,1010.73
ORD004116,P0002,1,0.0,117.29
ORD004117,P0013,3,0.1,15.66
ORD004117,P0005,3,0.0,189.27
ORD004117,P0008,1,0.2,152.05
ORD004117,P0010,2,0.15,572.75
ORD004118,P0015,1,0.1,7.39
ORD004119,P0014,2,0.05,21.55
ORD004120,P0006,1,0.0,46.81
ORD004120,P0002,1,0.0,117.29
ORD004121,P0009,1,0.0,186.88
ORD004122,P0020,1,0.2,21.81
ORD004123,P0011,1,0.0,283.41
ORD004123,P0008,3,0.1,513.16
ORD004123,P0006,1,0.0,46.81
ORD004123,P0003,1,0.2,13.98
ORD004124,P0007,2,0.0,221.5
ORD004125,P0002,2,0.15,199.39
ORD004125,P0001,3,0.05,132.47
ORD004126,P0003,1,0.15,14.86
ORD004127,P0008,1,0.0,190.06
ORD004128,P0011,1,0.05,269.24
ORD004129,P0018,1,0.0,41.8
ORD004129,P0010,1,0.15,286.37
ORD004129,P0016,2,0.0,63.82
ORD004130,P0002,2,0.05,222.85
ORD004130,P0019,1,0.05,41.52
ORD004131,P0003,3,0.0,52.44
ORD004131,P0010,3,0.0,1010.73
ORD004131,P0006,1,0.0,46.81
ORD004131,P0011,1,0.05,269.24
ORD004132,P0017,2,0.0,16.88
ORD004133,P0012,2,0.0,46.3
ORD004133,P0013,2,0.05,11.02
ORD004133,P0003,1,0.2,13.98
ORD004133,P0017,1,0.05,8.02
ORD004134,P0018,2,0.0,83.6
ORD004135,P0003,1,0.1,15.73
ORD004136,P0016,1,0.0,31.91
ORD004136,P0006,1,0.0,46.81
ORD004137,P0003,1,0.0,17.48
ORD004138,P0009,1,0.05,177.54
ORD004138,P0004,1,0.0,97.24
ORD004138,P0016,1,0.05,30.31
ORD004138,P0008,1,0.0,190.06
ORD004139,P0012,1,0.15,19.68
ORD004139,P0001,3,0.1,125.5
ORD004140,P0011,1,0.0,283.41
ORD004141,P0021,2,0.15,41.7
ORD004141,P0014,2,0.0,22.68
ORD004142,P0010,1,0.1,303.22
ORD004143,P0015,1,0.0,8.21
ORD004143,P0003,2,0.0,34.96
ORD004144,P0002,2,0.1,211.12
ORD004144,P0008,1,0.15,161.55
ORD004145,P0003,1,0.2,13.98
ORD004145,P0019,1,0.05,41.52
ORD004146,P0005,2,0.15,107.25
ORD004146,P0014,1,0.05,10.77
ORD004147,P0021,1,0.15,20.85
ORD004148,P0021,3,0.1,66.23
ORD004148,P0015,3,0.0,24.63
ORD004149,P0016,1,0.1,28.72
ORD004150,P0015,2,0.0,16.42
ORD004150,P0021,3,0.05,69.91
ORD004151,P0017,2,0.15,14.35
ORD004152,P0022,2,0.15,92.67
ORD004153,P0022,2,0.05,103.57
ORD004154,P0020,2,0.05,51.79
ORD004155,P0021,2,0.0,49.06
ORD004155,P0018,2,0.0,83.6
ORD004156,P0014,2,0.0,22.68
ORD004157,P0004,3,0.05,277.13
ORD004158,P0004,2,0.1,175.03
ORD004159,P0017,2,0.15,14.35
ORD004159,P0021,2,0.2,39.25
ORD004159,P0008,1,0.15,161.55
ORD004160,P0010,1,0.05,320.06
ORD004160,P0021,1,0.0,24.53
ORD004160,P0002,2,0.0,234.58
ORD004161,P0017,3,0.05,24.05
ORD004161,P0001,2,0.0,92.96
ORD004162,P0009,1,0.15,158.85
ORD004162,P0019,2,0.0,87.42
ORD004163,P0012,1,0.0,23.15
ORD004163,P0002,2,0.05,222.85
ORD004163,P0018,2,0.0,83.6
ORD004164,P0022,1,0.0,54.51
ORD004164,P0021,2,0.0,49.06
ORD004165,P0013,1,0.05,5.51
ORD004165,P0016,1,0.0,31.91
ORD004166,P0017,2,0.0,16.88
ORD004167,P0015,2,0.0,16.42
ORD004168,P0016,1,0.0,31.91
ORD004169,P0015,2,0.0,16.42
ORD004169,P0022,3,0.0,163.53
ORD004170,P0020,1,0.05,25.9
ORD004171,P0018,1,0.1,37.62
ORD004171,P0012,3,0.05,65.98
ORD004171,P0002,1,0.0,117.29
ORD004172,P0019,1,0.0,43.71
ORD004172,P0005,1,0.05,59.94
ORD004172,P0013,1,0.0,5.8
ORD004173,P0016,2,0.1,57.44
ORD004174,P0002,1,0.0,117.29
ORD004174,P0006,1,0.15,39.79
ORD004174,P0020,1,0.0,27.26
ORD004174,P0009,1,0.0,186.88
ORD004175,P0018,1,0.15,35.53
ORD004175,P0009,2,0.0,373.76
ORD004175,P0007,2,0.05,210.42
ORD004175,P0003,2,0.05,33.21
ORD004176,P0019,1,0.1,39.34
ORD004176,P0017,1,0.0,8.44
ORD004177,P0009,1,0.2,149.5
ORD004178,P0015,1,0.05,7.8
ORD004178,P0012,1,0.0,23.15
ORD004178,P0005,1,0.1,56.78
ORD004179,P0008,1,0.0,190.06
ORD004179,P0006,1,0.05,44.47
ORD004180,P0022,1,0.0,54.51
ORD004181,P0007,1,0.1,99.68
ORD004181,P0018,1,0.2,33.44
ORD004181,P0012,1,0.0,23.15
ORD004181,P0001,1,0.0,46.48
ORD004182,P0020,3,0.1,73.6
ORD004182,P0017,1,0.2,6.75
ORD004183,P0015,1,0.15,6.98
ORD004184,P0011,1,0.0,283.41
ORD004184,P0022,1,0.0,54.51
ORD004184,P0010,1,0.2,269.53
ORD004185,P0013,1,0.15,4.93
ORD004185,P0009,2,0.1,336.38
ORD004186,P0009,2,0.0,373.76
ORD004186,P0004,1,0.1,87.52
ORD004186,P0022,1,0.0,54.51
ORD004187,P0002,1,0.1,105.56
ORD004188,P0008,1,0.0,190.06
ORD004189,P0018,3,0.1,112.86
ORD004189,P0009,1,0.0,186.88
ORD004189,P0001,1,0.1,41.83
ORD004190,P0021,1,0.0,24.53
ORD004191,P0016,1,0.0,31.91
ORD004191,P0002,3,0.1,316.68
ORD004192,P0007,1,0.1,99.68
ORD004193,P0003,1,0.05,16.61
ORD004193,P0020,2,0.0,54.52
ORD004194,P0006,1,0.0,46.81
ORD004194,P0001,1,0.0,46.48
ORD004195,P0008,1,0.0,190.06
ORD004195,P0014,1,0.1,10.21
ORD004195,P0018,1,0.15,35.53
ORD004196,P0006,1,0.0,46.81
ORD004196,P0022,3,0.15,139.0
ORD004196,P0012,2,0.0,46.3
ORD004196,P0005,1,0.0,63.09
ORD004197,P0021,1,0.0,24.53
ORD004198,P0005,1,0.05,59.94
ORD004199,P0008,1,0.1,171.05
ORD004199,P0016,1,0.0,31.91
ORD004199,P0022,2,0.05,103.57
ORD004199,P0021,3,0.0,73.59
ORD004200,P0006,3,0.05,133.41
ORD004200,P0012,1,0.0,23.15
ORD004201,P0010,1,0.05,320.06
ORD004201,P0011,1,0.05,269.24
ORD004201,P0006,1,0.1,42.13
ORD004201,P0012,1,0.0,23.15
ORD004202,P0012,1,0.1,20.84
ORD004203,P0013,1,0.0,5.8
ORD004204,P0013,1,0.0,5.8
ORD004204,P0012,1,0.0,23.15
ORD004205,P0022,2,0.15,92.67
ORD004205,P0001,1,0.0,46.48
ORD004206,P0022,1,0.0,54.51
ORD004207,P0004,1,0.0,97.24
ORD004207,P0020,1,0.0,27.26
ORD004207,P0011,2,0.0,566.82
ORD004207,P0010,2,0.0,673.82
ORD004208,P0008,1,0.0,190.06
ORD004208,P0013,1,0.2,4.64
ORD004209,P0003,1,0.0,17.48
ORD004210,P0004,1,0.0,97.24
ORD004210,P0003,1,0.0,17.48
ORD004211,P0002,1,0.0,117.29
ORD004212,P0018,3,0.05,119.13
ORD004213,P0001,1,0.05,44.16
ORD004214,P0017,1,0.05,8.02
ORD004214,P0009,1,0.0,186.88
ORD004214,P0006,2,0.0,93.62
ORD004215,P0005,1,0.15,53.63
ORD004216,P0019,2,0.0,87.42
ORD004216,P0015,2,0.1,14.78
ORD004217,P0017,2,0.0,16.88
ORD004217,P0016,1,0.05,30.31
ORD004218,P0004,1,0.0,97.24
ORD004219,P0008,1,0.0,190.06
ORD004220,P0012,1,0.0,23.15
ORD004220,P0021,2,0.0,49.06
ORD004221,P0013,1,0.15,4.93
ORD004221,P0009,2,0.0,373.76
ORD004221,P0017,1,0.1,7.6
ORD004221,P0007,2,0.2,177.2
ORD004222,P0007,1,0.1,99.68
ORD004223,P0015,2,0.05,15.6
ORD004223,P0019,1,0.05,41.52
ORD004223,P0010,2,0.0,673.82
ORD004224,P0006,1,0.0,46.81
ORD004225,P0012,3,0.15,59.03
ORD004225,P0004,1,0.05,92.38
ORD004226,P0001,1,0.0,46.48
ORD004227,P0017,2,0.0,16.88
ORD004228,P0011,3,0.0,850.23
ORD004229,P0011,2,0.15,481.8
ORD004229,P0006,1,0.0,46.81
ORD004229,P0012,1,0.1,20.84
ORD004230,P0019,2,0.0,87.42
ORD004230,P0021,1,0.0,24.53
ORD004231,P0005,2,0.2,100.94
ORD004231,P0017,2,0.1,15.19
ORD004232,P0022,1,0.0,54.51
ORD004232,P0018,1,0.0,41.8
ORD004233,P0017,1,0.05,8.02
ORD004233,P0020,2,0.05,51.79
ORD004234,P0006,1,0.0,46.81
ORD004234,P0009,1,0.1,168.19
ORD004235,P0007,1,0.05,105.21
ORD004236,P0021,2,0.1,44.15
ORD004236,P0002,1,0.2,93.83
ORD004236,P0014,2,0.0,22.68
ORD004237,P0006,1,0.05,44.47
ORD004237,P0013,3,0.1,15.66
ORD004237,P0011,2,0.15,481.8
ORD004238,P0006,1,0.2,37.45
ORD004238,P0016,1,0.05,30.31
ORD004239,P0007,1,0.05,105.21
ORD004240,P0001,1,0.05,44.16
ORD004240,P0006,2,0.15,79.58
ORD004240,P0017,3,0.15,21.52
ORD004241,P0007,2,0.15,188.28
ORD004241,P0004,1,0.0,97.24
ORD004241,P0006,1,0.1,42.13
ORD004242,P0007,2,0.0,221.5
ORD004243,P0013,1,0.15,4.93
ORD004243,P0012,1,0.2,18.52
ORD004244,P0001,1,0.1,41.83
ORD004245,P0001,1,0.0,46.48
ORD004245,P0011,1,0.15,240.9
ORD004245,P0008,1,0.1,171.05
ORD004245,P0020,1,0.1,24.53
ORD004246,P0021,2,0.0,49.06
ORD004246,P0014,2,0.2,18.14
ORD004247,P0018,1,0.0,41.8
ORD004247,P0005,2,0.0,126.18
ORD004247,P0014,1,0.0,11.34
ORD004247,P0010,1,0.1,303.22
ORD004248,P0018,1,0.05,39.71
ORD004248,P0008,1,0.1,171.05
ORD004248,P0016,1,0.0,31.91
ORD004248,P0017,1,0.05,8.02
ORD004249,P0022,1,0.0,54.51
ORD004249,P0014,1,0.05,10.77
ORD004250,P0022,3,0.0,163.53
ORD004250,P0008,2,0.0,380.12
ORD004250,P0001,1,0.0,46.48
ORD004251,P0002,1,0.0,117.29
ORD004251,P0018,1,0.0,41.8
ORD004251,P0014,1,0.0,11.34
ORD004252,P0022,2,0.1,98.12
ORD004253,P0022,2,0.0,109.02
ORD004254,P0011,2,0.2,453.46
ORD004255,P0012,1,0.1,20.84
ORD004255,P0018,1,0.1,37.62
ORD004256,P0013,1,0.05,5.51
ORD004256,P0009,1,0.1,168.19
ORD004257,P0021,2,0.05,46.61
ORD004257,P0009,1,0.05,177.54
ORD004258,P0020,1,0.0,27.26
ORD004258,P0014,1,0.0,11.34
ORD004258,P0012,3,0.1,62.5
ORD004259,P0019,1,0.0,43.71
ORD004260,P0012,2,0.1,41.67
ORD004261,P0007,1,0.0,110.75
ORD004262,P0005,2,0.0,126.18
ORD004262,P0013,3,0.0,17.4
ORD004263,P0007,1,0.1,99.68
ORD004263,P0009,1,0.0,186.88
ORD004263,P0012,3,0.0,69.45
ORD004264,P0008,1,0.0,190.06
ORD004265,P0002,1,0.15,99.7
ORD004265,P0008,1,0.0,190.06
ORD004266,P0008,1,0.0,190.06
ORD004267,P0010,1,0.0,336.91
ORD004268,P0002,1,0.0,117.29
ORD004268,P0008,1,0.0,190.06
ORD004268,P0009,1,0.0,186.88
ORD004269,P0016,3,0.05,90.94
ORD004270,P0012,2,0.0,46.3
ORD004270,P0006,1,0.1,42.13
ORD004271,P0015,1,0.15,6.98
ORD004271,P0022,1,0.0,54.51
ORD004271,P0009,1,0.0,186.88
ORD004272,P0018,1,0.05,39.71
ORD004272,P0022,3,0.0,163.53
ORD004273,P0022,2,0.1,98.12
ORD004273,P0001,2,0.05,88.31
ORD004273,P0005,1,0.1,56.78
ORD004274,P0004,2,0.2,155.58
ORD004274,P0009,2,0.0,373.76
ORD004274,P0019,1,0.05,41.52
ORD004275,P0016,1,0.0,31.91
ORD004276,P0006,1,0.1,42.13
ORD004276,P0015,2,0.0,16.42
ORD004277,P0021,1,0.0,24.53
ORD004278,P0009,1,0.0,186.88
ORD004279,P0010,3,0.0,1010.73
ORD004279,P0017,1,0.1,7.6
ORD004280,P0015,1,0.05,7.8
ORD004281,P0005,2,0.05,119.87
ORD004282,P0006,1,0.15,39.79
ORD004283,P0016,2,0.0,63.82
ORD004283,P0010,1,0.05,320.06
ORD004284,P0011,1,0.05,269.24
ORD004284,P0002,1,0.05,111.43
ORD004285,P0008,1,0.0,190.06
ORD004286,P0009,3,0.2,448.51
ORD004286,P0022,2,0.0,109.02
ORD004287,P0019,2,0.15,74.31
ORD004287,P0011,1,0.0,283.41
ORD004287,P0012,3,0.0,69.45
ORD004287,P0006,1,0.0,46.81
ORD004288,P0014,1,0.0,11.34
ORD004289,P0014,1,0.0,11.34
ORD004290,P0022,2,0.15,92.67
ORD004290,P0015,2,0.0,16.42
ORD004290,P0004,1,0.1,87.52
ORD004291,P0018,1,0.0,41.8
ORD004292,P0008,1,0.0,190.06
ORD004293,P0019,1,0.1,39.34
ORD004293,P0002,1,0.0,117.29
ORD004293,P0007,1,0.0,110.75
ORD004294,P0007,1,0.0,110.75
ORD004294,P0015,3,0.0,24.63
ORD004295,P0020,2,0.05,51.79
ORD004295,P0015,3,0.0,24.63
ORD004295,P0009,2,0.0,373.76
ORD004296,P0004,1,0.0,97.24
ORD004297,P0017,1,0.05,8.02
ORD004298,P0008,3,0.15,484.65
ORD004299,P0001,1,0.0,46.48
ORD004299,P0017,1,0.0,8.44
ORD004300,P0010,1,0.0,336.91
ORD004300,P0009,1,0.15,158.85
ORD004301,P0006,3,0.0,140.43
ORD004302,P0014,1,0.05,10.77
ORD004302,P0016,3,0.05,90.94
ORD004303,P0011,3,0.05,807.72
ORD004304,P0020,1,0.1,24.53
ORD004304,P0015,1,0.0,8.21
ORD004305,P0011,3,0.05,807.72
ORD004306,P0016,1,0.0,31.91
ORD004306,P0022,3,0.0,163.53
ORD004307,P0006,2,0.0,93.62
ORD004307,P0021,2,0.0,49.06
ORD004308,P0020,1,0.1,24.53
ORD004308,P0022,1,0.05,51.78
ORD004308,P0012,2,0.1,41.67
ORD004309,P0003,1,0.1,15.73
ORD004310,P0003,1,0.0,17.48
ORD004311,P0007,1,0.0,110.75
ORD004311,P0004,2,0.0,194.48
ORD004311,P0003,1,0.1,15.73
ORD004312,P0010,2,0.0,673.82
ORD004312,P0012,3,0.0,69.45
ORD004313,P0012,1,0.0,23.15
ORD004313,P0018,1,0.15,35.53
ORD004313,P0022,2,0.0,109.02
ORD004313,P0021,1,0.15,20.85
ORD004314,P0019,3,0.1,118.02
ORD004315,P0014,2,0.05,21.55
ORD004315,P0011,1,0.05,269.24
ORD004315,P0015,1,0.0,8.21
ORD004315,P0017,1,0.15,7.17
ORD004316,P0006,1,0.05,44.47
ORD004317,P0006,1,0.1,42.13
ORD004317,P0003,1,0.05,16.61
ORD004317,P0020,1,0.0,27.26
ORD004318,P0002,1,0.15,99.7
ORD004319,P0011,1,0.0,283.41
ORD004319,P0013,1,0.1,5.22
ORD004319,P0012,2,0.0,46.3
ORD004320,P0003,1,0.0,17.48
ORD004320,P0020,1,0.1,24.53
ORD004321,P0022,1,0.1,49.06
ORD004321,P0014,2,0.0,22.68
ORD004321,P0001,1,0.15,39.51
ORD004322,P0016,1,0.1,28.72
ORD004322,P0002,1,0.0,117.29
ORD004322,P0006,1,0.15,39.79
ORD004323,P0015,2,0.0,16.42
ORD004323,P0014,1,0.05,10.77
ORD004324,P0013,1,0.15,4.93
ORD004325,P0016,1,0.05,30.31
ORD004325,P0020,2,0.05,51.79
ORD004325,P0004,1,0.0,97.24
ORD004326,P0009,2,0.05,355.07
ORD004326,P0014,2,0.1,20.41
ORD004327,P0015,1,0.0,8.21
ORD004328,P0010,1,0.05,320.06
ORD004328,P0007,1,0.1,99.68
ORD004329,P0009,1,0.0,186.88
ORD004329,P0011,1,0.0,283.41
ORD004329,P0017,2,0.0,16.88
ORD004330,P0020,1,0.0,27.26
ORD004331,P0011,1,0.15,240.9
ORD004332,P0017,1,0.0,8.44
ORD004332,P0019,2,0.15,74.31
ORD004332,P0006,1,0.0,46.81
ORD004333,P0018,1,0.1,37.62
ORD004334,P0018,1,0.0,41.8
ORD004335,P0020,2,0.0,54.52
ORD004336,P0021,1,0.05,23.3
ORD004337,P0004,1,0.0,97.24
ORD004337,P0017,1,0.15,7.17
ORD004338,P0014,1,0.0,11.34
ORD004338,P0001,1,0.05,44.16
ORD004338,P0020,2,0.0,54.52
ORD004339,P0005,1,0.2,50.47
ORD004340,P0010,1,0.0,336.91
ORD004340,P0003,1,0.0,17.48
ORD004341,P0008,1,0.1,171.05
ORD004341,P0014,1,0.05,10.77
ORD004341,P0010,1,0.0,336.91
ORD004342,P0013,1,0.0,5.8
ORD004343,P0015,2,0.2,13.14
ORD004344,P0008,1,0.0,190.06
ORD004345,P0001,2,0.1,83.66
ORD004345,P0002,1,0.0,117.29
ORD004346,P0019,1,0.1,39.34
ORD004347,P0002,1,0.1,105.56
ORD004347,P0003,1,0.2,13.98
ORD004347,P0022,2,0.0,109.02
ORD004347,P0011,1,0.0,283.41
ORD004348,P0014,1,0.1,10.21
ORD004348,P0021,1,0.0,24.53
ORD004348,P0017,1,0.0,8.44
ORD004349,P0005,2,0.1,113.56
ORD004350,P0019,1,0.0,43.71
ORD004350,P0020,1,0.0,27.26
ORD004351,P0016,1,0.0,31.91
ORD004351,P0017,3,0.05,24.05
ORD004351,P0004,1,0.0,97.24
ORD004351,P0019,1,0.0,43.71
ORD004352,P0001,1,0.1,41.83
ORD004352,P0015,3,0.0,24.63
ORD004352,P0006,1,0.2,37.45
ORD004353,P0014,1,0.05,10.77
ORD004353,P0003,1,0.0,17.48
ORD004353,P0021,1,0.15,20.85
ORD004354,P0006,1,0.0,46.81
ORD004355,P0009,1,0.05,177.54
ORD004355,P0001,1,0.0,46.48
ORD004356,P0002,1,0.05,111.43
ORD004356,P0008,1,0.0,190.06
ORD004357,P0021,2,0.0,49.06
ORD004357,P0002,1,0.15,99.7
ORD004357,P0013,1,0.0,5.8
ORD004358,P0013,3,0.0,17.4
ORD004358,P0019,1,0.0,43.71
ORD004359,P0021,1,0.0,24.53
ORD004359,P0004,1,0.0,97.24
ORD004360,P0022,1,0.0,54.51
ORD004361,P0018,2,0.15,71.06
ORD004362,P0016,1,0.15,27.12
ORD004362,P0006,2,0.15,79.58
ORD004363,P0002,2,0.0,234.58
ORD004363,P0008,3,0.05,541.67
ORD004363,P0005,1,0.0,63.09
ORD004363,P0014,1,0.1,10.21
ORD004364,P0015,1,0.05,7.8
ORD004364,P0013,1,0.1,5.22
ORD004365,P0015,1,0.0,8.21
ORD004366,P0005,1,0.1,56.78
ORD004367,P0021,2,0.0,49.06
ORD004368,P0003,1,0.1,15.73
ORD004369,P0006,3,0.1,126.39
ORD004370,P0004,3,0.0,291.72
ORD004371,P0015,1,0.0,8.21
ORD004371,P0004,1,0.05,92.38
ORD004371,P0003,1,0.1,15.73
ORD004372,P0009,1,0.0,186.88
ORD004373,P0022,1,0.0,54.51
ORD004374,P0006,1,0.0,46.81
ORD004374,P0022,1,0.15,46.33
ORD004374,P0017,1,0.0,8.44
ORD004374,P0005,3,0.0,189.27
ORD004375,P0002,2,0.0,234.58
ORD004375,P0007,1,0.15,94.14
ORD004376,P0020,1,0.0,27.26
ORD004377,P0014,2,0.0,22.68
ORD004378,P0012,1,0.0,23.15
ORD004378,P0004,3,0.15,247.96
ORD004379,P0020,3,0.05,77.69
ORD004380,P0011,1,0.0,283.41
ORD004380,P0010,1,0.1,303.22
ORD004380,P0001,1,0.2,37.18
ORD004381,P0010,3,0.15,859.12
ORD004382,P0018,2,0.15,71.06
ORD004382,P0013,1,0.05,5.51
ORD004383,P0010,3,0.0,1010.73
ORD004383,P0008,1,0.05,180.56
ORD004384,P0015,1,0.05,7.8
ORD004385,P0009,1,0.0,186.88
ORD004385,P0017,1,0.15,7.17
ORD004386,P0010,1,0.05,320.06
ORD004387,P0012,1,0.05,21.99
ORD004388,P0020,2,0.05,51.79
ORD004388,P0002,2,0.05,222.85
ORD004389,P0011,1,0.15,240.9
ORD004389,P0016,1,0.1,28.72
ORD004389,P0002,1,0.05,111.43
ORD004389,P0020,1,0.0,27.26
ORD004390,P0008,1,0.15,161.55
ORD004391,P0009,3,0.0,560.64
ORD004391,P0015,2,0.0,16.42
ORD004391,P0003,3,0.0,52.44
ORD004392,P0007,1,0.0,110.75
ORD004393,P0017,2,0.0,16.88
ORD004393,P0021,1,0.05,23.3
ORD004393,P0016,3,0.0,95.73
ORD004394,P0008,3,0.0,570.18
ORD004394,P0015,1,0.0,8.21
ORD004394,P0005,1,0.0,63.09
ORD004394,P0019,1,0.0,43.71
ORD004395,P0002,1,0.2,93.83
ORD004396,P0006,3,0.1,126.39
ORD004396,P0022,1,0.0,54.51
ORD004396,P0011,3,0.0,850.23
ORD004397,P0019,3,0.05,124.57
ORD004397,P0012,1,0.0,23.15
ORD004398,P0012,1,0.0,23.15
ORD004399,P0013,1,0.1,5.22
ORD004399,P0001,3,0.0,139.44
ORD004400,P0021,3,0.0,73.59
ORD004401,P0002,1,0.05,111.43
ORD004401,P0017,1,0.0,8.44
ORD004402,P0009,1,0.0,186.88
ORD004403,P0006,3,0.05,133.41
ORD004404,P0004,1,0.15,82.65
ORD004405,P0013,1,0.05,5.51
ORD004405,P0009,3,0.05,532.61
ORD004406,P0016,1,0.0,31.91
ORD004406,P0014,1,0.0,11.34
ORD004406,P0002,1,0.0,117.29
ORD004407,P0008,3,0.05,541.67
ORD004407,P0007,1,0.0,110.75
ORD004408,P0007,1,0.1,99.68
ORD004409,P0003,1,0.0,17.48
ORD004410,P0012,1,0.0,23.15
ORD004411,P0012,1,0.05,21.99
ORD004411,P0006,1,0.0,46.81
ORD004412,P0015,1,0.0,8.21
ORD004413,P0021,1,0.0,24.53
ORD004413,P0006,1,0.1,42.13
ORD004413,P0016,1,0.05,30.31
ORD004414,P0006,1,0.0,46.81
ORD004414,P0016,3,0.0,95.73
ORD004415,P0005,1,0.0,63.09
ORD004415,P0021,1,0.05,23.3
ORD004416,P0008,1,0.1,171.05
ORD004417,P0014,3,0.0,34.02
ORD004418,P0008,2,0.1,342.11
ORD004419,P0018,1,0.0,41.8
ORD004420,P0020,1,0.15,23.17
ORD004421,P0009,1,0.0,186.88
ORD004422,P0014,1,0.0,11.34
ORD004422,P0003,1,0.1,15.73
ORD004422,P0008,1,0.05,180.56
ORD004423,P0021,1,0.0,24.53
ORD004423,P0001,1,0.0,46.48
ORD004423,P0019,2,0.0,87.42
ORD004424,P0016,2,0.0,63.82
ORD004424,P0011,2,0.05,538.48
ORD004425,P0019,3,0.1,118.02
ORD004426,P0011,1,0.05,269.24
ORD004426,P0021,1,0.0,24.53
ORD004426,P0008,1,0.1,171.05
ORD004427,P0016,1,0.0,31.91
ORD004427,P0009,1,0.0,186.88
ORD004428,P0017,1,0.05,8.02
ORD004428,P0020,2,0.0,54.52
ORD004428,P0009,3,0.0,560.64
ORD004429,P0021,2,0.2,39.25
ORD004430,P0016,3,0.0,95.73
ORD004431,P0014,3,0.05,32.32
ORD004431,P0002,1,0.0,117.29
ORD004432,P0022,1,0.0,54.51
ORD004433,P0002,1,0.0,117.29
ORD004433,P0017,1,0.05,8.02
ORD004434,P0008,1,0.0,190.06
ORD004434,P0001,2,0.0,92.96
ORD004434,P0011,1,0.05,269.24
ORD004434,P0002,2,0.05,222.85
ORD004435,P0016,1,0.0,31.91
ORD004435,P0001,3,0.15,118.52
ORD004435,P0009,1,0.15,158.85
ORD004435,P0018,2,0.0,83.6
ORD004436,P0010,1,0.05,320.06
ORD004436,P0022,2,0.0,109.02
ORD004436,P0019,3,0.0,131.13
ORD004436,P0018,2,0.05,79.42
ORD004437,P0019,1,0.2,34.97
ORD004437,P0020,2,0.0,54.52
ORD004437,P0010,3,0.05,960.19
ORD004438,P0020,2,0.0,54.52
ORD004438,P0022,1,0.0,54.51
ORD004438,P0014,2,0.05,21.55
ORD004438,P0002,1,0.05,111.43
ORD004439,P0012,3,0.2,55.56
ORD004439,P0007,1,0.0,110.75
ORD004440,P0013,3,0.0,17.4
ORD004441,P0011,2,0.05,538.48
ORD004441,P0010,1,0.0,336.91
ORD004441,P0004,2,0.1,175.03
ORD004441,P0018,2,0.1,75.24
ORD004442,P0006,1,0.05,44.47
ORD004442,P0019,2,0.15,74.31
ORD004442,P0012,1,0.0,23.15
ORD004442,P0003,2,0.05,33.21
ORD004443,P0007,1,0.0,110.75
ORD004443,P0021,2,0.0,49.06
ORD004444,P0022,1,0.0,54.51
ORD004445,P0018,1,0.1,37.62
ORD004446,P0013,2,0.0,11.6
ORD004446,P0021,1,0.15,20.85
ORD004447,P0016,1,0.0,31.91
ORD004448,P0007,1,0.0,110.75
ORD004449,P0005,1,0.05,59.94
ORD004450,P0013,1,0.1,5.22
ORD004451,P0008,2,0.2,304.1
ORD004452,P0006,1,0.0,46.81
ORD004452,P0020,1,0.0,27.26
ORD004452,P0004,1,0.0,97.24
ORD004453,P0013,1,0.0,5.8
ORD004453,P0002,1,0.1,105.56
ORD004454,P0002,1,0.0,117.29
ORD004454,P0006,1,0.05,44.47
ORD004455,P0015,2,0.0,16.42
ORD004456,P0005,1,0.0,63.09
ORD004457,P0006,1,0.0,46.81
ORD004458,P0009,3,0.05,532.61
ORD004458,P0014,1,0.0,11.34
ORD004459,P0004,1,0.15,82.65
ORD004459,P0007,1,0.2,88.6
ORD004459,P0008,1,0.0,190.06
ORD004460,P0016,2,0.05,60.63
ORD004461,P0014,3,0.0,34.02
ORD004462,P0005,2,0.0,126.18
ORD004463,P0016,1,0.0,31.91
ORD004464,P0011,1,0.0,283.41
ORD004465,P0020,3,0.0,81.78
ORD004466,P0021,1,0.0,24.53
ORD004467,P0004,1,0.1,87.52
ORD004467,P0021,1,0.0,24.53
ORD004467,P0007,1,0.1,99.68
ORD004467,P0008,2,0.05,361.11
ORD004468,P0018,1,0.05,39.71
ORD004468,P0004,1,0.0,97.24
ORD004469,P0005,1,0.1,56.78
ORD004469,P0013,1,0.0,5.8
ORD004469,P0022,1,0.05,51.78
ORD004470,P0007,1,0.0,110.75
ORD004470,P0003,2,0.15,29.72
ORD004470,P0017,1,0.15,7.17
ORD004470,P0012,1,0.0,23.15
ORD004471,P0021,2,0.2,39.25
ORD004471,P0016,2,0.0,63.82
ORD004472,P0019,1,0.0,43.71
ORD004473,P0002,1,0.05,111.43
ORD004473,P0007,1,0.0,110.75
ORD004473,P0013,1,0.0,5.8
ORD004474,P0002,2,0.05,222.85
ORD004474,P0001,3,0.05,132.47
ORD004475,P0004,2,0.1,175.03
ORD004476,P0013,1,0.15,4.93
ORD004476,P0004,2,0.05,184.76
ORD004476,P0018,2,0.0,83.6
ORD004477,P0006,1,0.1,42.13
ORD004478,P0003,1,0.05,16.61
ORD004479,P0005,1,0.1,56.78
ORD004479,P0012,1,0.0,23.15
ORD004480,P0021,1,0.0,24.53
ORD004480,P0002,1,0.0,117.29
ORD004480,P0019,1,0.0,43.71
ORD004481,P0004,2,0.0,194.48
ORD004482,P0019,1,0.1,39.34
ORD004482,P0017,1,0.0,8.44
ORD004483,P0019,1,0.0,43.71
ORD004483,P0017,1,0.1,7.6
ORD004484,P0017,1,0.0,8.44
ORD004484,P0011,1,0.0,283.41
ORD004485,P0005,2,0.2,100.94
ORD004485,P0021,1,0.05,23.3
ORD004485,P0010,1,0.1,303.22
ORD004486,P0022,2,0.0,109.02
ORD004487,P0017,1,0.1,7.6
ORD004487,P0011,1,0.0,283.41
ORD004488,P0011,3,0.05,807.72
ORD004489,P0021,3,0.0,73.59
ORD004489,P0014,1,0.0,11.34
ORD004489,P0004,1,0.0,97.24
ORD004490,P0013,2,0.0,11.6
ORD004490,P0020,2,0.05,51.79
ORD004491,P0019,1,0.0,43.71
ORD004492,P0003,1,0.0,17.48
ORD004493,P0001,1,0.05,44.16
ORD004493,P0022,1,0.1,49.06
ORD004494,P0017,1,0.2,6.75
ORD004494,P0010,1,0.05,320.06
ORD004495,P0016,2,0.1,57.44
ORD004496,P0008,3,0.0,570.18
ORD004497,P0018,1,0.05,39.71
ORD004498,P0020,1,0.0,27.26
ORD004499,P0002,1,0.05,111.43
ORD004500,P0019,1,0.0,43.71
ORD004501,P0008,1,0.2,152.05
ORD004502,P0016,2,0.05,60.63
ORD004503,P0015,2,0.15,13.96
ORD004503,P0011,1,0.05,269.24
ORD004504,P0021,2,0.0,49.06
ORD004505,P0002,1,0.0,117.29
ORD004505,P0016,1,0.2,25.53
ORD004505,P0013,2,0.1,10.44
ORD004506,P0012,2,0.15,39.35
ORD004506,P0017,1,0.05,8.02
ORD004506,P0016,1,0.0,31.91
ORD004507,P0013,2,0.0,11.6
ORD004508,P0009,1,0.05,177.54
ORD004508,P0007,1,0.0,110.75
ORD004508,P0016,1,0.1,28.72
ORD004508,P0018,1,0.0,41.8
ORD004509,P0015,1,0.0,8.21
ORD004509,P0007,1,0.1,99.68
ORD004510,P0009,1,0.0,186.88
ORD004511,P0021,1,0.0,24.53
ORD004512,P0006,1,0.0,46.81
ORD004513,P0017,1,0.0,8.44
ORD004514,P0008,1,0.05,180.56
ORD004514,P0017,1,0.0,8.44
ORD004515,P0021,2,0.0,49.06
ORD004515,P0013,1,0.0,5.8
ORD004515,P0006,1,0.0,46.81
ORD004516,P0010,1,0.15,286.37
ORD004517,P0001,1,0.0,46.48
ORD004517,P0022,2,0.0,109.02
ORD004517,P0004,2,0.0,194.48
ORD004518,P0020,1,0.15,23.17
ORD004518,P0017,1,0.0,8.44
ORD004519,P0020,1,0.05,25.9
ORD004519,P0001,1,0.1,41.83
ORD004520,P0010,1,0.0,336.91
ORD004520,P0016,1,0.05,30.31
ORD004521,P0019,2,0.15,74.31
ORD004521,P0006,2,0.0,93.62
ORD004522,P0020,1,0.1,24.53
ORD004522,P0014,3,0.0,34.02
ORD004523,P0011,1,0.15,240.9
ORD004524,P0013,3,0.0,17.4
ORD004524,P0008,1,0.0,190.06
ORD004524,P0018,1,0.05,39.71
ORD004525,P0015,1,0.05,7.8
ORD004526,P0022,3,0.1,147.18
ORD004527,P0002,3,0.0,351.87
ORD004528,P0003,2,0.15,29.72
ORD004529,P0002,1,0.0,117.29
ORD004530,P0002,2,0.0,234.58
ORD004531,P0005,1,0.05,59.94
ORD004531,P0002,1,0.0,117.29
ORD004532,P0006,1,0.05,44.47
ORD004533,P0015,2,0.15,13.96
ORD004533,P0022,3,0.0,163.53
ORD004533,P0018,1,0.05,39.71
ORD004534,P0005,2,0.05,119.87
ORD004534,P0017,1,0.0,8.44
ORD004535,P0003,1,0.0,17.48
ORD004535,P0022,1,0.1,49.06
ORD004535,P0013,1,0.1,5.22
ORD004535,P0021,2,0.0,49.06
ORD004536,P0009,2,0.0,373.76
ORD004536,P0016,1,0.05,30.31
ORD004537,P0018,3,0.1,112.86
ORD004538,P0020,1,0.05,25.9
ORD004538,P0011,2,0.1,510.14
ORD004538,P0021,1,0.05,23.3
ORD004539,P0016,1,0.05,30.31
ORD004539,P0022,1,0.0,54.51
ORD004539,P0005,1,0.0,63.09
ORD004539,P0018,2,0.0,83.6
ORD004540,P0009,2,0.1,336.38
ORD004540,P0006,3,0.0,140.43
ORD004540,P0015,3,0.0,24.63
ORD004540,P0005,2,0.0,126.18
ORD004541,P0004,1,0.0,97.24
ORD004541,P0010,3,0.0,1010.73
ORD004541,P0018,2,0.0,83.6
ORD004541,P0011,2,0.05,538.48
ORD004542,P0004,1,0.0,97.24
ORD004542,P0012,3,0.05,65.98
ORD004542,P0017,1,0.0,8.44
ORD004543,P0003,1,0.1,15.73
ORD004543,P0010,1,0.0,336.91
ORD004544,P0017,1,0.0,8.44
ORD004545,P0005,3,0.1,170.34
ORD004545,P0010,1,0.1,303.22
ORD004545,P0019,2,0.0,87.42
ORD004546,P0020,2,0.0,54.52
ORD004546,P0014,1,0.1,10.21
ORD004546,P0001,1,0.15,39.51
ORD004547,P0002,1,0.05,111.43
ORD004547,P0008,3,0.0,570.18
ORD004548,P0011,1,0.0,283.41
ORD004548,P0014,2,0.15,19.28
ORD004548,P0015,2,0.15,13.96
ORD004548,P0021,1,0.0,24.53
ORD004549,P0008,1,0.2,152.05
ORD004549,P0020,1,0.1,24.53
ORD004549,P0022,1,0.15,46.33
ORD004550,P0011,2,0.1,510.14
ORD004550,P0010,1,0.05,320.06
ORD004551,P0021,1,0.05,23.3
ORD004551,P0004,2,0.2,155.58
ORD004551,P0014,1,0.0,11.34
ORD004552,P0018,1,0.05,39.71
ORD004552,P0017,2,0.1,15.19
ORD004553,P0004,1,0.0,97.24
ORD004553,P0005,1,0.0,63.09
ORD004554,P0018,1,0.0,41.8
ORD004554,P0021,1,0.1,22.08
ORD004554,P0011,1,0.05,269.24
ORD004554,P0020,1,0.0,27.26
ORD004555,P0008,3,0.0,570.18
ORD004555,P0022,2,0.0,109.02
ORD004556,P0006,3,0.0,140.43
ORD004557,P0010,1,0.1,303.22
ORD004558,P0005,1,0.0,63.09
ORD004558,P0020,1,0.0,27.26
ORD004558,P0013,1,0.0,5.8
ORD004559,P0003,1,0.0,17.48
ORD004559,P0009,2,0.0,373.76
ORD004560,P0017,1,0.0,8.44
ORD004560,P0006,1,0.0,46.81
ORD004560,P0019,1,0.15,37.15
ORD004561,P0020,2,0.0,54.52
ORD004561,P0006,1,0.0,46.81
ORD004562,P0018,1,0.0,41.8
ORD004562,P0016,2,0.0,63.82
ORD004563,P0019,1,0.05,41.52
ORD004563,P0004,3,0.0,291.72
ORD004563,P0010,1,0.0,336.91
ORD004563,P0020,1,0.1,24.53
ORD004564,P0004,2,0.0,194.48
ORD004565,P0008,1,0.1,171.05
ORD004565,P0004,3,0.15,247.96
ORD004566,P0021,1,0.0,24.53
ORD004566,P0010,2,0.0,673.82
ORD004566,P0018,1,0.0,41.8
ORD004566,P0017,1,0.05,8.02
ORD004567,P0006,1,0.15,39.79
ORD004568,P0015,1,0.05,7.8
ORD004568,P0012,1,0.1,20.84
ORD004569,P0008,1,0.0,190.06
ORD004569,P0017,3,0.1,22.79
ORD004569,P0011,1,0.2,226.73
ORD004570,P0011,2,0.0,566.82
ORD004571,P0005,1,0.05,59.94
ORD004571,P0020,1,0.1,24.53
ORD004572,P0013,1,0.2,4.64
ORD004572,P0022,1,0.0,54.51
ORD004573,P0009,2,0.15,317.7
ORD004574,P0005,2,0.0,126.18
ORD004574,P0007,1,0.05,105.21
ORD004575,P0012,1,0.0,23.15
ORD004576,P0010,2,0.0,673.82
ORD004576,P0007,1,0.0,110.75
ORD004577,P0004,1,0.2,77.79
ORD004577,P0014,1,0.0,11.34
ORD004578,P0022,1,0.0,54.51
ORD004579,P0013,1,0.0,5.8
ORD004579,P0006,1,0.0,46.81
ORD004579,P0003,1,0.1,15.73
ORD004580,P0020,1,0.0,27.26
ORD004581,P0006,1,0.0,46.81
ORD004582,P0022,1,0.15,46.33
ORD004583,P0010,1,0.0,336.91
ORD004584,P0022,1,0.0,54.51
ORD004584,P0014,1,0.0,11.34
ORD004585,P0010,1,0.1,303.22
ORD004585,P0002,1,0.0,117.29
ORD004585,P0008,1,0.0,190.06
ORD004586,P0018,1,0.0,41.8
ORD004587,P0001,1,0.05,44.16
ORD004588,P0005,2,0.05,119.87
ORD004588,P0001,1,0.0,46.48
ORD004588,P0002,3,0.0,351.87
ORD004588,P0014,1,0.1,10.21
ORD004589,P0015,1,0.0,8.21
ORD004589,P0019,1,0.0,43.71
ORD004589,P0022,1,0.0,54.51
ORD004590,P0020,1,0.05,25.9
ORD004591,P0009,1,0.0,186.88
ORD004591,P0011,1,0.0,283.41
ORD004592,P0008,1,0.0,190.06
ORD004593,P0014,1,0.15,9.64
ORD004593,P0005,2,0.0,126.18
ORD004594,P0001,1,0.1,41.83
ORD004594,P0013,2,0.0,11.6
ORD004594,P0020,1,0.15,23.17
ORD004595,P0008,2,0.0,380.12
ORD004596,P0005,1,0.0,63.09
ORD004596,P0003,1,0.05,16.61
ORD004596,P0020,1,0.0,27.26
ORD004597,P0013,1,0.0,5.8
ORD004597,P0002,1,0.05,111.43
ORD004598,P0003,3,0.05,49.82
ORD004598,P0014,1,0.0,11.34
ORD004599,P0015,1,0.05,7.8
ORD004600,P0005,2,0.05,119.87
ORD004601,P0016,1,0.15,27.12
ORD004601,P0009,1,0.15,158.85
ORD004602,P0020,1,0.0,27.26
ORD004603,P0010,1,0.0,336.91
ORD004604,P0012,2,0.0,46.3
ORD004604,P0014,2,0.0,22.68
ORD004604,P0001,2,0.0,92.96
ORD004605,P0019,1,0.15,37.15
ORD004605,P0016,1,0.0,31.91
ORD004605,P0020,1,0.0,27.26
ORD004605,P0017,2,0.0,16.88
ORD004606,P0020,1,0.0,27.26
ORD004606,P0003,1,0.05,16.61
ORD004607,P0009,1,0.15,158.85
ORD004608,P0019,1,0.05,41.52
ORD004609,P0020,1,0.0,27.26
ORD004609,P0021,1,0.0,24.53
ORD004609,P0018,1,0.0,41.8
ORD004610,P0002,1,0.0,117.29
ORD004610,P0006,2,0.2,74.9
ORD004611,P0005,1,0.0,63.09
ORD004612,P0001,1,0.0,46.48
ORD004612,P0004,1,0.2,77.79
ORD004613,P0012,3,0.0,69.45
ORD004613,P0021,1,0.0,24.53
ORD004613,P0019,1,0.0,43.71
ORD004614,P0017,1,0.0,8.44
ORD004615,P0020,1,0.0,27.26
ORD004616,P0004,3,0.2,233.38
ORD004616,P0018,1,0.1,37.62
ORD004617,P0003,3,0.1,47.2
ORD004618,P0016,1,0.0,31.91
ORD004618,P0002,1,0.0,117.29
ORD004619,P0020,1,0.05,25.9
ORD004620,P0003,3,0.0,52.44
ORD004620,P0021,1,0.0,24.53
ORD004621,P0022,1,0.0,54.51
ORD004621,P0003,1,0.0,17.48
ORD004622,P0012,1,0.05,21.99
ORD004622,P0011,1,0.0,283.41
ORD004623,P0002,1,0.05,111.43
ORD004623,P0017,1,0.15,7.17
ORD004623,P0014,1,0.0,11.34
ORD004624,P0019,1,0.0,43.71
ORD004625,P0018,1,0.2,33.44
ORD004625,P0001,2,0.05,88.31
ORD004625,P0005,1,0.0,63.09
ORD004626,P0021,1,0.0,24.53
ORD004626,P0014,1,0.0,11.34
ORD004626,P0022,1,0.0,54.51
ORD004626,P0013,1,0.1,5.22
ORD004627,P0011,2,0.0,566.82
ORD004627,P0006,1,0.1,42.13
ORD004627,P0003,1,0.2,13.98
ORD004628,P0017,1,0.1,7.6
ORD004629,P0007,1,0.05,105.21
ORD004629,P0018,1,0.1,37.62
ORD004629,P0017,1,0.0,8.44
ORD004630,P0014,3,0.0,34.02
ORD004630,P0020,1,0.1,24.53
ORD004630,P0008,2,0.0,380.12
ORD004631,P0019,3,0.0,131.13
ORD004631,P0013,1,0.0,5.8
ORD004631,P0008,1,0.0,190.06
ORD004632,P0012,3,0.0,69.45
ORD004633,P0016,2,0.0,63.82
ORD004633,P0009,3,0.2,448.51
ORD004634,P0019,1,0.0,43.71
ORD004635,P0011,3,0.15,722.7
ORD004635,P0012,1,0.2,18.52
ORD004636,P0010,1,0.0,336.91
ORD004636,P0008,2,0.15,323.1
ORD004636,P0002,2,0.0,234.58
ORD004636,P0018,1,0.0,41.8
ORD004637,P0019,1,0.0,43.71
ORD004637,P0021,1,0.2,19.62
ORD004637,P0016,1,0.0,31.91
ORD004637,P0002,3,0.0,351.87
ORD004638,P0021,1,0.1,22.08
ORD004638,P0004,1,0.1,87.52
ORD004638,P0006,1,0.2,37.45
ORD004638,P0012,1,0.0,23.15
ORD004639,P0022,1,0.0,54.51
ORD004639,P0005,1,0.0,63.09
ORD004640,P0019,2,0.0,87.42
ORD004641,P0004,1,0.0,97.24
ORD004641,P0018,1,0.2,33.44
ORD004641,P0016,3,0.15,81.37
ORD004642,P0022,1,0.1,49.06
ORD004643,P0019,1,0.0,43.71
ORD004643,P0008,1,0.05,180.56
ORD004644,P0011,1,0.0,283.41
ORD004644,P0013,2,0.2,9.28
ORD004645,P0011,2,0.05,538.48
ORD004646,P0001,1,0.05,44.16
ORD004646,P0010,2,0.0,673.82
ORD004646,P0006,1,0.2,37.45
ORD004647,P0019,1,0.15,37.15
ORD004648,P0022,1,0.0,54.51
ORD004649,P0020,1,0.15,23.17
ORD004650,P0017,1,0.05,8.02
ORD004650,P0007,1,0.0,110.75
ORD004650,P0009,3,0.05,532.61
ORD004651,P0018,2,0.1,75.24
ORD004652,P0013,2,0.0,11.6
ORD004653,P0001,1,0.15,39.51
ORD004653,P0005,2,0.0,126.18
ORD004653,P0021,2,0.15,41.7
ORD004653,P0008,1,0.05,180.56
ORD004654,P0022,1,0.0,54.51
ORD004654,P0016,1,0.15,27.12
ORD004654,P0017,2,0.0,16.88
ORD004654,P0011,1,0.15,240.9
ORD004655,P0022,3,0.0,163.53
ORD004655,P0017,2,0.05,16.04
ORD004656,P0001,2,0.05,88.31
ORD004656,P0002,1,0.0,117.29
ORD004657,P0022,1,0.15,46.33
ORD004657,P0015,1,0.2,6.57
ORD004658,P0015,2,0.0,16.42
ORD004658,P0009,1,0.0,186.88
ORD004659,P0010,1,0.1,303.22
ORD004660,P0012,1,0.0,23.15
ORD004660,P0005,1,0.05,59.94
ORD004661,P0002,1,0.05,111.43
ORD004661,P0005,2,0.0,126.18
ORD004661,P0001,2,0.0,92.96
ORD004661,P0007,1,0.0,110.75
ORD004662,P0002,1,0.15,99.7
ORD004663,P0022,2,0.0,109.02
ORD004664,P0008,1,0.05,180.56
ORD004664,P0015,1,0.0,8.21
ORD004665,P0018,1,0.15,35.53
ORD004665,P0007,1,0.1,99.68
ORD004666,P0007,1,0.0,110.75
ORD004667,P0022,2,0.05,103.57
ORD004667,P0019,1,0.05,41.52
ORD004667,P0004,1,0.15,82.65
ORD004668,P0015,1,0.1,7.39
ORD004668,P0018,2,0.2,66.88
ORD004668,P0006,3,0.15,119.37
ORD004668,P0008,1,0.0,190.06
ORD004669,P0018,2,0.0,83.6
ORD004670,P0011,1,0.0,283.41
ORD004671,P0008,1,0.0,190.06
ORD004671,P0018,1,0.0,41.8
ORD004671,P0013,1,0.05,5.51
ORD004672,P0005,2,0.15,107.25
ORD004672,P0007,2,0.1,199.35
ORD004673,P0014,2,0.0,22.68
ORD004674,P0001,1,0.15,39.51
ORD004674,P0020,2,0.0,54.52
ORD004675,P0006,1,0.0,46.81
ORD004675,P0008,1,0.0,190.06
ORD004676,P0020,1,0.0,27.26
ORD004677,P0009,3,0.0,560.64
ORD004677,P0005,1,0.0,63.09
ORD004678,P0009,1,0.0,186.88
ORD004679,P0005,1,0.05,59.94
ORD004679,P0001,1,0.0,46.48
ORD004679,P0013,1,0.0,5.8
ORD004680,P0001,1,0.0,46.48
ORD004681,P0015,3,0.05,23.4
ORD004682,P0019,1,0.1,39.34
ORD004683,P0020,2,0.0,54.52
ORD004683,P0009,2,0.0,373.76
ORD004683,P0008,1,0.0,190.06
ORD004684,P0001,2,0.05,88.31
ORD004684,P0007,3,0.0,332.25
ORD004685,P0021,2,0.0,49.06
ORD004686,P0016,1,0.0,31.91
ORD004686,P0021,1,0.15,20.85
ORD004687,P0004,1,0.2,77.79
ORD004688,P0013,1,0.1,5.22
ORD004689,P0010,1,0.0,336.91
ORD004689,P0019,1,0.05,41.52
ORD004690,P0016,2,0.0,63.82
ORD004691,P0001,3,0.1,125.5
ORD004691,P0003,2,0.0,34.96
ORD004691,P0004,1,0.2,77.79
ORD004692,P0003,2,0.05,33.21
ORD004692,P0007,1,0.0,110.75
ORD004693,P0001,1,0.0,46.48
ORD004693,P0007,1,0.05,105.21
ORD004693,P0008,1,0.05,180.56
ORD004694,P0017,1,0.05,8.02
ORD004694,P0001,1,0.1,41.83
ORD004694,P0021,1,0.0,24.53
ORD004695,P0008,3,0.0,570.18
ORD004695,P0006,1,0.0,46.81
ORD004696,P0003,2,0.2,27.97
ORD004697,P0016,1,0.0,31.91
ORD004697,P0011,1,0.1,255.07
ORD004697,P0003,1,0.0,17.48
ORD004698,P0013,2,0.15,9.86
ORD004698,P0022,1,0.1,49.06
ORD004699,P0004,1,0.05,92.38
ORD004699,P0016,1,0.0,31.91
ORD004700,P0006,1,0.05,44.47
ORD004700,P0005,1,0.15,53.63
ORD004700,P0011,1,0.15,240.9
ORD004701,P0002,2,0.0,234.58
ORD004701,P0011,1,0.2,226.73
ORD004701,P0020,1,0.0,27.26
ORD004701,P0005,1,0.0,63.09
ORD004702,P0009,1,0.0,186.88
ORD004702,P0007,1,0.0,110.75
ORD004702,P0006,1,0.0,46.81
ORD004702,P0018,1,0.05,39.71
ORD004703,P0014,2,0.05,21.55
ORD004704,P0003,1,0.0,17.48
ORD004704,P0006,1,0.0,46.81
ORD004704,P0009,1,0.0,186.88
ORD004704,P0011,1,0.15,240.9
ORD004705,P0008,1,0.1,171.05
ORD004705,P0013,2,0.0,11.6
ORD004705,P0016,3,0.0,95.73
ORD004705,P0022,1,0.0,54.51
ORD004706,P0018,1,0.05,39.71
ORD004706,P0022,1,0.1,49.06
ORD004707,P0013,1,0.05,5.51
ORD004707,P0008,3,0.0,570.18
ORD004708,P0016,1,0.0,31.91
ORD004708,P0022,3,0.05,155.35
ORD004708,P0014,1,0.0,11.34
ORD004708,P0006,1,0.0,46.81
ORD004709,P0020,2,0.05,51.79
ORD004709,P0019,1,0.0,43.71
ORD004710,P0010,1,0.05,320.06
ORD004710,P0014,2,0.1,20.41
ORD004710,P0016,1,0.0,31.91
ORD004711,P0003,1,0.0,17.48
ORD004711,P0022,1,0.1,49.06
ORD004711,P0019,2,0.0,87.42
ORD004712,P0004,3,0.1,262.55
ORD004712,P0017,1,0.0,8.44
ORD004713,P0020,1,0.1,24.53
ORD004713,P0019,2,0.0,87.42
ORD004713,P0004,3,0.0,291.72
ORD004713,P0010,1,0.05,320.06
ORD004714,P0004,1,0.05,92.38
ORD004715,P0013,1,0.15,4.93
ORD004715,P0018,1,0.05,39.71
ORD004715,P0015,1,0.05,7.8
ORD004716,P0014,1,0.0,11.34
ORD004717,P0021,1,0.0,24.53
ORD004717,P0013,1,0.0,5.8
ORD004718,P0007,1,0.15,94.14
ORD004719,P0005,3,0.05,179.81
ORD004719,P0020,1,0.1,24.53
ORD004720,P0003,1,0.05,16.61
ORD004720,P0011,1,0.0,283.41
ORD004721,P0010,1,0.0,336.91
ORD004722,P0002,1,0.1,105.56
ORD004723,P0008,1,0.0,190.06
ORD004723,P0020,1,0.1,24.53
ORD004724,P0009,1,0.0,186.88
ORD004724,P0015,1,0.0,8.21
ORD004725,P0001,1,0.05,44.16
ORD004726,P0004,1,0.0,97.24
ORD004726,P0022,1,0.0,54.51
ORD004726,P0006,2,0.15,79.58
ORD004727,P0011,1,0.05,269.24
ORD004727,P0002,1,0.05,111.43
ORD004727,P0020,3,0.0,81.78
ORD004727,P0005,1,0.0,63.09
ORD004728,P0022,1,0.0,54.51
ORD004728,P0017,1,0.05,8.02
ORD004728,P0019,1,0.1,39.34
ORD004729,P0007,1,0.0,110.75
ORD004729,P0017,1,0.0,8.44
ORD004730,P0015,2,0.0,16.42
ORD004730,P0016,1,0.0,31.91
ORD004730,P0020,1,0.0,27.26
ORD004730,P0011,1,0.0,283.41
ORD004731,P0015,1,0.0,8.21
ORD004732,P0003,2,0.1,31.46
ORD004732,P0009,1,0.05,177.54
ORD004733,P0017,1,0.0,8.44
ORD004733,P0001,1,0.05,44.16
ORD004734,P0007,1,0.0,110.75
ORD004735,P0019,3,0.0,131.13
ORD004735,P0012,2,0.05,43.98
ORD004736,P0007,1,0.15,94.14
ORD004736,P0017,2,0.0,16.88
ORD004737,P0013,1,0.0,5.8
ORD004737,P0016,3,0.0,95.73
ORD004738,P0002,1,0.0,117.29
ORD004738,P0019,1,0.0,43.71
ORD004739,P0022,1,0.15,46.33
ORD004740,P0020,1,0.15,23.17
ORD004740,P0019,2,0.1,78.68
ORD004740,P0012,1,0.0,23.15
ORD004741,P0010,1,0.15,286.37
ORD004741,P0022,1,0.05,51.78
ORD004742,P0021,1,0.0,24.53
ORD004743,P0021,2,0.0,49.06
ORD004743,P0006,2,0.15,79.58
ORD004744,P0013,1,0.0,5.8
ORD004745,P0003,1,0.1,15.73
ORD004745,P0017,3,0.1,22.79
ORD004746,P0003,1,0.0,17.48
ORD004747,P0017,1,0.15,7.17
ORD004748,P0005,1,0.0,63.09
ORD004748,P0008,1,0.0,190.06
ORD004748,P0020,1,0.0,27.26
ORD004749,P0002,1,0.0,117.29
ORD004749,P0010,1,0.0,336.91
ORD004749,P0004,1,0.1,87.52
ORD004750,P0022,1,0.15,46.33
ORD004750,P0012,1,0.0,23.15
ORD004750,P0009,2,0.05,355.07
ORD004751,P0017,1,0.0,8.44
ORD004751,P0005,3,0.05,179.81
ORD004752,P0017,1,0.0,8.44
ORD004752,P0004,1,0.0,97.24
ORD004753,P0001,3,0.1,125.5
ORD004753,P0014,1,0.1,10.21
ORD004754,P0021,1,0.0,24.53
ORD004755,P0020,1,0.0,27.26
ORD004755,P0015,1,0.05,7.8
ORD004755,P0011,1,0.0,283.41
ORD004755,P0014,2,0.0,22.68
ORD004756,P0022,1,0.1,49.06
ORD004756,P0009,1,0.0,186.88
ORD004756,P0008,1,0.0,190.06
ORD004756,P0002,1,0.1,105.56
ORD004757,P0020,2,0.0,54.52
ORD004758,P0010,1,0.0,336.91
ORD004759,P0021,2,0.05,46.61
ORD004760,P0011,2,0.2,453.46
ORD004761,P0019,1,0.0,43.71
ORD004761,P0013,3,0.0,17.4
ORD004762,P0007,1,0.05,105.21
ORD004762,P0018,1,0.0,41.8
ORD004763,P0010,3,0.0,1010.73
ORD004764,P0011,1,0.0,283.41
ORD004765,P0004,2,0.0,194.48
ORD004766,P0009,2,0.1,336.38
ORD004766,P0010,1,0.0,336.91
ORD004767,P0007,1,0.0,110.75
ORD004767,P0008,1,0.1,171.05
ORD004768,P0004,1,0.05,92.38
ORD004768,P0007,1,0.0,110.75
ORD004768,P0006,1,0.0,46.81
ORD004769,P0017,1,0.0,8.44
ORD004770,P0016,3,0.0,95.73
ORD004771,P0009,3,0.05,532.61
ORD004772,P0004,3,0.1,262.55
ORD004772,P0015,1,0.0,8.21
ORD004773,P0005,1,0.15,53.63
ORD004773,P0017,1,0.2,6.75
ORD004773,P0016,1,0.1,28.72
ORD004773,P0009,1,0.0,186.88
ORD004774,P0001,1,0.15,39.51
ORD004774,P0007,1,0.0,110.75
ORD004774,P0021,3,0.0,73.59
ORD004775,P0001,1,0.0,46.48
ORD004776,P0019,1,0.0,43.71
ORD004776,P0014,1,0.0,11.34
ORD004777,P0006,1,0.0,46.81
ORD004777,P0009,1,0.15,158.85
ORD004777,P0017,1,0.05,8.02
ORD004777,P0016,2,0.05,60.63
ORD004778,P0019,1,0.2,34.97
ORD004778,P0003,1,0.1,15.73
ORD004779,P0020,1,0.0,27.26
ORD004780,P0016,1,0.15,27.12
ORD004780,P0001,1,0.0,46.48
ORD004781,P0014,1,0.05,10.77
ORD004782,P0015,1,0.1,7.39
ORD004783,P0005,1,0.0,63.09
ORD004783,P0017,2,0.05,16.04
ORD004784,P0004,1,0.05,92.38
ORD004784,P0012,1,0.15,19.68
ORD004785,P0020,1,0.0,27.26
ORD004786,P0006,1,0.1,42.13
ORD004786,P0020,1,0.0,27.26
ORD004786,P0019,1,0.0,43.71
ORD004787,P0010,1,0.15,286.37
ORD004788,P0017,1,0.05,8.02
ORD004788,P0005,1,0.0,63.09
ORD004789,P0005,3,0.2,151.42
ORD004789,P0013,1,0.05,5.51
ORD004789,P0002,1,0.15,99.7
ORD004789,P0004,1,0.05,92.38
ORD004790,P0008,2,0.0,380.12
ORD004791,P0018,1,0.05,39.71
ORD004792,P0005,1,0.0,63.09
ORD004792,P0001,1,0.1,41.83
ORD004793,P0017,1,0.0,8.44
ORD004793,P0001,1,0.1,41.83
ORD004793,P0004,1,0.1,87.52
ORD004794,P0018,3,0.05,119.13
ORD004794,P0007,1,0.1,99.68
ORD004794,P0013,3,0.05,16.53
ORD004795,P0018,2,0.05,79.42
ORD004795,P0013,1,0.0,5.8
ORD004796,P0009,2,0.0,373.76
ORD004796,P0001,2,0.0,92.96
ORD004797,P0009,1,0.0,186.88
ORD004797,P0015,1,0.05,7.8
ORD004797,P0004,1,0.15,82.65
ORD004798,P0015,1,0.1,7.39
ORD004798,P0021,2,0.0,49.06
ORD004799,P0012,1,0.0,23.15
ORD004800,P0014,1,0.15,9.64
ORD004800,P0003,2,0.15,29.72
ORD004800,P0010,1,0.15,286.37
ORD004800,P0007,1,0.05,105.21
ORD004801,P0013,2,0.0,11.6
ORD004801,P0014,3,0.05,32.32
ORD004802,P0004,2,0.0,194.48
ORD004802,P0018,1,0.0,41.8
ORD004803,P0021,3,0.05,69.91
ORD004804,P0020,3,0.05,77.69
ORD004805,P0004,1,0.0,97.24
ORD004805,P0003,2,0.0,34.96
ORD004805,P0005,2,0.0,126.18
ORD004806,P0007,1,0.05,105.21
ORD004806,P0009,1,0.0,186.88
ORD004806,P0022,1,0.0,54.51
ORD004807,P0021,1,0.0,24.53
ORD004807,P0003,2,0.1,31.46
ORD004808,P0015,3,0.0,24.63
ORD004808,P0016,3,0.15,81.37
ORD004809,P0022,1,0.0,54.51
ORD004809,P0017,1,0.0,8.44
ORD004810,P0020,1,0.2,21.81
ORD004810,P0004,2,0.15,165.31
ORD004811,P0007,1,0.15,94.14
ORD004812,P0009,2,0.15,317.7
ORD004813,P0011,1,0.1,255.07
ORD004813,P0016,1,0.05,30.31
ORD004814,P0004,3,0.2,233.38
ORD004814,P0008,1,0.05,180.56
ORD004815,P0013,1,0.05,5.51
ORD004816,P0018,2,0.0,83.6
ORD004817,P0008,1,0.0,190.06
ORD004817,P0019,1,0.0,43.71
ORD004818,P0012,1,0.0,23.15
ORD004819,P0020,1,0.0,27.26
ORD004820,P0012,1,0.1,20.84
ORD004820,P0004,2,0.15,165.31
ORD004820,P0019,1,0.0,43.71
ORD004820,P0009,1,0.0,186.88
ORD004821,P0020,1,0.1,24.53
ORD004822,P0021,1,0.05,23.3
ORD004823,P0020,2,0.15,46.34
ORD004823,P0013,1,0.0,5.8
ORD004824,P0012,2,0.05,43.98
ORD004825,P0015,2,0.1,14.78
ORD004826,P0007,1,0.1,99.68
ORD004826,P0009,1,0.05,177.54
ORD004826,P0002,1,0.0,117.29
ORD004827,P0003,1,0.05,16.61
ORD004827,P0004,1,0.1,87.52
ORD004827,P0002,1,0.0,117.29
ORD004828,P0016,2,0.15,54.25
ORD004829,P0005,2,0.0,126.18
ORD004829,P0001,1,0.1,41.83
ORD004830,P0014,2,0.05,21.55
ORD004831,P0012,2,0.1,41.67
ORD004831,P0005,3,0.05,179.81
ORD004831,P0007,2,0.1,199.35
ORD004832,P0013,2,0.15,9.86
ORD004832,P0017,3,0.05,24.05
ORD004832,P0014,1,0.05,10.77
ORD004833,P0007,1,0.0,110.75
ORD004834,P0008,1,0.0,190.06
ORD004834,P0006,2,0.0,93.62
ORD004834,P0013,1,0.0,5.8
ORD004835,P0003,1,0.05,16.61
ORD004836,P0022,2,0.15,92.67
ORD004837,P0017,1,0.0,8.44
ORD004838,P0019,1,0.0,43.71
ORD004838,P0012,1,0.0,23.15
ORD004839,P0011,1,0.0,283.41
ORD004840,P0016,2,0.0,63.82
ORD004841,P0018,1,0.2,33.44
ORD004841,P0007,1,0.05,105.21
ORD004842,P0006,1,0.0,46.81
ORD004842,P0012,1,0.0,23.15
ORD004842,P0002,2,0.0,234.58
ORD004842,P0004,2,0.1,175.03
ORD004843,P0017,1,0.0,8.44
ORD004844,P0021,1,0.05,23.3
ORD004844,P0002,2,0.0,234.58
ORD004845,P0011,1,0.1,255.07
ORD004845,P0015,1,0.0,8.21
ORD004846,P0019,2,0.0,87.42
ORD004847,P0013,2,0.15,9.86
ORD004848,P0009,1,0.0,186.88
ORD004849,P0011,1,0.1,255.07
ORD004849,P0017,1,0.0,8.44
ORD004850,P0019,2,0.1,78.68
ORD004851,P0009,3,0.0,560.64
ORD004851,P0013,2,0.1,10.44
ORD004852,P0018,2,0.0,83.6
ORD004853,P0019,1,0.0,43.71
ORD004854,P0020,1,0.0,27.26
ORD004854,P0011,1,0.15,240.9
ORD004854,P0009,2,0.0,373.76
ORD004855,P0020,1,0.15,23.17
ORD004855,P0008,1,0.0,190.06
ORD004856,P0011,3,0.0,850.23
ORD004856,P0022,1,0.1,49.06
ORD004857,P0018,1,0.0,41.8
ORD004857,P0012,1,0.15,19.68
ORD004858,P0007,1,0.05,105.21
ORD004858,P0021,1,0.0,24.53
ORD004859,P0012,1,0.1,20.84
ORD004859,P0004,3,0.0,291.72
ORD004860,P0005,1,0.05,59.94
ORD004860,P0022,1,0.0,54.51
ORD004860,P0017,1,0.05,8.02
ORD004860,P0018,1,0.0,41.8
ORD004861,P0012,1,0.0,23.15
ORD004861,P0001,1,0.05,44.16
ORD004861,P0011,1,0.0,283.41
ORD004861,P0015,1,0.0,8.21
ORD004862,P0005,3,0.05,179.81
ORD004862,P0016,3,0.15,81.37
ORD004863,P0021,1,0.05,23.3
ORD004863,P0019,1,0.15,37.15
ORD004863,P0015,1,0.0,8.21
ORD004864,P0016,1,0.1,28.72
ORD004865,P0012,1,0.1,20.84
ORD004866,P0019,2,0.1,78.68
ORD004867,P0009,1,0.05,177.54
ORD004868,P0021,1,0.2,19.62
ORD004868,P0008,1,0.0,190.06
ORD004869,P0021,1,0.05,23.3
ORD004869,P0014,1,0.0,11.34
ORD004869,P0009,1,0.05,177.54
ORD004870,P0020,1,0.05,25.9
ORD004871,P0015,1,0.0,8.21
ORD004872,P0017,1,0.0,8.44
ORD004872,P0011,1,0.0,283.41
ORD004873,P0015,1,0.0,8.21
ORD004873,P0021,1,0.05,23.3
ORD004874,P0001,3,0.05,132.47
ORD004874,P0002,1,0.05,111.43
ORD004875,P0003,1,0.0,17.48
ORD004876,P0018,1,0.0,41.8
ORD004876,P0017,1,0.0,8.44
ORD004876,P0007,1,0.05,105.21
ORD004877,P0012,1,0.0,23.15
ORD004878,P0010,1,0.05,320.06
ORD004879,P0019,1,0.1,39.34
ORD004880,P0005,1,0.05,59.94
ORD004881,P0005,1,0.0,63.09
ORD004881,P0017,1,0.1,7.6
ORD004881,P0022,2,0.05,103.57
ORD004882,P0021,1,0.0,24.53
ORD004883,P0004,1,0.0,97.24
ORD004884,P0015,1,0.0,8.21
ORD004884,P0007,1,0.0,110.75
ORD004884,P0016,1,0.0,31.91
ORD004884,P0009,3,0.0,560.64
ORD004885,P0017,1,0.05,8.02
ORD004885,P0020,2,0.0,54.52
ORD004886,P0016,2,0.0,63.82
ORD004887,P0015,3,0.1,22.17
ORD004887,P0020,1,0.0,27.26
ORD004888,P0015,1,0.0,8.21
ORD004889,P0015,1,0.0,8.21
ORD004889,P0009,1,0.0,186.88
ORD004889,P0019,1,0.1,39.34
ORD004889,P0012,1,0.0,23.15
ORD004890,P0001,1,0.05,44.16
ORD004890,P0017,1,0.0,8.44
ORD004891,P0017,1,0.1,7.6
ORD004892,P0010,1,0.0,336.91
ORD004892,P0020,2,0.05,51.79
ORD004892,P0002,2,0.0,234.58
ORD004893,P0010,1,0.05,320.06
ORD004893,P0008,1,0.0,190.06
ORD004893,P0006,1,0.1,42.13
ORD004894,P0017,1,0.1,7.6
ORD004894,P0022,1,0.2,43.61
ORD004895,P0019,1,0.0,43.71
ORD004895,P0018,1,0.0,41.8
ORD004896,P0001,1,0.0,46.48
ORD004897,P0013,1,0.0,5.8
ORD004897,P0006,1,0.0,46.81
ORD004897,P0008,1,0.0,190.06
ORD004898,P0005,1,0.0,63.09
ORD004899,P0001,1,0.1,41.83
ORD004899,P0002,1,0.0,117.29
ORD004899,P0009,1,0.0,186.88
ORD004900,P0003,2,0.0,34.96
ORD004901,P0007,2,0.0,221.5
ORD004901,P0017,3,0.1,22.79
ORD004902,P0015,1,0.2,6.57
ORD004903,P0003,1,0.0,17.48
ORD004904,P0015,2,0.05,15.6
ORD004904,P0003,1,0.0,17.48
ORD004905,P0020,1,0.0,27.26
ORD004905,P0002,1,0.05,111.43
ORD004906,P0004,1,0.0,97.24
ORD004906,P0005,3,0.05,179.81
ORD004906,P0009,3,0.0,560.64
ORD004907,P0016,1,0.0,31.91
ORD004908,P0020,1,0.0,27.26
ORD004908,P0022,1,0.0,54.51
ORD004909,P0001,1,0.0,46.48
ORD004910,P0013,1,0.0,5.8
ORD004911,P0022,1,0.1,49.06
ORD004912,P0003,3,0.0,52.44
ORD004913,P0004,3,0.05,277.13
ORD004913,P0002,1,0.0,117.29
ORD004913,P0012,3,0.0,69.45
ORD004914,P0010,3,0.1,909.66
ORD004914,P0019,1,0.1,39.34
ORD004914,P0009,1,0.0,186.88
ORD004915,P0001,1,0.0,46.48
ORD004915,P0013,1,0.1,5.22
ORD004915,P0009,1,0.0,186.88
ORD004915,P0005,2,0.2,100.94
ORD004916,P0007,1,0.0,110.75
ORD004916,P0022,1,0.05,51.78
ORD004917,P0018,1,0.0,41.8
ORD004917,P0010,1,0.05,320.06
ORD004918,P0006,1,0.0,46.81
ORD004919,P0004,2,0.0,194.48
ORD004919,P0013,2,0.05,11.02
ORD004920,P0002,3,0.15,299.09
ORD004921,P0011,1,0.05,269.24
ORD004921,P0009,1,0.1,168.19
ORD004921,P0016,2,0.0,63.82
ORD004922,P0013,1,0.0,5.8
ORD004922,P0022,1,0.05,51.78
ORD004922,P0015,1,0.0,8.21
ORD004923,P0008,1,0.0,190.06
ORD004923,P0017,1,0.05,8.02
ORD004924,P0014,1,0.0,11.34
ORD004924,P0001,2,0.05,88.31
ORD004925,P0017,1,0.0,8.44
ORD004926,P0011,1,0.0,283.41
ORD004926,P0005,1,0.2,50.47
ORD004926,P0001,1,0.15,39.51
ORD004927,P0010,1,0.05,320.06
ORD004927,P0015,1,0.0,8.21
ORD004927,P0016,1,0.0,31.91
ORD004928,P0001,1,0.0,46.48
ORD004928,P0003,1,0.05,16.61
ORD004928,P0016,3,0.0,95.73
ORD004929,P0019,1,0.05,41.52
ORD004929,P0009,2,0.15,317.7
ORD004929,P0014,1,0.0,11.34
ORD004930,P0008,3,0.0,570.18
ORD004931,P0004,1,0.0,97.24
ORD004931,P0002,1,0.1,105.56
ORD004931,P0014,2,0.0,22.68
ORD004931,P0010,1,0.1,303.22
ORD004932,P0021,1,0.0,24.53
ORD004932,P0010,2,0.05,640.13
ORD004933,P0002,1,0.05,111.43
ORD004933,P0009,1,0.0,186.88
ORD004933,P0018,1,0.1,37.62
ORD004933,P0004,1,0.1,87.52
ORD004934,P0020,2,0.0,54.52
ORD004935,P0003,1,0.0,17.48
ORD004935,P0020,1,0.0,27.26
ORD004935,P0016,1,0.0,31.91
ORD004935,P0018,1,0.1,37.62
ORD004936,P0002,1,0.0,117.29
ORD004937,P0018,1,0.05,39.71
ORD004937,P0015,1,0.0,8.21
ORD004938,P0010,1,0.05,320.06
ORD004938,P0008,1,0.0,190.06
ORD004939,P0007,1,0.1,99.68
ORD004939,P0015,1,0.2,6.57
ORD004940,P0002,2,0.1,211.12
ORD004941,P0010,1,0.0,336.91
ORD004941,P0021,1,0.05,23.3
ORD004942,P0010,1,0.1,303.22
ORD004942,P0020,1,0.1,24.53
ORD004943,P0005,1,0.15,53.63
ORD004944,P0007,1,0.0,110.75
ORD004944,P0008,1,0.2,152.05
ORD004945,P0022,2,0.05,103.57
ORD004946,P0021,1,0.05,23.3
ORD004947,P0015,1,0.1,7.39
ORD004948,P0013,1,0.05,5.51
ORD004949,P0022,3,0.1,147.18
ORD004950,P0006,3,0.15,119.37
ORD004950,P0002,1,0.0,117.29
ORD004951,P0019,2,0.0,87.42
ORD004952,P0001,1,0.05,44.16
ORD004953,P0019,3,0.05,124.57
ORD004954,P0013,1,0.1,5.22
ORD004954,P0022,1,0.0,54.51
ORD004954,P0021,1,0.0,24.53
ORD004955,P0014,2,0.1,20.41
ORD004955,P0022,1,0.2,43.61
ORD004956,P0013,2,0.05,11.02
ORD004957,P0009,2,0.0,373.76
ORD004958,P0007,1,0.0,110.75
ORD004959,P0020,3,0.2,65.42
ORD004959,P0006,2,0.1,84.26
ORD004959,P0017,2,0.05,16.04
ORD004960,P0002,1,0.0,117.29
ORD004960,P0011,2,0.05,538.48
ORD004961,P0002,1,0.0,117.29
ORD004961,P0007,1,0.0,110.75
ORD004962,P0008,3,0.15,484.65
ORD004962,P0004,1,0.05,92.38
ORD004963,P0007,1,0.0,110.75
ORD004964,P0010,1,0.0,336.91
ORD004964,P0003,1,0.0,17.48
ORD004964,P0017,1,0.0,8.44
ORD004965,P0017,3,0.0,25.32
ORD004966,P0014,2,0.0,22.68
ORD004966,P0016,3,0.0,95.73
ORD004966,P0018,2,0.2,66.88
ORD004966,P0020,1,0.05,25.9
ORD004967,P0007,1,0.0,110.75
ORD004968,P0013,2,0.05,11.02
ORD004969,P0016,1,0.2,25.53
ORD004969,P0018,1,0.15,35.53
ORD004970,P0013,3,0.0,17.4
ORD004970,P0017,1,0.2,6.75
ORD004971,P0011,2,0.0,566.82
ORD004972,P0009,1,0.0,186.88
ORD004972,P0012,1,0.15,19.68
ORD004972,P0005,1,0.0,63.09
ORD004972,P0008,1,0.0,190.06
ORD004973,P0008,1,0.0,190.06
ORD004973,P0009,2,0.0,373.76
ORD004973,P0018,1,0.15,35.53
ORD004973,P0005,1,0.2,50.47
ORD004974,P0012,2,0.0,46.3
ORD004974,P0020,1,0.0,27.26
ORD004975,P0020,2,0.0,54.52
ORD004975,P0005,1,0.0,63.09
ORD004976,P0012,1,0.0,23.15
ORD004977,P0007,1,0.0,110.75
ORD004977,P0009,2,0.15,317.7
ORD004977,P0016,2,0.1,57.44
ORD004978,P0017,1,0.0,8.44
ORD004978,P0012,1,0.15,19.68
ORD004978,P0001,1,0.0,46.48
ORD004979,P0012,1,0.0,23.15
ORD004979,P0009,1,0.0,186.88
ORD004980,P0018,2,0.1,75.24
ORD004980,P0022,1,0.05,51.78
ORD004980,P0017,1,0.0,8.44
ORD004981,P0004,1,0.0,97.24
ORD004981,P0020,1,0.05,25.9
ORD004981,P0009,3,0.05,532.61
ORD004981,P0005,1,0.0,63.09
ORD004982,P0018,3,0.0,125.4
ORD004983,P0008,1,0.0,190.06
ORD004984,P0021,2,0.15,41.7
ORD004985,P0001,1,0.0,46.48
ORD004986,P0009,2,0.1,336.38
ORD004987,P0007,1,0.0,110.75
ORD004987,P0019,1,0.05,41.52
ORD004988,P0011,1,0.15,240.9
ORD004989,P0014,1,0.2,9.07
ORD004990,P0008,1,0.05,180.56
ORD004990,P0019,1,0.2,34.97
ORD004990,P0022,1,0.0,54.51
ORD004990,P0021,1,0.1,22.08
ORD004991,P0010,1,0.1,303.22
ORD004992,P0011,1,0.0,283.41
ORD004992,P0007,2,0.05,210.42
ORD004993,P0002,1,0.0,117.29
ORD004994,P0015,2,0.05,15.6
ORD004994,P0007,1,0.2,88.6
ORD004995,P0010,1,0.15,286.37
ORD004995,P0009,1,0.0,186.88
ORD004996,P0012,1,0.0,23.15
ORD004997,P0005,2,0.05,119.87
ORD004997,P0006,1,0.15,39.79
ORD004998,P0001,1,0.0,46.48
ORD004998,P0016,1,0.05,30.31
ORD004999,P0014,1,0.0,11.34
ORD005000,P0004,1,0.0,97.24
ORD005001,P0011,1,0.0,283.41
ORD005001,P0020,3,0.2,65.42
ORD005001,P0014,3,0.2,27.22
ORD005001,P0009,1,0.05,177.54
ORD005002,P0011,1,0.0,283.41
ORD005002,P0015,1,0.0,8.21
ORD005002,P0009,1,0.0,186.88
ORD005003,P0001,1,0.1,41.83
ORD005003,P0003,2,0.05,33.21
ORD005004,P0020,3,0.0,81.78
ORD005005,P0014,1,0.0,11.34
ORD005005,P0010,1,0.0,336.91
ORD005006,P0021,2,0.0,49.06
ORD005007,P0007,3,0.0,332.25
ORD005007,P0009,1,0.0,186.88
ORD005008,P0016,3,0.0,95.73
ORD005008,P0009,3,0.15,476.54
ORD005008,P0001,1,0.0,46.48
ORD005008,P0004,1,0.1,87.52
ORD005009,P0014,1,0.0,11.34
ORD005009,P0016,1,0.0,31.91
ORD005009,P0021,1,0.0,24.53
ORD005009,P0006,1,0.05,44.47
ORD005010,P0017,2,0.1,15.19
ORD005010,P0012,1,0.0,23.15
ORD005011,P0017,1,0.1,7.6
ORD005011,P0013,1,0.0,5.8
ORD005012,P0014,1,0.1,10.21
ORD005012,P0011,1,0.0,283.41
ORD005013,P0010,1,0.0,336.91
ORD005014,P0022,1,0.0,54.51
ORD005014,P0013,1,0.0,5.8
ORD005014,P0015,1,0.15,6.98
ORD005015,P0008,1,0.1,171.05
ORD005016,P0002,2,0.0,234.58
ORD005017,P0020,1,0.05,25.9
ORD005018,P0015,1,0.2,6.57
ORD005018,P0013,1,0.0,5.8
ORD005018,P0007,1,0.0,110.75
ORD005019,P0007,1,0.2,88.6
ORD005019,P0017,1,0.0,8.44
ORD005019,P0011,1,0.1,255.07
ORD005020,P0022,2,0.05,103.57
ORD005021,P0007,2,0.2,177.2
ORD005021,P0006,3,0.05,133.41
ORD005022,P0016,1,0.0,31.91
ORD005023,P0021,1,0.2,19.62
ORD005023,P0008,1,0.0,190.06
ORD005023,P0019,1,0.1,39.34
ORD005024,P0015,1,0.0,8.21
ORD005024,P0012,2,0.1,41.67
ORD005025,P0009,2,0.0,373.76
ORD005026,P0019,1,0.0,43.71
ORD005027,P0004,1,0.1,87.52
ORD005027,P0020,2,0.0,54.52
ORD005027,P0007,1,0.0,110.75
ORD005027,P0006,2,0.05,88.94
ORD005028,P0012,1,0.05,21.99
ORD005029,P0011,2,0.1,510.14
ORD005030,P0021,1,0.0,24.53
ORD005030,P0016,1,0.0,31.91
ORD005031,P0018,1,0.0,41.8
ORD005032,P0001,3,0.0,139.44
ORD005032,P0007,1,0.0,110.75
ORD005033,P0001,1,0.0,46.48
ORD005034,P0018,2,0.0,83.6
ORD005034,P0013,1,0.0,5.8
ORD005034,P0015,1,0.1,7.39
ORD005035,P0003,3,0.0,52.44
ORD005035,P0010,1,0.0,336.91
ORD005035,P0014,1,0.0,11.34
ORD005036,P0018,3,0.0,125.4
ORD005036,P0005,1,0.1,56.78
ORD005036,P0010,1,0.0,336.91
ORD005037,P0012,1,0.0,23.15
ORD005038,P0022,2,0.0,109.02
ORD005039,P0016,3,0.0,95.73
ORD005039,P0007,1,0.1,99.68
ORD005040,P0018,1,0.0,41.8
ORD005040,P0006,1,0.1,42.13
ORD005041,P0001,1,0.15,39.51
ORD005041,P0005,1,0.1,56.78
ORD005041,P0017,1,0.0,8.44
ORD005041,P0012,3,0.15,59.03
ORD005042,P0021,1,0.0,24.53
ORD005043,P0007,3,0.2,265.8
ORD005044,P0017,1,0.0,8.44
ORD005044,P0015,2,0.0,16.42
ORD005045,P0016,1,0.15,27.12
ORD005046,P0011,1,0.1,255.07
ORD005047,P0003,1,0.05,16.61
ORD005048,P0003,1,0.0,17.48
ORD005049,P0001,3,0.1,125.5
ORD005050,P0010,2,0.05,640.13
ORD005050,P0007,1,0.05,105.21
ORD005051,P0003,2,0.0,34.96
ORD005052,P0012,1,0.0,23.15
ORD005053,P0012,2,0.2,37.04
ORD005053,P0020,1,0.2,21.81
ORD005054,P0021,1,0.0,24.53
ORD005054,P0012,1,0.0,23.15
ORD005055,P0021,1,0.0,24.53
ORD005056,P0012,3,0.0,69.45
ORD005057,P0019,2,0.05,83.05
ORD005058,P0022,1,0.0,54.51
ORD005058,P0020,1,0.15,23.17
ORD005059,P0008,3,0.1,513.16
ORD005060,P0004,1,0.0,97.24
ORD005060,P0022,3,0.0,163.53
ORD005061,P0009,2,0.0,373.76
ORD005062,P0019,1,0.0,43.71
ORD005063,P0019,1,0.0,43.71
ORD005064,P0022,2,0.0,109.02
ORD005064,P0007,1,0.05,105.21
ORD005065,P0019,3,0.0,131.13
ORD005065,P0003,1,0.1,15.73
ORD005066,P0011,3,0.2,680.18
ORD005067,P0005,1,0.15,53.63
ORD005067,P0004,1,0.0,97.24
ORD005068,P0014,1,0.15,9.64
ORD005068,P0001,1,0.0,46.48
ORD005069,P0016,1,0.0,31.91
ORD005069,P0001,1,0.0,46.48
ORD005070,P0012,2,0.1,41.67
ORD005070,P0020,1,0.0,27.26
ORD005070,P0007,1,0.2,88.6
ORD005071,P0022,1,0.0,54.51
ORD005072,P0010,2,0.0,673.82
ORD005073,P0004,1,0.2,77.79
ORD005073,P0014,2,0.05,21.55
ORD005073,P0008,2,0.0,380.12
ORD005074,P0017,1,0.05,8.02
ORD005074,P0020,3,0.1,73.6
ORD005075,P0020,3,0.05,77.69
ORD005076,P0005,1,0.0,63.09
ORD005077,P0013,1,0.0,5.8
ORD005077,P0017,2,0.0,16.88
ORD005077,P0016,1,0.05,30.31
ORD005078,P0018,1,0.2,33.44
ORD005078,P0022,1,0.15,46.33
ORD005079,P0004,1,0.2,77.79
ORD005080,P0004,2,0.0,194.48
ORD005081,P0010,1,0.0,336.91
ORD005082,P0006,1,0.1,42.13
ORD005083,P0008,2,0.0,380.12
ORD005084,P0009,1,0.0,186.88
ORD005085,P0008,1,0.0,190.06
ORD005086,P0004,1,0.0,97.24
ORD005086,P0015,1,0.0,8.21
ORD005086,P0019,1,0.0,43.71
ORD005087,P0012,1,0.05,21.99
ORD005088,P0009,1,0.05,177.54
ORD005088,P0021,2,0.1,44.15
ORD005088,P0005,2,0.0,126.18
ORD005089,P0022,2,0.05,103.57
ORD005089,P0010,1,0.1,303.22
ORD005089,P0008,1,0.0,190.06
ORD005089,P0017,1,0.1,7.6
ORD005090,P0020,1,0.2,21.81
ORD005091,P0013,1,0.0,5.8
ORD005092,P0002,1,0.15,99.7
ORD005093,P0012,1,0.0,23.15
ORD005094,P0001,1,0.0,46.48
ORD005094,P0019,1,0.1,39.34
ORD005095,P0013,3,0.0,17.4
ORD005096,P0011,1,0.0,283.41
ORD005097,P0004,1,0.05,92.38
ORD005097,P0010,1,0.0,336.91
ORD005098,P0005,3,0.2,151.42
ORD005098,P0011,1,0.1,255.07
ORD005099,P0022,2,0.1,98.12
ORD005100,P0003,2,0.1,31.46
ORD005100,P0002,1,0.0,117.29
ORD005101,P0012,2,0.1,41.67
ORD005102,P0019,1,0.0,43.71
ORD005103,P0014,1,0.0,11.34
ORD005103,P0017,1,0.0,8.44
ORD005104,P0020,1,0.0,27.26
ORD005104,P0005,1,0.0,63.09
ORD005104,P0001,1,0.05,44.16
ORD005104,P0003,1,0.0,17.48
ORD005105,P0007,1,0.0,110.75
ORD005105,P0009,1,0.05,177.54
ORD005105,P0016,1,0.0,31.91
ORD005105,P0004,1,0.1,87.52
ORD005106,P0011,1,0.05,269.24
ORD005107,P0004,1,0.05,92.38
ORD005108,P0010,2,0.0,673.82
ORD005108,P0002,1,0.0,117.29
ORD005109,P0016,1,0.0,31.91
ORD005109,P0001,2,0.1,83.66
ORD005110,P0005,1,0.0,63.09
ORD005111,P0010,1,0.0,336.91
ORD005111,P0017,3,0.1,22.79
ORD005112,P0001,1,0.0,46.48
ORD005113,P0016,1,0.05,30.31
ORD005114,P0014,1,0.0,11.34
ORD005114,P0010,2,0.0,673.82
ORD005115,P0002,1,0.0,117.29
ORD005116,P0012,1,0.0,23.15
ORD005116,P0018,1,0.0,41.8
ORD005117,P0009,1,0.05,177.54
ORD005118,P0015,1,0.0,8.21
ORD005119,P0005,1,0.0,63.09
ORD005119,P0001,3,0.0,139.44
ORD005120,P0007,3,0.1,299.03
ORD005121,P0010,1,0.15,286.37
ORD005122,P0015,1,0.0,8.21
ORD005123,P0002,1,0.15,99.7
ORD005124,P0004,1,0.05,92.38
ORD005124,P0017,1,0.0,8.44
ORD005124,P0020,2,0.0,54.52
ORD005125,P0004,1,0.1,87.52
ORD005126,P0020,1,0.0,27.26
ORD005126,P0007,1,0.0,110.75
ORD005127,P0011,1,0.1,255.07
ORD005128,P0008,1,0.0,190.06
ORD005128,P0015,1,0.0,8.21
ORD005128,P0014,3,0.0,34.02
ORD005128,P0010,2,0.0,673.82
ORD005129,P0002,1,0.1,105.56
ORD005129,P0017,1,0.2,6.75
ORD005130,P0011,1,0.05,269.24
ORD005130,P0020,1,0.0,27.26
ORD005131,P0017,2,0.0,16.88
ORD005131,P0003,2,0.0,34.96
ORD005132,P0006,1,0.0,46.81
ORD005132,P0008,2,0.15,323.1
ORD005132,P0001,1,0.0,46.48
ORD005133,P0014,2,0.0,22.68
ORD005134,P0012,1,0.2,18.52
ORD005135,P0015,1,0.0,8.21
ORD005135,P0006,1,0.05,44.47
ORD005136,P0002,1,0.15,99.7
ORD005137,P0021,3,0.15,62.55
ORD005138,P0007,1,0.0,110.75
ORD005138,P0014,1,0.2,9.07
ORD005138,P0018,1,0.0,41.8
ORD005138,P0006,3,0.2,112.34
ORD005139,P0010,1,0.0,336.91
ORD005140,P0012,1,0.0,23.15
ORD005140,P0016,3,0.0,95.73
ORD005140,P0010,2,0.2,539.06
ORD005140,P0006,1,0.15,39.79
ORD005141,P0002,1,0.0,117.29
ORD005142,P0003,3,0.1,47.2
ORD005142,P0006,2,0.1,84.26
ORD005143,P0001,1,0.05,44.16
ORD005143,P0015,2,0.0,16.42
ORD005144,P0018,1,0.0,41.8
ORD005144,P0015,1,0.05,7.8
ORD005144,P0014,1,0.0,11.34
ORD005145,P0005,2,0.0,126.18
ORD005146,P0017,2,0.0,16.88
ORD005146,P0019,1,0.1,39.34
ORD005147,P0016,1,0.1,28.72
ORD005147,P0009,1,0.0,186.88
ORD005148,P0009,2,0.0,373.76
ORD005149,P0007,1,0.15,94.14
ORD005149,P0010,1,0.15,286.37
ORD005149,P0021,1,0.2,19.62
ORD005150,P0003,1,0.0,17.48
ORD005150,P0004,1,0.2,77.79
ORD005150,P0020,2,0.1,49.07
ORD005151,P0021,1,0.1,22.08
ORD005152,P0016,1,0.0,31.91
ORD005153,P0012,1,0.0,23.15
ORD005153,P0014,1,0.15,9.64
ORD005153,P0006,2,0.05,88.94
ORD005154,P0015,1,0.15,6.98
ORD005155,P0007,1,0.2,88.6
ORD005156,P0006,2,0.0,93.62
ORD005157,P0009,1,0.1,168.19
ORD005157,P0008,1,0.05,180.56
ORD005158,P0018,2,0.0,83.6
ORD005159,P0013,1,0.05,5.51
ORD005160,P0010,2,0.05,640.13
ORD005160,P0016,1,0.0,31.91
ORD005161,P0005,1,0.15,53.63
ORD005162,P0011,1,0.05,269.24
ORD005162,P0007,1,0.05,105.21
ORD005162,P0002,1,0.0,117.29
ORD005162,P0020,1,0.0,27.26
ORD005163,P0004,3,0.05,277.13
ORD005163,P0011,1,0.1,255.07
ORD005163,P0013,1,0.0,5.8
ORD005163,P0018,1,0.0,41.8
ORD005164,P0014,1,0.0,11.34
ORD005164,P0002,1,0.15,99.7
ORD005164,P0017,1,0.0,8.44
ORD005164,P0008,1,0.05,180.56
ORD005165,P0022,1,0.05,51.78
ORD005165,P0008,2,0.0,380.12
ORD005166,P0020,1,0.0,27.26
ORD005166,P0003,1,0.05,16.61
ORD005166,P0019,1,0.1,39.34
ORD005166,P0016,1,0.0,31.91
ORD005167,P0016,1,0.0,31.91
ORD005167,P0011,2,0.0,566.82
ORD005168,P0007,1,0.1,99.68
ORD005169,P0002,1,0.05,111.43
ORD005170,P0018,1,0.0,41.8
ORD005170,P0017,1,0.1,7.6
ORD005171,P0013,1,0.1,5.22
ORD005171,P0007,2,0.1,199.35
ORD005172,P0017,1,0.0,8.44
ORD005172,P0007,1,0.2,88.6
ORD005173,P0017,1,0.15,7.17
ORD005173,P0012,2,0.1,41.67
ORD005173,P0014,1,0.05,10.77
ORD005174,P0021,1,0.0,24.53
ORD005174,P0020,2,0.0,54.52
ORD005174,P0005,1,0.15,53.63
ORD005175,P0012,1,0.0,23.15
ORD005175,P0011,2,0.0,566.82
ORD005176,P0008,3,0.0,570.18
ORD005176,P0016,2,0.0,63.82
ORD005176,P0022,1,0.0,54.51
ORD005177,P0004,1,0.05,92.38
ORD005178,P0002,2,0.0,234.58
ORD005178,P0015,2,0.1,14.78
ORD005178,P0003,1,0.15,14.86
ORD005179,P0005,1,0.0,63.09
ORD005180,P0004,1,0.0,97.24
ORD005181,P0022,1,0.0,54.51
ORD005182,P0019,1,0.05,41.52
ORD005182,P0007,1,0.0,110.75
ORD005183,P0013,2,0.15,9.86
ORD005184,P0017,3,0.0,25.32
ORD005184,P0007,1,0.0,110.75
ORD005185,P0004,1,0.0,97.24
ORD005185,P0017,1,0.0,8.44
ORD005185,P0015,1,0.15,6.98
ORD005185,P0014,1,0.0,11.34
ORD005186,P0018,3,0.0,125.4
ORD005186,P0022,1,0.0,54.51
ORD005187,P0018,1,0.15,35.53
ORD005188,P0013,1,0.0,5.8
ORD005188,P0021,2,0.05,46.61
ORD005188,P0011,2,0.0,566.82
ORD005188,P0007,3,0.0,332.25
ORD005189,P0005,3,0.0,189.27
ORD005189,P0004,1,0.0,97.24
ORD005189,P0010,2,0.15,572.75
ORD005190,P0007,1,0.05,105.21
ORD005191,P0014,1,0.0,11.34
ORD005192,P0011,1,0.0,283.41
ORD005192,P0018,1,0.15,35.53
ORD005193,P0019,1,0.05,41.52
ORD005193,P0013,1,0.0,5.8
ORD005194,P0008,3,0.0,570.18
ORD005194,P0021,2,0.0,49.06
ORD005194,P0004,3,0.0,291.72
ORD005195,P0013,1,0.05,5.51
ORD005195,P0005,1,0.05,59.94
ORD005196,P0016,1,0.0,31.91
ORD005196,P0019,1,0.0,43.71
ORD005197,P0005,1,0.0,63.09
ORD005197,P0011,2,0.0,566.82
ORD005198,P0003,2,0.15,29.72
ORD005199,P0017,2,0.1,15.19
ORD005199,P0019,1,0.0,43.71
ORD005199,P0004,3,0.1,262.55
ORD005199,P0009,1,0.1,168.19
ORD005200,P0012,1,0.2,18.52
ORD005201,P0014,1,0.05,10.77
ORD005202,P0008,1,0.0,190.06
ORD005203,P0005,2,0.0,126.18
ORD005203,P0022,1,0.05,51.78
ORD005204,P0005,2,0.1,113.56
ORD005204,P0019,1,0.0,43.71
ORD005204,P0008,1,0.0,190.06
ORD005204,P0012,2,0.0,46.3
ORD005205,P0022,1,0.05,51.78
ORD005205,P0003,2,0.0,34.96
ORD005206,P0021,1,0.0,24.53
ORD005207,P0014,2,0.15,19.28
ORD005207,P0021,1,0.0,24.53
ORD005207,P0019,2,0.05,83.05
ORD005207,P0009,1,0.0,186.88
ORD005208,P0017,1,0.0,8.44
ORD005209,P0001,1,0.0,46.48
ORD005209,P0007,3,0.0,332.25
ORD005210,P0011,1,0.0,283.41
ORD005210,P0014,1,0.0,11.34
ORD005210,P0003,2,0.0,34.96
ORD005211,P0012,2,0.0,46.3
ORD005212,P0017,1,0.1,7.6
ORD005212,P0018,2,0.0,83.6
ORD005213,P0008,1,0.0,190.06
ORD005214,P0017,2,0.05,16.04
ORD005214,P0020,1,0.0,27.26
ORD005215,P0012,1,0.15,19.68
ORD005216,P0013,1,0.0,5.8
ORD005216,P0016,1,0.0,31.91
ORD005217,P0018,1,0.05,39.71
ORD005217,P0007,1,0.05,105.21
ORD005218,P0019,1,0.2,34.97
ORD005218,P0021,2,0.0,49.06
ORD005219,P0013,3,0.0,17.4
ORD005220,P0003,1,0.1,15.73
ORD005221,P0014,1,0.0,11.34
ORD005221,P0022,1,0.0,54.51
ORD005221,P0009,3,0.0,560.64
ORD005222,P0003,1,0.1,15.73
ORD005222,P0013,1,0.0,5.8
ORD005223,P0021,1,0.0,24.53
ORD005223,P0022,3,0.0,163.53
ORD005223,P0009,2,0.0,373.76
ORD005224,P0005,2,0.05,119.87
ORD005224,P0012,1,0.15,19.68
ORD005224,P0017,1,0.2,6.75
ORD005225,P0017,1,0.0,8.44
ORD005225,P0008,1,0.15,161.55
ORD005226,P0016,2,0.0,63.82
ORD005227,P0009,2,0.0,373.76
ORD005228,P0014,2,0.05,21.55
ORD005228,P0005,3,0.2,151.42
ORD005229,P0004,1,0.1,87.52
ORD005229,P0005,1,0.0,63.09
ORD005229,P0022,1,0.0,54.51
ORD005230,P0005,3,0.0,189.27
ORD005231,P0022,3,0.05,155.35
ORD005231,P0019,1,0.0,43.71
ORD005231,P0004,1,0.15,82.65
ORD005232,P0009,1,0.0,186.88
ORD005232,P0019,1,0.05,41.52
ORD005232,P0012,1,0.15,19.68
ORD005232,P0001,1,0.05,44.16
ORD005233,P0017,1,0.0,8.44
ORD005233,P0015,1,0.0,8.21
ORD005234,P0005,1,0.05,59.94
ORD005235,P0007,1,0.2,88.6
ORD005235,P0011,1,0.1,255.07
ORD005235,P0016,1,0.0,31.91
ORD005236,P0010,1,0.1,303.22
ORD005236,P0006,2,0.0,93.62
ORD005236,P0019,1,0.0,43.71
ORD005237,P0018,1,0.1,37.62
ORD005238,P0015,1,0.0,8.21
ORD005239,P0022,1,0.0,54.51
ORD005240,P0019,1,0.0,43.71
ORD005240,P0012,1,0.0,23.15
ORD005241,P0010,1,0.15,286.37
ORD005241,P0007,1,0.0,110.75
ORD005242,P0006,1,0.05,44.47
ORD005243,P0019,1,0.0,43.71
ORD005244,P0022,2,0.05,103.57
ORD005244,P0001,3,0.1,125.5
ORD005244,P0015,1,0.0,8.21
ORD005244,P0012,2,0.0,46.3
ORD005245,P0018,1,0.2,33.44
ORD005245,P0008,1,0.05,180.56
ORD005245,P0016,1,0.0,31.91
ORD005246,P0009,1,0.0,186.88
ORD005247,P0018,2,0.0,83.6
ORD005248,P0001,1,0.0,46.48
ORD005248,P0016,3,0.0,95.73
ORD005249,P0007,1,0.05,105.21
ORD005250,P0004,1,0.15,82.65
ORD005251,P0009,1,0.1,168.19
ORD005251,P0015,1,0.0,8.21
ORD005252,P0010,2,0.0,673.82
ORD005252,P0008,2,0.0,380.12
ORD005252,P0018,1,0.0,41.8
ORD005253,P0004,3,0.0,291.72
ORD005254,P0013,1,0.0,5.8
ORD005255,P0022,2,0.0,109.02
ORD005255,P0002,3,0.0,351.87
ORD005256,P0004,1,0.0,97.24
ORD005256,P0002,2,0.05,222.85
ORD005257,P0004,2,0.0,194.48
ORD005258,P0008,1,0.1,171.05
ORD005258,P0004,1,0.1,87.52
ORD005259,P0016,1,0.0,31.91
ORD005260,P0008,1,0.0,190.06
ORD005261,P0001,1,0.1,41.83
ORD005262,P0001,3,0.1,125.5
ORD005262,P0008,1,0.15,161.55
ORD005262,P0014,1,0.15,9.64
ORD005263,P0006,1,0.0,46.81
ORD005263,P0001,1,0.1,41.83
ORD005264,P0001,1,0.0,46.48
ORD005264,P0010,2,0.0,673.82
ORD005265,P0008,1,0.05,180.56
ORD005265,P0019,2,0.1,78.68
ORD005265,P0001,1,0.0,46.48
ORD005266,P0009,3,0.0,560.64
ORD005267,P0018,1,0.05,39.71
ORD005267,P0005,1,0.2,50.47
ORD005267,P0022,1,0.05,51.78
ORD005268,P0001,3,0.05,132.47
ORD005268,P0010,1,0.15,286.37
ORD005269,P0022,1,0.0,54.51
ORD005269,P0004,1,0.15,82.65
ORD005269,P0020,1,0.1,24.53
ORD005269,P0014,1,0.0,11.34
ORD005270,P0011,3,0.0,850.23
ORD005270,P0022,1,0.0,54.51
ORD005270,P0017,1,0.0,8.44
ORD005270,P0009,1,0.0,186.88
ORD005271,P0010,2,0.0,673.82
ORD005272,P0013,1,0.1,5.22
ORD005272,P0017,1,0.0,8.44
ORD005273,P0002,1,0.0,117.29
ORD005273,P0016,1,0.0,31.91
ORD005273,P0012,1,0.1,20.84
ORD005273,P0013,1,0.05,5.51
ORD005274,P0008,1,0.1,171.05
ORD005275,P0007,2,0.0,221.5
ORD005276,P0013,1,0.0,5.8
ORD005277,P0010,2,0.1,606.44
ORD005277,P0005,3,0.1,170.34
ORD005278,P0009,1,0.0,186.88
ORD005278,P0020,1,0.1,24.53
ORD005278,P0010,1,0.2,269.53
ORD005279,P0006,1,0.1,42.13
ORD005279,P0015,1,0.0,8.21
ORD005280,P0019,2,0.15,74.31
ORD005280,P0010,1,0.0,336.91
ORD005280,P0018,1,0.0,41.8
ORD005281,P0018,1,0.0,41.8
ORD005282,P0016,1,0.2,25.53
ORD005283,P0013,1,0.2,4.64
ORD005283,P0022,1,0.15,46.33
ORD005284,P0019,1,0.15,37.15
ORD005284,P0001,1,0.05,44.16
ORD005285,P0010,1,0.15,286.37
ORD005285,P0016,2,0.0,63.82
ORD005286,P0019,2,0.0,87.42
ORD005287,P0003,1,0.0,17.48
ORD005287,P0015,2,0.0,16.42
ORD005288,P0002,1,0.0,117.29
ORD005288,P0010,1,0.05,320.06
ORD005288,P0009,1,0.15,158.85
ORD005289,P0002,1,0.0,117.29
ORD005290,P0006,1,0.05,44.47
ORD005291,P0003,3,0.15,44.57
ORD005291,P0011,1,0.2,226.73
ORD005292,P0015,1,0.0,8.21
ORD005292,P0019,1,0.0,43.71
ORD005292,P0014,1,0.2,9.07
ORD005293,P0014,2,0.0,22.68
ORD005293,P0020,1,0.0,27.26
ORD005294,P0015,1,0.15,6.98
ORD005295,P0003,1,0.0,17.48
ORD005295,P0020,2,0.0,54.52
ORD005295,P0002,1,0.1,105.56
ORD005295,P0021,1,0.0,24.53
ORD005296,P0011,2,0.0,566.82
ORD005296,P0002,1,0.2,93.83
ORD005296,P0006,1,0.0,46.81
ORD005296,P0022,1,0.0,54.51
ORD005297,P0017,1,0.0,8.44
ORD005298,P0010,2,0.0,673.82
ORD005299,P0002,1,0.0,117.29
ORD005299,P0003,2,0.0,34.96
ORD005300,P0013,3,0.1,15.66
ORD005300,P0006,1,0.0,46.81
ORD005300,P0005,2,0.0,126.18
ORD005301,P0014,1,0.05,10.77
ORD005301,P0001,1,0.05,44.16
ORD005302,P0020,2,0.0,54.52
ORD005303,P0016,1,0.0,31.91
ORD005303,P0002,1,0.0,117.29
ORD005303,P0021,1,0.0,24.53
ORD005303,P0010,1,0.0,336.91
ORD005304,P0008,2,0.05,361.11
ORD005304,P0021,1,0.15,20.85
ORD005304,P0020,1,0.1,24.53
ORD005305,P0008,2,0.0,380.12
ORD005306,P0017,2,0.2,13.5
ORD005307,P0006,1,0.0,46.81
ORD005307,P0003,1,0.15,14.86
ORD005307,P0005,3,0.1,170.34
ORD005307,P0016,1,0.0,31.91
ORD005308,P0007,1,0.1,99.68
ORD005309,P0006,3,0.0,140.43
ORD005309,P0022,1,0.0,54.51
ORD005310,P0019,1,0.2,34.97
ORD005310,P0011,1,0.0,283.41
ORD005310,P0010,1,0.0,336.91
ORD005310,P0017,1,0.0,8.44
ORD005311,P0016,1,0.0,31.91
ORD005312,P0008,1,0.0,190.06
ORD005313,P0012,1,0.0,23.15
ORD005314,P0020,1,0.1,24.53
ORD005314,P0002,1,0.05,111.43
ORD005315,P0008,1,0.0,190.06
ORD005316,P0005,2,0.0,126.18
ORD005316,P0004,2,0.05,184.76
ORD005317,P0011,1,0.0,283.41
ORD005318,P0012,1,0.05,21.99
ORD005319,P0018,1,0.15,35.53
ORD005319,P0009,1,0.0,186.88
ORD005320,P0015,1,0.05,7.8
ORD005320,P0005,1,0.05,59.94
ORD005321,P0015,1,0.05,7.8
ORD005321,P0007,1,0.05,105.21
ORD005322,P0015,1,0.05,7.8
ORD005322,P0008,1,0.1,171.05
ORD005323,P0005,1,0.1,56.78
ORD005323,P0015,2,0.0,16.42
ORD005324,P0003,1,0.1,15.73
ORD005324,P0016,1,0.1,28.72
ORD005324,P0008,3,0.0,570.18
ORD005325,P0014,3,0.05,32.32
ORD005325,P0018,1,0.1,37.62
ORD005326,P0003,2,0.15,29.72
ORD005326,P0008,1,0.05,180.56
ORD005327,P0008,1,0.15,161.55
ORD005328,P0022,1,0.1,49.06
ORD005329,P0015,1,0.0,8.21
ORD005330,P0011,1,0.05,269.24
ORD005331,P0014,1,0.0,11.34
ORD005332,P0005,1,0.0,63.09
ORD005332,P0014,1,0.0,11.34
ORD005332,P0020,2,0.0,54.52
ORD005332,P0007,1,0.15,94.14
ORD005333,P0006,2,0.05,88.94
ORD005334,P0009,3,0.0,560.64
ORD005334,P0005,1,0.05,59.94
ORD005335,P0009,2,0.05,355.07
ORD005336,P0005,1,0.1,56.78
ORD005336,P0017,1,0.1,7.6
ORD005337,P0011,1,0.05,269.24
ORD005337,P0009,1,0.0,186.88
ORD005338,P0019,2,0.0,87.42
ORD005339,P0007,1,0.05,105.21
ORD005339,P0003,2,0.0,34.96
ORD005340,P0021,3,0.15,62.55
ORD005340,P0018,1,0.0,41.8
ORD005340,P0005,1,0.1,56.78
ORD005341,P0005,1,0.1,56.78
ORD005341,P0021,1,0.0,24.53
ORD005341,P0015,1,0.0,8.21
ORD005342,P0003,1,0.0,17.48
ORD005343,P0001,1,0.0,46.48
ORD005344,P0013,2,0.0,11.6
ORD005344,P0022,2,0.05,103.57
ORD005345,P0015,2,0.0,16.42
ORD005346,P0018,1,0.2,33.44
ORD005346,P0008,1,0.1,171.05
ORD005346,P0015,1,0.15,6.98
ORD005347,P0022,1,0.0,54.51
ORD005348,P0011,1,0.0,283.41
ORD005349,P0002,1,0.0,117.29
ORD005349,P0005,1,0.0,63.09
ORD005350,P0009,1,0.0,186.88
ORD005351,P0002,1,0.0,117.29
ORD005351,P0008,2,0.15,323.1
ORD005352,P0010,2,0.0,673.82
ORD005352,P0014,1,0.1,10.21
ORD005353,P0003,1,0.0,17.48
ORD005354,P0006,3,0.05,133.41
ORD005355,P0006,1,0.0,46.81
ORD005356,P0021,1,0.05,23.3
ORD005357,P0008,3,0.0,570.18
ORD005358,P0021,1,0.0,24.53
ORD005358,P0009,1,0.0,186.88
ORD005359,P0011,3,0.1,765.21
ORD005359,P0006,1,0.0,46.81
ORD005360,P0015,1,0.0,8.21
ORD005360,P0022,1,0.05,51.78
ORD005360,P0001,3,0.0,139.44
ORD005361,P0006,1,0.05,44.47
ORD005362,P0004,1,0.1,87.52
ORD005362,P0007,1,0.0,110.75
ORD005363,P0022,1,0.0,54.51
ORD005363,P0013,2,0.2,9.28
ORD005363,P0012,3,0.0,69.45
ORD005364,P0006,1,0.15,39.79
ORD005364,P0012,2,0.0,46.3
ORD005364,P0015,2,0.2,13.14
ORD005365,P0022,1,0.1,49.06
ORD005365,P0014,1,0.0,11.34
ORD005366,P0004,1,0.1,87.52
ORD005367,P0017,1,0.0,8.44
ORD005367,P0013,1,0.2,4.64
ORD005367,P0007,2,0.0,221.5
ORD005368,P0018,1,0.0,41.8
ORD005369,P0010,1,0.0,336.91
ORD005369,P0015,3,0.0,24.63
ORD005369,P0021,1,0.0,24.53
ORD005369,P0007,2,0.0,221.5
ORD005370,P0020,1,0.1,24.53
ORD005371,P0015,1,0.0,8.21
ORD005371,P0001,1,0.05,44.16
ORD005372,P0017,3,0.0,25.32
ORD005372,P0006,1,0.1,42.13
ORD005372,P0010,1,0.05,320.06
ORD005373,P0011,1,0.2,226.73
ORD005374,P0020,3,0.05,77.69
ORD005374,P0012,1,0.05,21.99
ORD005374,P0003,2,0.0,34.96
ORD005375,P0018,1,0.1,37.62
ORD005376,P0005,1,0.1,56.78
ORD005376,P0001,2,0.0,92.96
ORD005376,P0009,2,0.05,355.07
ORD005377,P0010,1,0.0,336.91
ORD005378,P0014,1,0.1,10.21
ORD005378,P0011,1,0.15,240.9
ORD005378,P0021,1,0.0,24.53
ORD005379,P0006,2,0.05,88.94
ORD005379,P0022,2,0.05,103.57
ORD005380,P0011,1,0.0,283.41
ORD005380,P0015,2,0.0,16.42
ORD005380,P0013,1,0.0,5.8
ORD005381,P0014,2,0.05,21.55
ORD005382,P0011,1,0.1,255.07
ORD005383,P0015,1,0.0,8.21
ORD005383,P0004,1,0.0,97.24
ORD005384,P0017,2,0.1,15.19
ORD005385,P0008,1,0.2,152.05
ORD005385,P0015,2,0.05,15.6
ORD005386,P0013,1,0.0,5.8
ORD005386,P0005,1,0.0,63.09
ORD005386,P0017,1,0.0,8.44
ORD005387,P0001,1,0.15,39.51
ORD005387,P0007,2,0.0,221.5
ORD005387,P0015,1,0.0,8.21
ORD005388,P0018,3,0.1,112.86
ORD005388,P0001,1,0.1,41.83
ORD005389,P0019,1,0.0,43.71
ORD005389,P0002,2,0.0,234.58
ORD005390,P0018,2,0.05,79.42
ORD005391,P0018,2,0.05,79.42
ORD005391,P0009,3,0.1,504.58
ORD005392,P0013,1,0.2,4.64
ORD005393,P0011,3,0.0,850.23
ORD005394,P0022,1,0.15,46.33
ORD005395,P0014,2,0.0,22.68
ORD005395,P0011,1,0.0,283.41
ORD005396,P0021,1,0.05,23.3
ORD005396,P0008,1,0.1,171.05
ORD005397,P0012,3,0.0,69.45
ORD005398,P0011,3,0.1,765.21
ORD005398,P0022,1,0.2,43.61
ORD005399,P0019,1,0.0,43.71
ORD005400,P0001,1,0.15,39.51
ORD005401,P0003,1,0.0,17.48
ORD005401,P0004,1,0.1,87.52
ORD005401,P0008,1,0.0,190.06
ORD005402,P0003,1,0.0,17.48
ORD005403,P0022,2,0.05,103.57
ORD005404,P0017,1,0.05,8.02
ORD005405,P0019,1,0.0,43.71
ORD005406,P0002,1,0.0,117.29
ORD005406,P0001,2,0.2,74.37
ORD005406,P0014,1,0.0,11.34
ORD005407,P0014,2,0.0,22.68
ORD005407,P0016,1,0.0,31.91
ORD005407,P0010,2,0.2,539.06
ORD005408,P0017,1,0.0,8.44
ORD005408,P0010,2,0.1,606.44
ORD005409,P0012,1,0.0,23.15
ORD005409,P0004,1,0.1,87.52
ORD005409,P0019,1,0.1,39.34
ORD005410,P0007,2,0.0,221.5
ORD005410,P0003,1,0.1,15.73
ORD005411,P0018,1,0.0,41.8
ORD005411,P0003,1,0.0,17.48
ORD005412,P0001,1,0.15,39.51
ORD005412,P0008,1,0.0,190.06
ORD005412,P0002,1,0.15,99.7
ORD005413,P0020,1,0.0,27.26
ORD005414,P0013,1,0.0,5.8
ORD005415,P0003,1,0.0,17.48
ORD005416,P0020,1,0.15,23.17
ORD005417,P0017,1,0.0,8.44
ORD005417,P0020,2,0.15,46.34
ORD005418,P0008,1,0.0,190.06
ORD005418,P0006,2,0.0,93.62
ORD005418,P0001,3,0.1,125.5
ORD005418,P0009,2,0.05,355.07
ORD005419,P0021,1,0.15,20.85
ORD005420,P0014,3,0.0,34.02
ORD005421,P0003,1,0.1,15.73
ORD005422,P0011,2,0.0,566.82
ORD005423,P0018,1,0.2,33.44
ORD005424,P0007,2,0.0,221.5
ORD005424,P0004,1,0.2,77.79
ORD005424,P0011,1,0.05,269.24
ORD005425,P0006,1,0.05,44.47
ORD005426,P0019,1,0.2,34.97
ORD005427,P0022,1,0.05,51.78
ORD005428,P0003,2,0.0,34.96
ORD005428,P0015,2,0.15,13.96
ORD005428,P0009,2,0.0,373.76
ORD005429,P0004,1,0.05,92.38
ORD005429,P0003,1,0.0,17.48
ORD005429,P0021,1,0.05,23.3
ORD005430,P0018,1,0.1,37.62
ORD005431,P0013,2,0.05,11.02
ORD005432,P0002,1,0.05,111.43
ORD005433,P0012,1,0.05,21.99
ORD005433,P0016,1,0.0,31.91
ORD005434,P0011,1,0.05,269.24
ORD005434,P0002,1,0.15,99.7
ORD005434,P0006,1,0.1,42.13
ORD005435,P0022,2,0.0,109.02
ORD005435,P0005,1,0.2,50.47
ORD005436,P0009,1,0.0,186.88
ORD005437,P0016,1,0.0,31.91
ORD005438,P0018,1,0.15,35.53
ORD005439,P0006,1,0.0,46.81
ORD005439,P0012,1,0.0,23.15
ORD005440,P0020,1,0.1,24.53
ORD005441,P0017,2,0.15,14.35
ORD005441,P0014,1,0.0,11.34
ORD005442,P0014,1,0.0,11.34
ORD005443,P0014,2,0.0,22.68
ORD005443,P0003,1,0.0,17.48
ORD005443,P0006,2,0.0,93.62
ORD005444,P0012,1,0.05,21.99
ORD005445,P0012,3,0.0,69.45
ORD005446,P0018,1,0.0,41.8
ORD005447,P0001,1,0.0,46.48
ORD005447,P0016,2,0.05,60.63
ORD005448,P0011,2,0.0,566.82
ORD005449,P0019,1,0.0,43.71
ORD005449,P0013,1,0.2,4.64
ORD005449,P0006,1,0.05,44.47
ORD005450,P0020,3,0.0,81.78
ORD005451,P0014,1,0.05,10.77
ORD005452,P0009,1,0.0,186.88
ORD005452,P0011,1,0.0,283.41
ORD005453,P0014,3,0.15,28.92
ORD005453,P0002,1,0.0,117.29
ORD005453,P0003,3,0.0,52.44
ORD005454,P0010,2,0.0,673.82
ORD005455,P0008,1,0.05,180.56
ORD005456,P0014,1,0.0,11.34
ORD005457,P0011,2,0.0,566.82
ORD005458,P0006,2,0.0,93.62
ORD005458,P0021,1,0.05,23.3
ORD005458,P0002,1,0.15,99.7
ORD005459,P0008,1,0.05,180.56
ORD005460,P0019,3,0.05,124.57
ORD005460,P0015,2,0.05,15.6
ORD005460,P0007,1,0.1,99.68
ORD005461,P0006,1,0.0,46.81
ORD005462,P0021,1,0.1,22.08
ORD005462,P0022,1,0.05,51.78
ORD005462,P0009,1,0.05,177.54
ORD005463,P0022,1,0.1,49.06
ORD005463,P0009,1,0.0,186.88
ORD005464,P0022,2,0.05,103.57
ORD005464,P0008,1,0.1,171.05
ORD005465,P0005,1,0.2,50.47
ORD005466,P0022,1,0.0,54.51
ORD005467,P0013,1,0.0,5.8
ORD005467,P0003,1,0.0,17.48
ORD005467,P0007,2,0.05,210.42
ORD005468,P0020,1,0.0,27.26
ORD005468,P0019,1,0.0,43.71
ORD005469,P0010,1,0.05,320.06
ORD005469,P0012,1,0.1,20.84
ORD005469,P0001,1,0.0,46.48
ORD005470,P0020,2,0.05,51.79
ORD005471,P0005,1,0.0,63.09
ORD005472,P0015,1,0.0,8.21
ORD005473,P0017,1,0.1,7.6
ORD005473,P0012,1,0.0,23.15
ORD005474,P0022,3,0.15,139.0
ORD005475,P0020,3,0.0,81.78
ORD005476,P0022,1,0.05,51.78
ORD005476,P0004,1,0.1,87.52
ORD005477,P0003,1,0.05,16.61
ORD005477,P0019,1,0.0,43.71
ORD005478,P0015,1,0.0,8.21
ORD005478,P0007,1,0.15,94.14
ORD005479,P0012,2,0.0,46.3
ORD005479,P0019,1,0.0,43.71
ORD005479,P0017,2,0.1,15.19
ORD005480,P0014,1,0.05,10.77
ORD005480,P0005,1,0.0,63.09
ORD005481,P0005,3,0.0,189.27
ORD005482,P0002,1,0.05,111.43
ORD005482,P0022,1,0.05,51.78
ORD005483,P0019,3,0.05,124.57
ORD005483,P0020,1,0.0,27.26
ORD005483,P0005,1,0.0,63.09
ORD005483,P0004,2,0.1,175.03
ORD005484,P0021,1,0.05,23.3
ORD005484,P0006,1,0.15,39.79
ORD005485,P0015,2,0.1,14.78
ORD005485,P0010,1,0.15,286.37
ORD005486,P0022,1,0.0,54.51
ORD005487,P0005,3,0.05,179.81
ORD005487,P0003,2,0.0,34.96
ORD005488,P0022,2,0.0,109.02
ORD005489,P0002,2,0.1,211.12
ORD005490,P0010,1,0.0,336.91
ORD005490,P0021,1,0.1,22.08
ORD005491,P0006,3,0.0,140.43
ORD005492,P0015,1,0.05,7.8
ORD005493,P0015,1,0.05,7.8
ORD005494,P0022,2,0.0,109.02
ORD005494,P0007,1,0.05,105.21
ORD005494,P0020,1,0.2,21.81
ORD005495,P0015,1,0.05,7.8
ORD005495,P0017,1,0.1,7.6
ORD005496,P0017,1,0.0,8.44
ORD005496,P0019,1,0.0,43.71
ORD005496,P0013,3,0.0,17.4
ORD005497,P0003,1,0.05,16.61
ORD005497,P0014,2,0.0,22.68
ORD005498,P0002,1,0.0,117.29
ORD005498,P0021,1,0.1,22.08
ORD005498,P0004,1,0.0,97.24
ORD005498,P0005,2,0.0,126.18
ORD005499,P0018,1,0.0,41.8
ORD005500,P0005,3,0.15,160.88
ORD005501,P0017,1,0.05,8.02
ORD005502,P0010,1,0.0,336.91
ORD005502,P0011,1,0.15,240.9
ORD005502,P0007,1,0.1,99.68
ORD005502,P0015,2,0.1,14.78
ORD005503,P0021,1,0.0,24.53
ORD005503,P0012,1,0.0,23.15
ORD005503,P0014,1,0.1,10.21
ORD005504,P0009,1,0.0,186.88
ORD005504,P0020,2,0.0,54.52
ORD005504,P0004,1,0.0,97.24
ORD005504,P0006,3,0.1,126.39
ORD005505,P0003,1,0.0,17.48
ORD005505,P0014,2,0.0,22.68
ORD005506,P0002,2,0.0,234.58
ORD005507,P0001,1,0.1,41.83
ORD005508,P0010,2,0.05,640.13
ORD005508,P0009,1,0.0,186.88
ORD005509,P0006,2,0.0,93.62
ORD005510,P0016,1,0.05,30.31
ORD005510,P0020,1,0.1,24.53
ORD005511,P0018,3,0.15,106.59
ORD005511,P0002,1,0.0,117.29
ORD005512,P0022,1,0.0,54.51
ORD005512,P0017,1,0.0,8.44
ORD005513,P0014,3,0.05,32.32
ORD005514,P0022,1,0.0,54.51
ORD005514,P0018,1,0.0,41.8
ORD005515,P0017,1,0.0,8.44
ORD005516,P0007,2,0.0,221.5
ORD005516,P0013,1,0.1,5.22
ORD005517,P0018,2,0.0,83.6
ORD005517,P0010,2,0.0,673.82
ORD005518,P0004,1,0.0,97.24
ORD005518,P0014,1,0.05,10.77
ORD005519,P0001,1,0.0,46.48
ORD005519,P0008,1,0.1,171.05
ORD005520,P0019,1,0.1,39.34
ORD005521,P0007,1,0.0,110.75
ORD005522,P0005,1,0.05,59.94
ORD005522,P0001,2,0.05,88.31
ORD005523,P0009,2,0.0,373.76
ORD005524,P0016,1,0.15,27.12
ORD005524,P0002,3,0.0,351.87
ORD005525,P0006,1,0.05,44.47
ORD005525,P0009,1,0.0,186.88
ORD005525,P0015,1,0.05,7.8
ORD005526,P0015,3,0.05,23.4
ORD005526,P0008,1,0.0,190.06
ORD005527,P0005,1,0.0,63.09
ORD005528,P0008,1,0.05,180.56
ORD005529,P0006,1,0.0,46.81
ORD005530,P0007,1,0.05,105.21
ORD005531,P0006,1,0.05,44.47
ORD005532,P0014,2,0.0,22.68
ORD005533,P0017,1,0.1,7.6
ORD005534,P0019,1,0.15,37.15
ORD005534,P0013,1,0.05,5.51
ORD005535,P0004,1,0.0,97.24
ORD005536,P0015,1,0.0,8.21
ORD005537,P0006,1,0.0,46.81
ORD005537,P0012,1,0.2,18.52
ORD005538,P0015,2,0.0,16.42
ORD005538,P0019,3,0.2,104.9
ORD005538,P0006,1,0.0,46.81
ORD005538,P0016,1,0.0,31.91
ORD005539,P0004,1,0.0,97.24
ORD005539,P0022,1,0.0,54.51
ORD005540,P0019,1,0.1,39.34
ORD005541,P0009,2,0.05,355.07
ORD005542,P0014,1,0.0,11.34
ORD005542,P0006,1,0.05,44.47
ORD005543,P0003,2,0.0,34.96
ORD005543,P0013,3,0.15,14.79
ORD005543,P0016,1,0.05,30.31
ORD005544,P0017,1,0.1,7.6
ORD005544,P0009,1,0.0,186.88
ORD005545,P0021,1,0.0,24.53
ORD005546,P0017,1,0.0,8.44
ORD005546,P0020,1,0.05,25.9
ORD005546,P0012,2,0.0,46.3
ORD005547,P0008,1,0.0,190.06
ORD005548,P0011,1,0.0,283.41
ORD005548,P0017,1,0.0,8.44
ORD005549,P0004,1,0.0,97.24
ORD005549,P0008,1,0.05,180.56
ORD005549,P0005,1,0.0,63.09
ORD005550,P0020,1,0.2,21.81
ORD005551,P0009,1,0.0,186.88
ORD005551,P0015,2,0.0,16.42
ORD005551,P0007,1,0.0,110.75
ORD005551,P0020,3,0.0,81.78
ORD005552,P0012,1,0.0,23.15
ORD005552,P0010,1,0.0,336.91
ORD005553,P0010,1,0.0,336.91
ORD005554,P0005,1,0.1,56.78
ORD005554,P0013,1,0.15,4.93
ORD005554,P0020,1,0.0,27.26
ORD005555,P0020,1,0.15,23.17
ORD005556,P0020,1,0.0,27.26
ORD005556,P0005,3,0.05,179.81
ORD005556,P0001,2,0.05,88.31
ORD005557,P0021,1,0.0,24.53
ORD005557,P0009,1,0.0,186.88
ORD005558,P0020,1,0.05,25.9
ORD005559,P0009,1,0.0,186.88
ORD005559,P0021,3,0.0,73.59
ORD005559,P0012,1,0.0,23.15
ORD005560,P0005,1,0.1,56.78
ORD005561,P0002,1,0.0,117.29
ORD005561,P0001,1,0.1,41.83
ORD005562,P0015,1,0.0,8.21
ORD005563,P0005,1,0.0,63.09
ORD005563,P0009,1,0.0,186.88
ORD005564,P0007,1,0.0,110.75
ORD005564,P0019,1,0.0,43.71
ORD005565,P0016,2,0.0,63.82
ORD005566,P0001,1,0.15,39.51
ORD005567,P0009,2,0.0,373.76
ORD005567,P0006,1,0.15,39.79
ORD005568,P0016,2,0.05,60.63
ORD005568,P0005,1,0.0,63.09
ORD005568,P0003,1,0.15,14.86
ORD005569,P0007,1,0.0,110.75
ORD005569,P0002,3,0.0,351.87
ORD005570,P0011,3,0.05,807.72
ORD005571,P0004,2,0.0,194.48
ORD005571,P0017,1,0.1,7.6
ORD005571,P0002,1,0.0,117.29
ORD005572,P0008,2,0.0,380.12
ORD005573,P0021,1,0.0,24.53
ORD005574,P0019,1,0.05,41.52
ORD005575,P0006,1,0.0,46.81
ORD005575,P0008,3,0.0,570.18
ORD005575,P0022,1,0.2,43.61
ORD005576,P0004,2,0.0,194.48
ORD005577,P0016,3,0.0,95.73
ORD005577,P0020,1,0.0,27.26
ORD005578,P0015,1,0.0,8.21
ORD005578,P0004,3,0.0,291.72
ORD005578,P0012,1,0.15,19.68
ORD005578,P0022,1,0.0,54.51
ORD005579,P0017,1,0.0,8.44
ORD005580,P0005,1,0.0,63.09
ORD005581,P0022,3,0.0,163.53
ORD005582,P0018,1,0.0,41.8
ORD005583,P0009,2,0.15,317.7
ORD005584,P0005,1,0.05,59.94
ORD005585,P0006,1,0.0,46.81
ORD005585,P0005,1,0.2,50.47
ORD005586,P0010,2,0.0,673.82
ORD005587,P0004,1,0.0,97.24
ORD005587,P0009,3,0.0,560.64
ORD005588,P0009,3,0.05,532.61
ORD005589,P0008,2,0.1,342.11
ORD005589,P0005,3,0.05,179.81
ORD005589,P0007,2,0.0,221.5
ORD005590,P0020,2,0.05,51.79
ORD005591,P0015,2,0.1,14.78
ORD005591,P0001,1,0.15,39.51
ORD005591,P0019,1,0.0,43.71
ORD005591,P0004,1,0.15,82.65
ORD005592,P0005,1,0.2,50.47
ORD005592,P0022,1,0.0,54.51
ORD005592,P0010,1,0.0,336.91
ORD005593,P0009,1,0.1,168.19
ORD005593,P0017,1,0.0,8.44
ORD005594,P0004,3,0.0,291.72
ORD005595,P0018,3,0.0,125.4
ORD005595,P0022,1,0.0,54.51
ORD005596,P0016,1,0.1,28.72
ORD005597,P0010,1,0.1,303.22
ORD005597,P0005,1,0.0,63.09
ORD005597,P0015,1,0.0,8.21
ORD005597,P0009,2,0.1,336.38
ORD005598,P0008,1,0.05,180.56
ORD005599,P0008,1,0.2,152.05
ORD005599,P0004,1,0.2,77.79
ORD005599,P0018,2,0.15,71.06
ORD005599,P0013,1,0.05,5.51
ORD005600,P0016,2,0.05,60.63
ORD005600,P0014,1,0.0,11.34
ORD005600,P0006,1,0.05,44.47
ORD005600,P0007,1,0.0,110.75
ORD005601,P0015,1,0.1,7.39
ORD005601,P0013,2,0.0,11.6
ORD005602,P0001,1,0.2,37.18
ORD005603,P0015,1,0.05,7.8
ORD005603,P0002,1,0.15,99.7
ORD005603,P0009,1,0.0,186.88
ORD005603,P0003,1,0.0,17.48
ORD005604,P0018,1,0.0,41.8
ORD005604,P0003,1,0.0,17.48
ORD005604,P0002,1,0.0,117.29
ORD005605,P0016,1,0.1,28.72
ORD005606,P0019,1,0.05,41.52
ORD005607,P0013,2,0.1,10.44
ORD005608,P0003,1,0.0,17.48
ORD005609,P0017,1,0.0,8.44
ORD005610,P0013,1,0.05,5.51
ORD005610,P0005,2,0.05,119.87
ORD005611,P0019,2,0.1,78.68
ORD005611,P0022,2,0.0,109.02
ORD005612,P0009,1,0.05,177.54
ORD005612,P0017,1,0.2,6.75
ORD005613,P0012,1,0.05,21.99
ORD005614,P0014,1,0.0,11.34
ORD005614,P0002,1,0.0,117.29
ORD005614,P0006,1,0.0,46.81
ORD005615,P0022,3,0.1,147.18
ORD005616,P0006,2,0.05,88.94
ORD005616,P0004,1,0.05,92.38
ORD005616,P0011,1,0.05,269.24
ORD005617,P0012,2,0.05,43.98
ORD005617,P0020,1,0.0,27.26
ORD005617,P0008,2,0.0,380.12
ORD005618,P0006,1,0.1,42.13
ORD005619,P0018,2,0.0,83.6
ORD005620,P0003,3,0.05,49.82
ORD005620,P0022,2,0.0,109.02
ORD005620,P0019,1,0.05,41.52
ORD005620,P0016,1,0.0,31.91
ORD005621,P0004,1,0.05,92.38
ORD005622,P0001,1,0.0,46.48
ORD005622,P0018,2,0.2,66.88
ORD005622,P0004,1,0.0,97.24
ORD005622,P0009,2,0.0,373.76
ORD005623,P0011,1,0.0,283.41
ORD005624,P0003,1,0.05,16.61
ORD005625,P0018,1,0.0,41.8
ORD005625,P0008,2,0.1,342.11
ORD005626,P0003,1,0.0,17.48
ORD005627,P0011,1,0.0,283.41
ORD005628,P0011,1,0.0,283.41
ORD005629,P0019,1,0.0,43.71
ORD005629,P0006,1,0.05,44.47
ORD005629,P0003,1,0.0,17.48
ORD005630,P0022,1,0.0,54.51
ORD005631,P0002,1,0.0,117.29
ORD005631,P0021,1,0.0,24.53
ORD005632,P0008,1,0.05,180.56
ORD005633,P0006,1,0.0,46.81
ORD005633,P0016,3,0.0,95.73
ORD005633,P0017,1,0.05,8.02
ORD005633,P0001,1,0.0,46.48
ORD005634,P0017,1,0.0,8.44
ORD005634,P0018,2,0.15,71.06
ORD005634,P0005,2,0.0,126.18
ORD005635,P0005,1,0.05,59.94
ORD005635,P0001,1,0.0,46.48
ORD005636,P0002,1,0.15,99.7
ORD005636,P0019,1,0.1,39.34
ORD005636,P0021,1,0.0,24.53
ORD005636,P0008,1,0.0,190.06
ORD005637,P0005,1,0.0,63.09
ORD005638,P0003,1,0.05,16.61
ORD005638,P0022,3,0.1,147.18
ORD005639,P0009,1,0.15,158.85
ORD005640,P0015,1,0.0,8.21
ORD005641,P0009,1,0.0,186.88
ORD005642,P0020,1,0.2,21.81
ORD005642,P0013,2,0.0,11.6
ORD005643,P0013,1,0.05,5.51
ORD005644,P0018,1,0.15,35.53
ORD005645,P0009,1,0.0,186.88
ORD005645,P0011,1,0.05,269.24
ORD005646,P0016,1,0.1,28.72
ORD005646,P0001,1,0.0,46.48
ORD005646,P0022,1,0.0,54.51
ORD005646,P0009,1,0.05,177.54
ORD005647,P0013,2,0.0,11.6
ORD005647,P0006,1,0.05,44.47
ORD005648,P0012,3,0.15,59.03
ORD005649,P0004,2,0.15,165.31
ORD005650,P0011,3,0.0,850.23
ORD005650,P0022,1,0.1,49.06
ORD005651,P0010,1,0.15,286.37
ORD005652,P0004,1,0.15,82.65
ORD005653,P0021,2,0.0,49.06
ORD005653,P0011,1,0.05,269.24
ORD005653,P0017,1,0.05,8.02
ORD005654,P0006,1,0.1,42.13
ORD005655,P0016,1,0.2,25.53
ORD005655,P0011,2,0.0,566.82
ORD005656,P0002,1,0.0,117.29
ORD005656,P0003,1,0.0,17.48
ORD005657,P0007,1,0.1,99.68
ORD005658,P0017,1,0.05,8.02
ORD005659,P0013,2,0.0,11.6
ORD005659,P0003,2,0.0,34.96
ORD005659,P0007,1,0.05,105.21
ORD005660,P0014,1,0.05,10.77
ORD005660,P0004,1,0.05,92.38
ORD005661,P0017,1,0.0,8.44
ORD005662,P0022,3,0.0,163.53
ORD005663,P0020,1,0.05,25.9
ORD005664,P0018,1,0.05,39.71
ORD005665,P0013,3,0.05,16.53
ORD005666,P0021,1,0.0,24.53
ORD005667,P0001,2,0.0,92.96
ORD005667,P0020,1,0.05,25.9
ORD005667,P0003,2,0.0,34.96
ORD005668,P0007,1,0.0,110.75
ORD005669,P0006,1,0.0,46.81
ORD005670,P0012,1,0.1,20.84
ORD005670,P0014,1,0.0,11.34
ORD005670,P0010,1,0.0,336.91
ORD005671,P0002,2,0.2,187.66
ORD005671,P0009,1,0.0,186.88
ORD005672,P0012,1,0.2,18.52
ORD005673,P0016,1,0.1,28.72
ORD005674,P0010,1,0.0,336.91
ORD005675,P0014,2,0.0,22.68
ORD005675,P0007,2,0.0,221.5
ORD005676,P0006,3,0.05,133.41
ORD005676,P0019,1,0.0,43.71
ORD005677,P0007,1,0.05,105.21
ORD005678,P0014,1,0.05,10.77
ORD005678,P0021,2,0.0,49.06
ORD005679,P0022,1,0.0,54.51
ORD005680,P0012,2,0.15,39.35
ORD005680,P0001,1,0.0,46.48
ORD005681,P0014,1,0.0,11.34
ORD005682,P0010,1,0.15,286.37
ORD005682,P0018,3,0.05,119.13
ORD005683,P0007,1,0.0,110.75
ORD005683,P0015,3,0.0,24.63
ORD005684,P0011,2,0.0,566.82
ORD005685,P0014,1,0.15,9.64
ORD005686,P0014,1,0.0,11.34
ORD005687,P0014,1,0.05,10.77
ORD005688,P0022,1,0.15,46.33
ORD005688,P0015,1,0.0,8.21
ORD005689,P0021,1,0.0,24.53
ORD005689,P0008,1,0.1,171.05
ORD005689,P0007,3,0.0,332.25
ORD005690,P0008,1,0.15,161.55
ORD005690,P0020,1,0.0,27.26
ORD005691,P0021,1,0.05,23.3
ORD005692,P0018,1,0.0,41.8
ORD005693,P0014,1,0.1,10.21
ORD005694,P0016,1,0.0,31.91
ORD005695,P0004,1,0.15,82.65
ORD005696,P0002,1,0.05,111.43
ORD005697,P0007,1,0.05,105.21
ORD005698,P0016,3,0.0,95.73
ORD005698,P0013,1,0.1,5.22
ORD005699,P0003,1,0.05,16.61
ORD005699,P0004,1,0.05,92.38
ORD005700,P0011,1,0.1,255.07
ORD005701,P0022,1,0.05,51.78
ORD005702,P0018,1,0.0,41.8
ORD005702,P0019,1,0.1,39.34
ORD005702,P0007,2,0.0,221.5
ORD005703,P0015,1,0.1,7.39
ORD005704,P0014,1,0.05,10.77
ORD005704,P0018,1,0.1,37.62
ORD005705,P0014,1,0.0,11.34
ORD005706,P0014,1,0.0,11.34
ORD005707,P0003,1,0.05,16.61
ORD005708,P0013,1,0.0,5.8
ORD005709,P0004,1,0.05,92.38
ORD005709,P0013,1,0.0,5.8
ORD005710,P0017,1,0.1,7.6
ORD005711,P0005,1,0.1,56.78
ORD005712,P0002,1,0.0,117.29
ORD005712,P0014,1,0.0,11.34
ORD005713,P0002,1,0.05,111.43
ORD005713,P0012,3,0.0,69.45
ORD005714,P0019,1,0.1,39.34
ORD005714,P0011,1,0.05,269.24
ORD005714,P0017,1,0.05,8.02
ORD005715,P0010,1,0.0,336.91
ORD005715,P0013,2,0.0,11.6
ORD005715,P0022,1,0.15,46.33
ORD005716,P0008,2,0.1,342.11
ORD005717,P0014,2,0.15,19.28
ORD005717,P0007,1,0.0,110.75
ORD005718,P0016,1,0.1,28.72
ORD005719,P0003,1,0.0,17.48
ORD005720,P0006,1,0.15,39.79
ORD005721,P0001,1,0.1,41.83
ORD005722,P0022,1,0.0,54.51
ORD005722,P0001,2,0.2,74.37
ORD005722,P0007,1,0.0,110.75
ORD005723,P0017,1,0.05,8.02
ORD005723,P0001,1,0.1,41.83
ORD005723,P0014,1,0.05,10.77
ORD005724,P0007,3,0.05,315.64
ORD005725,P0013,1,0.2,4.64
ORD005725,P0001,1,0.05,44.16
ORD005726,P0010,1,0.0,336.91
ORD005726,P0022,1,0.1,49.06
ORD005727,P0021,1,0.0,24.53
ORD005728,P0014,1,0.0,11.34
ORD005728,P0001,1,0.0,46.48
ORD005729,P0018,1,0.05,39.71
ORD005729,P0015,1,0.05,7.8
ORD005729,P0001,2,0.05,88.31
ORD005730,P0008,1,0.0,190.06
ORD005731,P0013,1,0.0,5.8
ORD005731,P0009,1,0.1,168.19
ORD005731,P0015,2,0.1,14.78
ORD005731,P0020,1,0.0,27.26
ORD005732,P0005,1,0.0,63.09
ORD005732,P0016,1,0.0,31.91
ORD005733,P0010,2,0.0,673.82
ORD005733,P0016,1,0.05,30.31
ORD005733,P0018,2,0.0,83.6
ORD005733,P0021,3,0.05,69.91
ORD005734,P0016,2,0.1,57.44
ORD005734,P0002,1,0.15,99.7
ORD005735,P0003,1,0.1,15.73
ORD005735,P0020,1,0.15,23.17
ORD005736,P0016,1,0.1,28.72
ORD005737,P0016,1,0.0,31.91
ORD005737,P0012,1,0.0,23.15
ORD005738,P0011,1,0.0,283.41
ORD005739,P0001,2,0.15,79.02
ORD005739,P0011,1,0.1,255.07
ORD005740,P0003,1,0.1,15.73
ORD005740,P0011,1,0.0,283.41
ORD005741,P0010,1,0.0,336.91
ORD005742,P0009,1,0.05,177.54
ORD005742,P0001,1,0.05,44.16
ORD005743,P0017,1,0.0,8.44
ORD005743,P0006,1,0.0,46.81
ORD005743,P0011,1,0.05,269.24
ORD005744,P0010,1,0.0,336.91
ORD005744,P0015,1,0.0,8.21
ORD005745,P0015,1,0.05,7.8
ORD005745,P0020,1,0.0,27.26
ORD005746,P0017,3,0.05,24.05
ORD005747,P0021,1,0.0,24.53
ORD005747,P0006,2,0.0,93.62
ORD005748,P0020,1,0.0,27.26
ORD005749,P0003,1,0.0,17.48
ORD005750,P0022,2,0.2,87.22
ORD005750,P0014,2,0.05,21.55
ORD005751,P0005,2,0.1,113.56
ORD005752,P0020,2,0.1,49.07
ORD005753,P0002,3,0.0,351.87
ORD005753,P0013,2,0.05,11.02
ORD005754,P0022,1,0.0,54.51
ORD005755,P0012,1,0.0,23.15
ORD005756,P0014,1,0.0,11.34
ORD005757,P0004,2,0.15,165.31
ORD005758,P0005,1,0.0,63.09
ORD005759,P0018,1,0.05,39.71
ORD005759,P0009,1,0.0,186.88
ORD005759,P0022,1,0.0,54.51
ORD005760,P0001,1,0.0,46.48
ORD005760,P0013,1,0.0,5.8
ORD005760,P0008,1,0.05,180.56
ORD005760,P0021,1,0.05,23.3
ORD005761,P0021,1,0.0,24.53
ORD005762,P0009,1,0.05,177.54
ORD005763,P0022,1,0.1,49.06
ORD005763,P0017,2,0.0,16.88
ORD005764,P0001,1,0.05,44.16
ORD005765,P0007,1,0.0,110.75
ORD005765,P0010,1,0.0,336.91
ORD005766,P0005,1,0.15,53.63
ORD005766,P0016,1,0.0,31.91
ORD005767,P0022,1,0.0,54.51
ORD005767,P0018,1,0.0,41.8
ORD005767,P0007,1,0.05,105.21
ORD005767,P0004,3,0.05,277.13
ORD005768,P0010,1,0.05,320.06
ORD005768,P0001,1,0.05,44.16
ORD005769,P0006,1,0.0,46.81
ORD005770,P0017,3,0.0,25.32
ORD005771,P0018,1,0.0,41.8
ORD005772,P0010,1,0.1,303.22
ORD005773,P0007,1,0.0,110.75
ORD005773,P0017,1,0.15,7.17
ORD005773,P0001,3,0.0,139.44
ORD005773,P0010,1,0.05,320.06
ORD005774,P0020,2,0.0,54.52
ORD005774,P0018,1,0.0,41.8
ORD005775,P0010,1,0.15,286.37
ORD005775,P0001,1,0.0,46.48
ORD005775,P0007,1,0.0,110.75
ORD005776,P0020,3,0.2,65.42
ORD005776,P0021,3,0.05,69.91
ORD005776,P0014,2,0.15,19.28
ORD005776,P0004,2,0.05,184.76
ORD005777,P0013,1,0.0,5.8
ORD005778,P0013,1,0.1,5.22
ORD005779,P0010,1,0.15,286.37
ORD005779,P0022,1,0.0,54.51
ORD005780,P0010,1,0.15,286.37
ORD005781,P0003,1,0.2,13.98
ORD005782,P0019,1,0.05,41.52
ORD005782,P0005,2,0.05,119.87
ORD005782,P0022,1,0.0,54.51
ORD005783,P0009,1,0.2,149.5
ORD005784,P0008,1,0.0,190.06
ORD005784,P0017,1,0.1,7.6
ORD005785,P0021,1,0.05,23.3
ORD005785,P0016,1,0.0,31.91
ORD005786,P0017,2,0.0,16.88
ORD005786,P0006,2,0.1,84.26
ORD005787,P0005,1,0.05,59.94
ORD005787,P0021,1,0.0,24.53
ORD005787,P0010,2,0.1,606.44
ORD005788,P0019,1,0.0,43.71
ORD005788,P0016,1,0.1,28.72
ORD005789,P0012,1,0.0,23.15
ORD005789,P0006,1,0.0,46.81
ORD005789,P0021,1,0.0,24.53
ORD005789,P0005,3,0.0,189.27
ORD005790,P0020,1,0.0,27.26
ORD005791,P0012,1,0.0,23.15
ORD005792,P0019,1,0.15,37.15
ORD005792,P0015,1,0.1,7.39
ORD005793,P0022,1,0.1,49.06
ORD005794,P0008,1,0.2,152.05
ORD005795,P0004,2,0.0,194.48
ORD005795,P0010,1,0.0,336.91
ORD005796,P0021,1,0.0,24.53
ORD005796,P0001,3,0.0,139.44
ORD005797,P0013,1,0.0,5.8
ORD005797,P0003,2,0.05,33.21
ORD005797,P0018,1,0.05,39.71
ORD005798,P0003,1,0.0,17.48
ORD005799,P0009,1,0.0,186.88
ORD005800,P0002,1,0.1,105.56
ORD005801,P0013,1,0.05,5.51
ORD005801,P0010,1,0.05,320.06
ORD005802,P0015,1,0.0,8.21
ORD005802,P0013,1,0.0,5.8
ORD005803,P0022,1,0.0,54.51
ORD005804,P0005,1,0.2,50.47
ORD005805,P0014,1,0.0,11.34
ORD005805,P0012,1,0.15,19.68
ORD005805,P0020,1,0.0,27.26
ORD005806,P0018,1,0.05,39.71
ORD005807,P0012,1,0.0,23.15
ORD005808,P0010,1,0.05,320.06
ORD005809,P0018,1,0.05,39.71
ORD005809,P0001,1,0.1,41.83
ORD005810,P0009,2,0.0,373.76
ORD005810,P0015,1,0.05,7.8
ORD005811,P0014,1,0.0,11.34
ORD005812,P0004,3,0.0,291.72
ORD005813,P0005,2,0.05,119.87
ORD005814,P0004,1,0.05,92.38
ORD005814,P0017,1,0.15,7.17
ORD005815,P0007,1,0.0,110.75
ORD005815,P0019,1,0.0,43.71
ORD005816,P0011,1,0.0,283.41
ORD005816,P0014,1,0.15,9.64
ORD005816,P0017,2,0.1,15.19
ORD005816,P0007,3,0.1,299.03
ORD005817,P0007,1,0.15,94.14
ORD005817,P0015,1,0.1,7.39
ORD005817,P0006,1,0.05,44.47
ORD005818,P0012,2,0.0,46.3
ORD005819,P0019,2,0.05,83.05
ORD005819,P0009,1,0.0,186.88
ORD005820,P0006,1,0.15,39.79
ORD005821,P0018,2,0.1,75.24
ORD005822,P0017,2,0.05,16.04
ORD005823,P0017,1,0.1,7.6
ORD005824,P0006,1,0.0,46.81
ORD005824,P0009,1,0.0,186.88
ORD005825,P0022,1,0.05,51.78
ORD005826,P0022,2,0.0,109.02
ORD005826,P0001,3,0.2,111.55
ORD005826,P0021,1,0.0,24.53
ORD005827,P0011,2,0.05,538.48
ORD005827,P0007,2,0.0,221.5
ORD005827,P0012,1,0.0,23.15
ORD005828,P0005,1,0.0,63.09
ORD005829,P0013,1,0.05,5.51
ORD005829,P0016,1,0.1,28.72
ORD005830,P0013,2,0.05,11.02
ORD005830,P0010,2,0.15,572.75
ORD005830,P0008,1,0.15,161.55
ORD005831,P0016,1,0.0,31.91
ORD005831,P0019,1,0.1,39.34
ORD005831,P0002,1,0.0,117.29
ORD005831,P0014,1,0.1,10.21
ORD005832,P0004,1,0.0,97.24
ORD005832,P0010,1,0.0,336.91
ORD005833,P0005,1,0.0,63.09
ORD005834,P0016,3,0.0,95.73
ORD005835,P0020,1,0.0,27.26
ORD005836,P0020,1,0.15,23.17
ORD005837,P0004,1,0.0,97.24
ORD005837,P0009,1,0.0,186.88
ORD005838,P0008,3,0.0,570.18
ORD005839,P0011,1,0.15,240.9
ORD005840,P0006,1,0.0,46.81
ORD005841,P0010,1,0.05,320.06
ORD005841,P0019,2,0.0,87.42
ORD005841,P0007,1,0.15,94.14
ORD005841,P0001,1,0.0,46.48
ORD005842,P0017,3,0.0,25.32
ORD005842,P0008,2,0.0,380.12
ORD005842,P0009,1,0.0,186.88
ORD005843,P0016,1,0.05,30.31
ORD005844,P0003,1,0.15,14.86
ORD005844,P0019,1,0.0,43.71
ORD005845,P0021,2,0.05,46.61
ORD005846,P0007,1,0.0,110.75
ORD005847,P0005,3,0.0,189.27
ORD005848,P0018,2,0.0,83.6
ORD005849,P0020,2,0.15,46.34
ORD005850,P0008,1,0.0,190.06
ORD005851,P0003,1,0.1,15.73
ORD005851,P0015,1,0.0,8.21
ORD005851,P0007,1,0.0,110.75
ORD005852,P0020,1,0.05,25.9
ORD005853,P0001,2,0.1,83.66
ORD005854,P0012,1,0.0,23.15
ORD005854,P0007,2,0.0,221.5
ORD005855,P0015,2,0.05,15.6
ORD005855,P0008,1,0.0,190.06
ORD005856,P0010,1,0.15,286.37
ORD005856,P0012,1,0.0,23.15
ORD005857,P0002,1,0.1,105.56
ORD005857,P0019,1,0.2,34.97
ORD005858,P0008,1,0.05,180.56
ORD005858,P0017,1,0.05,8.02
ORD005858,P0018,1,0.1,37.62
ORD005859,P0009,1,0.1,168.19
ORD005860,P0006,2,0.05,88.94
ORD005860,P0004,1,0.2,77.79
ORD005860,P0017,1,0.15,7.17
ORD005861,P0014,1,0.1,10.21
ORD005861,P0019,1,0.0,43.71
ORD005861,P0007,1,0.05,105.21
ORD005861,P0011,1,0.1,255.07
ORD005862,P0004,1,0.05,92.38
ORD005862,P0002,2,0.0,234.58
ORD005862,P0006,1,0.2,37.45
ORD005863,P0017,1,0.0,8.44
ORD005863,P0002,2,0.1,211.12
ORD005863,P0015,1,0.0,8.21
ORD005864,P0008,1,0.0,190.06
ORD005864,P0016,1,0.05,30.31
ORD005864,P0002,1,0.2,93.83
ORD005864,P0022,3,0.05,155.35
ORD005865,P0008,2,0.05,361.11
ORD005866,P0017,1,0.15,7.17
ORD005866,P0004,1,0.2,77.79
ORD005867,P0010,1,0.0,336.91
ORD005867,P0009,2,0.0,373.76
ORD005868,P0015,1,0.05,7.8
ORD005868,P0013,2,0.1,10.44
ORD005869,P0018,2,0.0,83.6
ORD005870,P0001,1,0.05,44.16
ORD005870,P0010,1,0.0,336.91
ORD005870,P0006,1,0.15,39.79
ORD005871,P0018,2,0.0,83.6
ORD005871,P0004,1,0.0,97.24
ORD005872,P0003,1,0.0,17.48
ORD005873,P0020,1,0.15,23.17
ORD005874,P0020,1,0.05,25.9
ORD005874,P0022,3,0.1,147.18
ORD005875,P0020,1,0.0,27.26
ORD005875,P0006,1,0.0,46.81
ORD005875,P0014,1,0.0,11.34
ORD005876,P0001,1,0.0,46.48
ORD005877,P0005,1,0.0,63.09
ORD005877,P0008,2,0.1,342.11
ORD005877,P0006,1,0.0,46.81
ORD005877,P0001,1,0.05,44.16
ORD005878,P0013,2,0.15,9.86
ORD005879,P0018,1,0.05,39.71
ORD005879,P0001,1,0.0,46.48
ORD005880,P0007,1,0.0,110.75
ORD005880,P0015,2,0.0,16.42
ORD005880,P0019,1,0.15,37.15
ORD005880,P0004,1,0.1,87.52
ORD005881,P0016,1,0.05,30.31
ORD005881,P0005,2,0.0,126.18
ORD005881,P0018,2,0.0,83.6
ORD005882,P0019,1,0.0,43.71
ORD005883,P0021,1,0.05,23.3
ORD005884,P0009,1,0.0,186.88
ORD005884,P0011,1,0.1,255.07
ORD005884,P0008,1,0.0,190.06
ORD005884,P0001,1,0.0,46.48
ORD005885,P0007,1,0.05,105.21
ORD005886,P0017,1,0.0,8.44
ORD005887,P0012,1,0.0,23.15
ORD005887,P0019,1,0.0,43.71
ORD005888,P0001,1,0.15,39.51
ORD005889,P0013,1,0.0,5.8
ORD005889,P0019,1,0.1,39.34
ORD005889,P0012,1,0.0,23.15
ORD005890,P0021,1,0.05,23.3
ORD005890,P0007,2,0.0,221.5
ORD005890,P0006,1,0.0,46.81
ORD005890,P0001,1,0.0,46.48
ORD005891,P0008,3,0.1,513.16
ORD005891,P0006,1,0.15,39.79
ORD005891,P0019,3,0.05,124.57
ORD005891,P0020,1,0.05,25.9
ORD005892,P0012,3,0.05,65.98
ORD005893,P0010,1,0.0,336.91
ORD005893,P0020,1,0.05,25.9
ORD005894,P0012,2,0.0,46.3
ORD005895,P0009,1,0.0,186.88
ORD005895,P0011,1,0.1,255.07
ORD005895,P0014,3,0.0,34.02
ORD005896,P0022,2,0.2,87.22
ORD005896,P0009,2,0.15,317.7
ORD005897,P0015,1,0.0,8.21
ORD005897,P0011,2,0.0,566.82
ORD005898,P0009,3,0.1,504.58
ORD005898,P0002,1,0.15,99.7
ORD005899,P0011,2,0.1,510.14
ORD005899,P0008,1,0.0,190.06
ORD005899,P0016,3,0.15,81.37
ORD005899,P0012,3,0.0,69.45
ORD005900,P0022,1,0.0,54.51
ORD005901,P0006,1,0.0,46.81
ORD005901,P0011,1,0.15,240.9
ORD005901,P0003,2,0.0,34.96
ORD005901,P0021,3,0.0,73.59
ORD005902,P0012,1,0.1,20.84
ORD005902,P0014,1,0.1,10.21
ORD005902,P0009,2,0.15,317.7
ORD005903,P0007,2,0.05,210.42
ORD005904,P0015,1,0.0,8.21
ORD005904,P0011,2,0.0,566.82
ORD005904,P0018,1,0.15,35.53
ORD005905,P0013,1,0.05,5.51
ORD005905,P0001,1,0.0,46.48
ORD005905,P0021,1,0.05,23.3
ORD005905,P0014,1,0.05,10.77
ORD005906,P0013,1,0.0,5.8
ORD005907,P0003,1,0.1,15.73
ORD005908,P0014,2,0.0,22.68
ORD005909,P0017,1,0.0,8.44
ORD005910,P0010,3,0.1,909.66
ORD005911,P0018,2,0.15,71.06
ORD005912,P0017,1,0.15,7.17
ORD005913,P0019,2,0.2,69.94
ORD005914,P0010,3,0.15,859.12
ORD005915,P0013,1,0.0,5.8
ORD005915,P0010,1,0.0,336.91
ORD005915,P0014,1,0.05,10.77
ORD005915,P0003,1,0.05,16.61
ORD005916,P0008,2,0.0,380.12
ORD005916,P0007,1,0.0,110.75
ORD005916,P0022,1,0.0,54.51
ORD005917,P0003,1,0.0,17.48
ORD005917,P0014,2,0.1,20.41
ORD005918,P0003,1,0.15,14.86
ORD005918,P0014,1,0.0,11.34
ORD005919,P0017,1,0.1,7.6
ORD005919,P0007,1,0.1,99.68
ORD005919,P0003,3,0.0,52.44
ORD005920,P0019,1,0.05,41.52
ORD005920,P0013,1,0.05,5.51
ORD005920,P0021,2,0.05,46.61
ORD005921,P0013,1,0.15,4.93
ORD005922,P0003,1,0.15,14.86
ORD005923,P0017,1,0.0,8.44
ORD005924,P0007,2,0.15,188.28
ORD005925,P0005,1,0.1,56.78
ORD005925,P0018,1,0.0,41.8
ORD005926,P0017,1,0.1,7.6
ORD005926,P0021,1,0.0,24.53
ORD005927,P0017,1,0.0,8.44
ORD005927,P0001,1,0.0,46.48
ORD005928,P0011,1,0.05,269.24
ORD005929,P0001,1,0.05,44.16
ORD005929,P0018,1,0.1,37.62
ORD005929,P0013,1,0.2,4.64
ORD005929,P0021,1,0.05,23.3
ORD005930,P0008,1,0.15,161.55
ORD005931,P0009,1,0.0,186.88
ORD005931,P0018,1,0.0,41.8
ORD005931,P0017,1,0.0,8.44
ORD005932,P0008,1,0.0,190.06
ORD005932,P0011,1,0.0,283.41
ORD005933,P0002,1,0.05,111.43
ORD005933,P0012,1,0.1,20.84
ORD005933,P0014,1,0.0,11.34
ORD005934,P0016,2,0.0,63.82
ORD005934,P0020,1,0.0,27.26
ORD005935,P0015,1,0.1,7.39
ORD005936,P0009,2,0.05,355.07
ORD005937,P0014,1,0.1,10.21
ORD005938,P0001,2,0.05,88.31
ORD005939,P0002,1,0.0,117.29
ORD005939,P0001,1,0.0,46.48
ORD005940,P0015,1,0.1,7.39
ORD005940,P0012,3,0.15,59.03
ORD005940,P0020,1,0.0,27.26
ORD005940,P0021,1,0.05,23.3
ORD005941,P0021,1,0.05,23.3
ORD005941,P0009,1,0.0,186.88
ORD005942,P0002,1,0.0,117.29
ORD005943,P0005,1,0.0,63.09
ORD005944,P0001,2,0.1,83.66
ORD005945,P0021,1,0.1,22.08
ORD005945,P0006,2,0.1,84.26
ORD005946,P0013,1,0.0,5.8
ORD005946,P0011,2,0.0,566.82
ORD005947,P0021,1,0.0,24.53
ORD005947,P0010,1,0.05,320.06
ORD005948,P0013,1,0.05,5.51
ORD005948,P0022,1,0.0,54.51
ORD005949,P0008,1,0.0,190.06
ORD005949,P0003,1,0.1,15.73
ORD005950,P0016,1,0.0,31.91
ORD005950,P0012,1,0.15,19.68
ORD005951,P0003,1,0.1,15.73
ORD005952,P0017,1,0.0,8.44
ORD005952,P0011,1,0.0,283.41
ORD005953,P0010,1,0.0,336.91
ORD005953,P0011,1,0.15,240.9
ORD005953,P0006,1,0.0,46.81
ORD005954,P0007,1,0.15,94.14
ORD005954,P0017,2,0.0,16.88
ORD005955,P0012,1,0.05,21.99
ORD005956,P0016,3,0.0,95.73
ORD005956,P0002,1,0.0,117.29
ORD005956,P0021,1,0.0,24.53
ORD005957,P0003,2,0.0,34.96
ORD005957,P0019,2,0.0,87.42
ORD005957,P0004,1,0.1,87.52
ORD005958,P0011,3,0.0,850.23
ORD005959,P0014,2,0.0,22.68
ORD005960,P0016,1,0.2,25.53
ORD005961,P0008,1,0.0,190.06
ORD005961,P0011,1,0.0,283.41
ORD005961,P0005,1,0.0,63.09
ORD005962,P0019,2,0.1,78.68
ORD005962,P0015,3,0.1,22.17
ORD005962,P0003,1,0.05,16.61
ORD005963,P0019,1,0.0,43.71
ORD005964,P0006,2,0.0,93.62
ORD005965,P0014,3,0.0,34.02
ORD005965,P0010,1,0.0,336.91
ORD005965,P0019,1,0.15,37.15
ORD005966,P0011,1,0.0,283.41
ORD005966,P0002,2,0.05,222.85
ORD005967,P0004,1,0.1,87.52
ORD005968,P0010,2,0.15,572.75
ORD005969,P0018,1,0.0,41.8
ORD005969,P0017,1,0.05,8.02
ORD005970,P0018,3,0.0,125.4
ORD005970,P0016,2,0.05,60.63
ORD005971,P0012,1,0.05,21.99
ORD005971,P0013,1,0.0,5.8
ORD005971,P0021,1,0.0,24.53
ORD005972,P0012,1,0.0,23.15
ORD005973,P0016,1,0.2,25.53
ORD005973,P0018,1,0.0,41.8
ORD005974,P0005,2,0.0,126.18
ORD005975,P0001,2,0.0,92.96
ORD005975,P0019,2,0.1,78.68
ORD005976,P0004,1,0.05,92.38
ORD005977,P0019,2,0.0,87.42
ORD005978,P0017,1,0.1,7.6
ORD005978,P0007,2,0.1,199.35
ORD005979,P0020,1,0.0,27.26
ORD005980,P0019,1,0.05,41.52
ORD005981,P0001,2,0.0,92.96
ORD005981,P0020,1,0.05,25.9
ORD005981,P0013,3,0.0,17.4
ORD005982,P0004,1,0.1,87.52
ORD005983,P0013,1,0.0,5.8
ORD005984,P0008,3,0.0,570.18
ORD005985,P0015,1,0.2,6.57
ORD005985,P0007,1,0.1,99.68
ORD005986,P0005,1,0.1,56.78
ORD005986,P0019,1,0.1,39.34
ORD005987,P0010,1,0.0,336.91
ORD005987,P0002,1,0.15,99.7
ORD005988,P0007,2,0.2,177.2
ORD005988,P0001,2,0.0,92.96
ORD005989,P0007,1,0.0,110.75
ORD005990,P0016,1,0.0,31.91
ORD005991,P0005,1,0.0,63.09
ORD005991,P0019,2,0.1,78.68
ORD005991,P0016,1,0.05,30.31
ORD005992,P0001,1,0.0,46.48
ORD005993,P0019,1,0.05,41.52
ORD005994,P0013,1,0.05,5.51
ORD005995,P0003,1,0.0,17.48
ORD005995,P0002,1,0.0,117.29
ORD005996,P0017,2,0.05,16.04
ORD005997,P0022,1,0.15,46.33
ORD005998,P0019,2,0.05,83.05
ORD005999,P0022,1,0.0,54.51
ORD006000,P0016,1,0.0,31.91
ORD006001,P0010,1,0.15,286.37
ORD006001,P0003,1,0.05,16.61
ORD006001,P0022,3,0.0,163.53
ORD006002,P0013,1,0.0,5.8
ORD006002,P0016,3,0.0,95.73
ORD006003,P0020,1,0.15,23.17
ORD006004,P0006,1,0.0,46.81
ORD006004,P0001,2,0.0,92.96
ORD006005,P0013,1,0.1,5.22
ORD006006,P0016,2,0.0,63.82
ORD006006,P0002,3,0.0,351.87
ORD006006,P0017,1,0.05,8.02
ORD006006,P0009,1,0.0,186.88
ORD006007,P0013,1,0.05,5.51
ORD006008,P0016,2,0.0,63.82
ORD006008,P0011,2,0.05,538.48
ORD006009,P0003,1,0.0,17.48
ORD006009,P0001,1,0.0,46.48
ORD006010,P0008,1,0.0,190.06
ORD006011,P0014,3,0.05,32.32
ORD006011,P0018,1,0.1,37.62
ORD006012,P0008,2,0.0,380.12
ORD006013,P0014,1,0.1,10.21
ORD006013,P0016,2,0.1,57.44
ORD006014,P0012,1,0.0,23.15
ORD006014,P0019,2,0.0,87.42
ORD006015,P0013,2,0.2,9.28
ORD006015,P0014,1,0.0,11.34
ORD006016,P0014,2,0.0,22.68
ORD006017,P0019,1,0.0,43.71
ORD006018,P0012,1,0.0,23.15
ORD006018,P0005,1,0.05,59.94
ORD006019,P0008,1,0.0,190.06
ORD006019,P0015,1,0.15,6.98
ORD006020,P0001,1,0.2,37.18
ORD006020,P0015,2,0.0,16.42
ORD006021,P0018,1,0.1,37.62
ORD006021,P0005,2,0.1,113.56
ORD006022,P0010,2,0.0,673.82
ORD006022,P0002,1,0.05,111.43
ORD006023,P0015,1,0.0,8.21
ORD006023,P0013,1,0.2,4.64
ORD006024,P0019,2,0.0,87.42
ORD006024,P0016,3,0.15,81.37
ORD006025,P0016,1,0.1,28.72
ORD006026,P0016,1,0.1,28.72
ORD006026,P0002,1,0.0,117.29
ORD006026,P0006,1,0.15,39.79
ORD006027,P0017,1,0.05,8.02
ORD006027,P0020,1,0.15,23.17
ORD006028,P0010,1,0.05,320.06
ORD006029,P0016,1,0.0,31.91
ORD006029,P0009,1,0.0,186.88
ORD006030,P0018,1,0.05,39.71
ORD006030,P0015,1,0.0,8.21
ORD006031,P0011,1,0.15,240.9
ORD006032,P0006,1,0.0,46.81
ORD006033,P0013,1,0.1,5.22
ORD006033,P0011,1,0.0,283.41
ORD006034,P0001,3,0.1,125.5
ORD006034,P0003,2,0.0,34.96
ORD006034,P0004,1,0.2,77.79
ORD006035,P0006,3,0.1,126.39
ORD006036,P0001,1,0.15,39.51
ORD006036,P0004,3,0.05,277.13
ORD006037,P0004,2,0.05,184.76
ORD006037,P0011,3,0.05,807.72
ORD006037,P0013,2,0.0,11.6
ORD006038,P0006,2,0.05,88.94
ORD006039,P0001,1,0.0,46.48
ORD006039,P0013,1,0.0,5.8
ORD006039,P0020,2,0.0,54.52
ORD006039,P0002,1,0.0,117.29
ORD006040,P0001,1,0.15,39.51
ORD006040,P0014,1,0.0,11.34
ORD006041,P0017,1,0.1,7.6
ORD006042,P0011,1,0.05,269.24
ORD006042,P0002,1,0.05,111.43
ORD006043,P0004,3,0.0,291.72
ORD006044,P0021,1,0.0,24.53
ORD006045,P0003,2,0.05,33.21
ORD006046,P0020,1,0.0,27.26
ORD006046,P0015,1,0.05,7.8
ORD006046,P0012,1,0.05,21.99
ORD006046,P0022,2,0.0,109.02
ORD006047,P0013,2,0.15,9.86
ORD006048,P0001,1,0.0,46.48
ORD006048,P0009,1,0.0,186.88
ORD006049,P0010,1,0.0,336.91
ORD006050,P0019,1,0.0,43.71
ORD006050,P0017,1,0.0,8.44
ORD006051,P0022,2,0.1,98.12
ORD006052,P0014,1,0.05,10.77
ORD006052,P0021,2,0.1,44.15
ORD006053,P0009,1,0.15,158.85
ORD006054,P0005,2,0.05,119.87
ORD006054,P0010,1,0.05,320.06
ORD006054,P0006,1,0.1,42.13
ORD006055,P0002,1,0.05,111.43
ORD006056,P0001,1,0.05,44.16
ORD006056,P0015,2,0.0,16.42
ORD006057,P0001,2,0.0,92.96
ORD006057,P0010,1,0.0,336.91
ORD006058,P0021,1,0.0,24.53
ORD006058,P0010,1,0.05,320.06
ORD006059,P0022,1,0.0,54.51
ORD006059,P0005,1,0.05,59.94
ORD006060,P0020,1,0.05,25.9
ORD006060,P0001,1,0.0,46.48
ORD006060,P0021,1,0.05,23.3
ORD006061,P0008,1,0.15,161.55
ORD006062,P0011,3,0.0,850.23
ORD006062,P0022,1,0.1,49.06
ORD006063,P0020,1,0.0,27.26
ORD006063,P0005,1,0.0,63.09
ORD006063,P0001,1,0.05,44.16
ORD006063,P0003,1,0.0,17.48
ORD006064,P0002,2,0.0,234.58
ORD006065,P0019,2,0.0,87.42
ORD006066,P0022,1,0.1,49.06
ORD006067,P0006,2,0.05,88.94
ORD006068,P0020,1,0.0,27.26
ORD006068,P0003,1,0.05,16.61
ORD006069,P0008,3,0.15,484.65
ORD006069,P0004,1,0.05,92.38
ORD006070,P0003,1,0.2,13.98
ORD006071,P0002,2,0.1,211.12
ORD006071,P0008,1,0.0,190.06
ORD006072,P0005,1,0.0,63.09
ORD006072,P0008,1,0.1,171.05
ORD006072,P0019,1,0.1,39.34
ORD006073,P0007,1,0.0,110.75
ORD006073,P0005,1,0.05,59.94
ORD006073,P0020,1,0.05,25.9
ORD006073,P0019,1,0.0,43.71
ORD006074,P0018,3,0.15,106.59
ORD006074,P0015,1,0.0,8.21
ORD006074,P0010,1,0.1,303.22
ORD006075,P0007,1,0.0,110.75
ORD006075,P0009,1,0.05,177.54
ORD006075,P0016,1,0.0,31.91
ORD006075,P0004,1,0.1,87.52
ORD006076,P0012,1,0.0,23.15
ORD006076,P0017,2,0.05,16.04
ORD006076,P0009,1,0.0,186.88
ORD006077,P0014,1,0.0,11.34
ORD006077,P0017,3,0.1,22.79
ORD006077,P0002,2,0.05,222.85
ORD006078,P0020,1,0.0,27.26
ORD006079,P0022,1,0.05,51.78
ORD006079,P0010,1,0.0,336.91
ORD006080,P0009,1,0.0,186.88
ORD006081,P0013,3,0.0,17.4
ORD006081,P0012,1,0.0,23.15
ORD006081,P0016,1,0.05,30.31
ORD006082,P0018,1,0.05,39.71
ORD006082,P0022,3,0.0,163.53
ORD006083,P0012,1,0.0,23.15
ORD006084,P0006,1,0.0,46.81
ORD006084,P0009,1,0.1,168.19
ORD006085,P0012,1,0.0,23.15
ORD006085,P0002,2,0.05,222.85
ORD006085,P0018,2,0.0,83.6
ORD006086,P0004,2,0.0,194.48
ORD006087,P0002,1,0.15,99.7
ORD006087,P0006,3,0.0,140.43
ORD006087,P0009,1,0.1,168.19
ORD006088,P0016,1,0.0,31.91
ORD006088,P0022,3,0.0,163.53
ORD006089,P0006,1,0.05,44.47
ORD006089,P0015,3,0.0,24.63
ORD006090,P0007,1,0.05,105.21
ORD006090,P0018,1,0.1,37.62
ORD006090,P0017,1,0.0,8.44
ORD006091,P0009,1,0.0,186.88
ORD006091,P0015,2,0.0,16.42
ORD006091,P0007,1,0.0,110.75
ORD006091,P0020,3,0.0,81.78
ORD006092,P0019,1,0.0,43.71
ORD006093,P0019,3,0.05,124.57
ORD006094,P0014,2,0.0,22.68
ORD006095,P0005,2,0.1,113.56
ORD006095,P0006,1,0.1,42.13
ORD006096,P0013,3,0.0,17.4
ORD006097,P0013,1,0.0,5.8
ORD006098,P0010,1,0.1,303.22
ORD006099,P0015,2,0.0,16.42
ORD006099,P0013,1,0.0,5.8
ORD006100,P0016,1,0.0,31.91
ORD006100,P0022,1,0.1,49.06
ORD006100,P0001,1,0.2,37.18
ORD006101,P0008,1,0.1,171.05
ORD006102,P0004,1,0.0,97.24
ORD006102,P0012,1,0.1,20.84
ORD006103,P0007,3,0.0,332.25
ORD006103,P0004,1,0.0,97.24
ORD006103,P0017,2,0.0,16.88
ORD006104,P0013,2,0.1,10.44
ORD006104,P0009,1,0.0,186.88
ORD006105,P0021,1,0.05,23.3
ORD006105,P0008,1,0.1,171.05
ORD006105,P0002,2,0.0,234.58
ORD006106,P0010,1,0.1,303.22
ORD006107,P0019,1,0.0,43.71
ORD006107,P0007,3,0.05,315.64
ORD006108,P0015,2,0.0,16.42
ORD006108,P0003,1,0.1,15.73
ORD006109,P0015,1,0.0,8.21
ORD006109,P0013,2,0.0,11.6
ORD006110,P0019,1,0.05,41.52
ORD006110,P0004,1,0.0,97.24
ORD006110,P0017,1,0.15,7.17
ORD006111,P0008,1,0.0,190.06
ORD006111,P0018,1,0.05,39.71
ORD006111,P0004,1,0.05,92.38
ORD006112,P0001,1,0.05,44.16
ORD006113,P0007,1,0.2,88.6
ORD006114,P0005,2,0.0,126.18
ORD006114,P0004,1,0.1,87.52
ORD006115,P0018,1,0.05,39.71
ORD006116,P0004,2,0.0,194.48
ORD006117,P0011,2,0.05,538.48
ORD006118,P0009,1,0.0,186.88
ORD006118,P0018,1,0.0,41.8
ORD006118,P0022,2,0.0,109.02
ORD006119,P0010,1,0.0,336.91
ORD006120,P0003,2,0.15,29.72
ORD006120,P0020,3,0.0,81.78
ORD006120,P0009,1,0.0,186.88
ORD006120,P0006,3,0.0,140.43
ORD006121,P0001,2,0.05,88.31
ORD006121,P0003,1,0.15,14.86
ORD006122,P0015,1,0.05,7.8
ORD006122,P0011,1,0.05,269.24
ORD006122,P0012,2,0.1,41.67
ORD006123,P0017,2,0.05,16.04
ORD006124,P0012,1,0.05,21.99
ORD006125,P0013,3,0.0,17.4
ORD006125,P0008,1,0.0,190.06
ORD006126,P0002,1,0.05,111.43
ORD006127,P0012,2,0.1,41.67
ORD006128,P0018,1,0.0,41.8
ORD006128,P0019,1,0.05,41.52
ORD006128,P0014,1,0.2,9.07
ORD006128,P0004,1,0.05,92.38
ORD006129,P0003,2,0.0,34.96
ORD006130,P0014,1,0.05,10.77
ORD006130,P0012,1,0.0,23.15
ORD006130,P0013,2,0.1,10.44
ORD006130,P0004,1,0.0,97.24
ORD006131,P0001,1,0.0,46.48
ORD006132,P0013,1,0.1,5.22
ORD006132,P0001,1,0.05,44.16
ORD006132,P0004,3,0.15,247.96
ORD006133,P0014,3,0.0,34.02
ORD006133,P0003,1,0.0,17.48
ORD006133,P0010,1,0.0,336.91
ORD006134,P0018,1,0.0,41.8
ORD006134,P0008,1,0.15,161.55
ORD006135,P0008,1,0.05,180.56
ORD006135,P0019,2,0.1,78.68
ORD006135,P0001,1,0.0,46.48
ORD006136,P0005,2,0.1,113.56
ORD006137,P0012,1,0.0,23.15
ORD006137,P0013,1,0.05,5.51
ORD006137,P0007,1,0.1,99.68
ORD006138,P0021,1,0.0,24.53
ORD006138,P0017,1,0.0,8.44
ORD006139,P0017,1,0.0,8.44
ORD006140,P0004,2,0.05,184.76
ORD006140,P0011,1,0.05,269.24
ORD006141,P0001,3,0.0,139.44
ORD006141,P0007,1,0.0,110.75
ORD006142,P0008,1,0.0,190.06
ORD006143,P0009,3,0.05,532.61
ORD006144,P0003,2,0.0,34.96
ORD006144,P0021,2,0.05,46.61
ORD006145,P0011,2,0.2,453.46
ORD006145,P0003,1,0.05,16.61
ORD006146,P0022,1,0.0,54.51
ORD006146,P0018,1,0.0,41.8
ORD006147,P0018,3,0.15,106.59
ORD006147,P0008,1,0.05,180.56
ORD006147,P0016,1,0.0,31.91
ORD006148,P0009,1,0.0,186.88
ORD006148,P0010,1,0.0,336.91
ORD006149,P0019,2,0.0,87.42
ORD006150,P0003,1,0.0,17.48
ORD006150,P0015,1,0.0,8.21
ORD006150,P0001,2,0.05,88.31
ORD006151,P0006,1,0.1,42.13
ORD006152,P0012,3,0.15,59.03
ORD006153,P0016,1,0.1,28.72
ORD006154,P0017,1,0.0,8.44
ORD006154,P0013,1,0.2,4.64
ORD006154,P0007,2,0.0,221.5
ORD006155,P0005,3,0.0,189.27
ORD006156,P0007,3,0.05,315.64
ORD006157,P0021,1,0.2,19.62
ORD006158,P0006,1,0.0,46.81
ORD006158,P0012,1,0.0,23.15
ORD006159,P0022,2,0.05,103.57
ORD006159,P0008,1,0.1,171.05
ORD006160,P0003,3,0.0,52.44
ORD006160,P0007,1,0.1,99.68
ORD006161,P0012,1,0.0,23.15
ORD006161,P0021,1,0.0,24.53
ORD006161,P0001,1,0.0,46.48
ORD006161,P0018,1,0.1,37.62
ORD006162,P0002,1,0.0,117.29
ORD006162,P0006,1,0.05,44.47
ORD006163,P0002,2,0.0,234.58
ORD006164,P0008,3,0.0,570.18
ORD006164,P0015,1,0.0,8.21
ORD006164,P0005,1,0.0,63.09
ORD006164,P0019,1,0.0,43.71
ORD006165,P0016,1,0.05,30.31
ORD006165,P0011,1,0.0,283.41
ORD006166,P0020,1,0.1,24.53
ORD006166,P0007,1,0.05,105.21
ORD006167,P0016,1,0.1,28.72
ORD006168,P0022,1,0.05,51.78
ORD006168,P0016,1,0.0,31.91
ORD006169,P0018,1,0.0,41.8
ORD006169,P0012,1,0.15,19.68
ORD006170,P0005,2,0.1,113.56
ORD006170,P0019,1,0.0,43.71
ORD006170,P0008,1,0.0,190.06
ORD006170,P0012,2,0.0,46.3
ORD006171,P0013,1,0.05,5.51
ORD006171,P0022,2,0.1,98.12
ORD006171,P0021,1,0.15,20.85
ORD006172,P0005,2,0.0,126.18
ORD006172,P0007,1,0.05,105.21
ORD006173,P0010,1,0.0,336.91
ORD006174,P0003,2,0.0,34.96
ORD006175,P0016,1,0.05,30.31
ORD006175,P0003,3,0.05,49.82
ORD006176,P0002,2,0.1,211.12
ORD006176,P0011,1,0.0,283.41
ORD006176,P0022,1,0.0,54.51
ORD006177,P0021,1,0.1,22.08
ORD006177,P0022,1,0.05,51.78
ORD006177,P0009,1,0.05,177.54
ORD006178,P0006,1,0.0,46.81
ORD006178,P0010,2,0.1,606.44
ORD006178,P0016,1,0.15,27.12
ORD006179,P0006,1,0.0,46.81
ORD006179,P0008,3,0.15,484.65
ORD006179,P0021,1,0.0,24.53
ORD006180,P0016,1,0.0,31.91
ORD006180,P0015,1,0.1,7.39
ORD006180,P0017,1,0.1,7.6
ORD006181,P0021,1,0.0,24.53
ORD006181,P0013,2,0.15,9.86
ORD006182,P0014,2,0.05,21.55
ORD006182,P0020,1,0.05,25.9
ORD006182,P0019,1,0.0,43.71
ORD006182,P0008,1,0.0,190.06
ORD006183,P0014,3,0.0,34.02
ORD006184,P0004,2,0.0,194.48
ORD006185,P0021,1,0.0,24.53
ORD006185,P0006,1,0.0,46.81
ORD006186,P0001,3,0.0,139.44
ORD006187,P0004,1,0.0,97.24
ORD006187,P0013,1,0.0,5.8
ORD006188,P0012,1,0.2,18.52
ORD006189,P0016,1,0.0,31.91
ORD006189,P0011,1,0.05,269.24
ORD006189,P0014,2,0.05,21.55
ORD006190,P0017,2,0.05,16.04
ORD006191,P0018,1,0.15,35.53
ORD006191,P0021,3,0.1,66.23
ORD006192,P0022,1,0.1,49.06
ORD006192,P0018,3,0.0,125.4
ORD006192,P0019,1,0.0,43.71
ORD006192,P0016,3,0.1,86.16
ORD006193,P0018,1,0.15,35.53
ORD006193,P0009,2,0.0,373.76
ORD006193,P0007,2,0.05,210.42
ORD006193,P0003,2,0.05,33.21
ORD006194,P0018,1,0.05,39.71
ORD006195,P0022,1,0.05,51.78
ORD006196,P0006,1,0.05,44.47
ORD006197,P0016,2,0.0,63.82
ORD006197,P0021,2,0.0,49.06
ORD006198,P0004,1,0.0,97.24
ORD006199,P0018,2,0.15,71.06
ORD006199,P0011,3,0.15,722.7
ORD006199,P0014,1,0.0,11.34
ORD006199,P0001,1,0.0,46.48
ORD006200,P0006,1,0.15,39.79
ORD006201,P0015,1,0.05,7.8
ORD006202,P0021,1,0.1,22.08
ORD006203,P0020,1,0.0,27.26
ORD006203,P0019,1,0.1,39.34
ORD006203,P0004,1,0.1,87.52
ORD006204,P0013,2,0.0,11.6
ORD006205,P0001,1,0.0,46.48
ORD006205,P0014,1,0.0,11.34
ORD006206,P0003,1,0.15,14.86
ORD006206,P0011,1,0.0,283.41
ORD006206,P0018,1,0.1,37.62
ORD006207,P0009,1,0.0,186.88
ORD006208,P0001,2,0.15,79.02
ORD006208,P0003,1,0.0,17.48
ORD006209,P0002,1,0.1,105.56
ORD006210,P0009,2,0.0,373.76
ORD006211,P0017,1,0.0,8.44
ORD006212,P0003,2,0.05,33.21
ORD006212,P0005,1,0.0,63.09
ORD006213,P0001,1,0.0,46.48
ORD006213,P0013,1,0.1,5.22
ORD006213,P0009,1,0.0,186.88
ORD006213,P0005,2,0.2,100.94
ORD006214,P0013,1,0.0,5.8
ORD006215,P0006,1,0.1,42.13
ORD006216,P0005,1,0.1,56.78
ORD006216,P0013,1,0.0,5.8
ORD006216,P0018,1,0.1,37.62
ORD006217,P0011,1,0.2,226.73
ORD006217,P0014,1,0.0,11.34
ORD006217,P0022,1,0.0,54.51
ORD006217,P0002,1,0.15,99.7
ORD006218,P0020,1,0.0,27.26
ORD006219,P0013,1,0.05,5.51
ORD006220,P0019,1,0.0,43.71
ORD006221,P0008,1,0.0,190.06
ORD006221,P0014,1,0.15,9.64
ORD006222,P0004,3,0.1,262.55
ORD006222,P0022,2,0.0,109.02
ORD006223,P0008,3,0.1,513.16
ORD006223,P0010,1,0.05,320.06
ORD006223,P0014,1,0.1,10.21
ORD006224,P0019,2,0.2,69.94
ORD006225,P0013,1,0.0,5.8
ORD006225,P0007,2,0.05,210.42
ORD006226,P0020,1,0.0,27.26
ORD006226,P0014,1,0.1,10.21
ORD006226,P0005,1,0.05,59.94
ORD006226,P0015,1,0.0,8.21
ORD006227,P0019,1,0.0,43.71
ORD006227,P0008,1,0.05,180.56
ORD006228,P0009,2,0.0,373.76
ORD006229,P0001,2,0.05,88.31
ORD006229,P0009,1,0.1,168.19
ORD006230,P0001,1,0.0,46.48
ORD006230,P0003,1,0.0,17.48
ORD006230,P0022,3,0.0,163.53
ORD006231,P0021,1,0.1,22.08
ORD006232,P0005,1,0.0,63.09
ORD006232,P0021,1,0.0,24.53
ORD006233,P0018,2,0.0,83.6
ORD006234,P0012,2,0.0,46.3
ORD006235,P0008,1,0.05,180.56
ORD006236,P0014,1,0.1,10.21
ORD006237,P0007,2,0.05,210.42
ORD006238,P0020,3,0.0,81.78
ORD006239,P0018,2,0.1,75.24
ORD006240,P0018,1,0.0,41.8
ORD006241,P0016,2,0.0,63.82
ORD006241,P0010,1,0.05,320.06
ORD006242,P0007,1,0.1,99.68
ORD006242,P0009,1,0.05,177.54
ORD006242,P0002,1,0.0,117.29
ORD006243,P0008,1,0.05,180.56
ORD006244,P0004,1,0.15,82.65
ORD006245,P0001,1,0.1,41.83
ORD006246,P0014,3,0.0,34.02
ORD006246,P0015,2,0.05,15.6
ORD006247,P0019,2,0.0,87.42
ORD006248,P0007,1,0.0,110.75
ORD006248,P0015,1,0.0,8.21
ORD006249,P0005,1,0.0,63.09
ORD006249,P0001,1,0.1,41.83
ORD006250,P0004,1,0.15,82.65
ORD006251,P0014,3,0.0,34.02
ORD006251,P0018,3,0.1,112.86
ORD006252,P0018,3,0.0,125.4
ORD006253,P0014,1,0.05,10.77
ORD006254,P0004,1,0.1,87.52
ORD006255,P0020,2,0.0,54.52
ORD006255,P0012,2,0.0,46.3
ORD006255,P0016,2,0.05,60.63
ORD006256,P0021,1,0.05,23.3
ORD006257,P0009,3,0.05,532.61
ORD006257,P0014,1,0.0,11.34
ORD006258,P0008,2,0.1,342.11
ORD006258,P0018,2,0.1,75.24
ORD006258,P0004,1,0.0,97.24
ORD006259,P0010,2,0.0,673.82
ORD006260,P0020,1,0.15,23.17
ORD006261,P0010,1,0.0,336.91
ORD006261,P0019,1,0.15,37.15
ORD006261,P0017,2,0.05,16.04
ORD006261,P0021,1,0.0,24.53
ORD006262,P0010,1,0.05,320.06
ORD006262,P0004,1,0.1,87.52
ORD006262,P0013,2,0.0,11.6
ORD006263,P0018,1,0.0,41.8
ORD006263,P0019,1,0.0,43.71
ORD006264,P0022,2,0.0,109.02
ORD006265,P0013,1,0.0,5.8
ORD006265,P0014,1,0.0,11.34
ORD006265,P0012,1,0.05,21.99
ORD006266,P0013,1,0.0,5.8
ORD006266,P0005,1,0.15,53.63
ORD006266,P0006,1,0.0,46.81
ORD006266,P0004,1,0.05,92.38
ORD006267,P0004,3,0.0,291.72
ORD006268,P0001,1,0.0,46.48
ORD006268,P0006,2,0.0,93.62
ORD006268,P0008,3,0.0,570.18
ORD006269,P0011,1,0.0,283.41
ORD006269,P0004,1,0.2,77.79
ORD006269,P0007,1,0.2,88.6
ORD006270,P0012,2,0.0,46.3
ORD006271,P0017,1,0.1,7.6
ORD006272,P0005,1,0.1,56.78
ORD006272,P0007,1,0.0,110.75
ORD006273,P0009,1,0.0,186.88
ORD006273,P0020,1,0.05,25.9
ORD006274,P0020,1,0.15,23.17
ORD006274,P0009,1,0.05,177.54
ORD006275,P0010,1,0.1,303.22
ORD006276,P0007,1,0.2,88.6
ORD006276,P0013,3,0.0,17.4
ORD006277,P0015,1,0.05,7.8
ORD006277,P0012,3,0.0,69.45
ORD006278,P0017,2,0.2,13.5
ORD006279,P0010,1,0.15,286.37
ORD006280,P0002,1,0.0,117.29
ORD006280,P0003,2,0.0,34.96
ORD006281,P0018,1,0.0,41.8
ORD006281,P0020,1,0.15,23.17
ORD006282,P0010,2,0.0,673.82
ORD006283,P0003,1,0.05,16.61
ORD006284,P0009,1,0.0,186.88
ORD006285,P0005,1,0.0,63.09
ORD006285,P0011,2,0.0,566.82
ORD006286,P0002,2,0.2,187.66
ORD006286,P0009,1,0.0,186.88
ORD006287,P0007,1,0.0,110.75
ORD006287,P0012,1,0.0,23.15
ORD006287,P0005,1,0.1,56.78
ORD006288,P0011,1,0.15,240.9
ORD006288,P0001,1,0.0,46.48
ORD006289,P0012,1,0.0,23.15
ORD006289,P0016,1,0.0,31.91
ORD006290,P0005,2,0.05,119.87
ORD006291,P0012,1,0.15,19.68
ORD006292,P0003,1,0.15,14.86
ORD006292,P0004,1,0.0,97.24
ORD006292,P0019,2,0.15,74.31
ORD006293,P0004,1,0.0,97.24
ORD006293,P0020,1,0.0,27.26
ORD006293,P0011,2,0.0,566.82
ORD006293,P0010,2,0.0,673.82
ORD006294,P0017,1,0.15,7.17
ORD006294,P0016,1,0.0,31.91
ORD006295,P0008,1,0.0,190.06
ORD006295,P0001,1,0.0,46.48
ORD006296,P0022,1,0.0,54.51
ORD006296,P0013,1,0.1,5.22
ORD006297,P0009,1,0.0,186.88
ORD006297,P0020,1,0.1,24.53
ORD006297,P0010,1,0.2,269.53
ORD006298,P0002,1,0.0,117.29
ORD006299,P0011,1,0.0,283.41
ORD006299,P0018,1,0.15,35.53
ORD006300,P0010,1,0.05,320.06
ORD006301,P0008,1,0.0,190.06
ORD006302,P0021,1,0.15,20.85
ORD006303,P0005,3,0.2,151.42
ORD006303,P0011,1,0.1,255.07
ORD006304,P0018,1,0.0,41.8
ORD006304,P0019,3,0.1,118.02
ORD006304,P0020,1,0.0,27.26
ORD006305,P0022,1,0.05,51.78
ORD006306,P0021,1,0.05,23.3
ORD006307,P0011,1,0.05,269.24
ORD006308,P0005,1,0.0,63.09
ORD006309,P0015,2,0.0,16.42
ORD006309,P0019,3,0.2,104.9
ORD006309,P0006,1,0.0,46.81
ORD006309,P0016,1,0.0,31.91
ORD006310,P0009,1,0.05,177.54
ORD006310,P0002,1,0.0,117.29
ORD006310,P0005,1,0.0,63.09
ORD006311,P0013,1,0.15,4.93
ORD006311,P0004,2,0.0,194.48
ORD006311,P0001,1,0.1,41.83
ORD006312,P0006,2,0.0,93.62
ORD006313,P0011,1,0.05,269.24
ORD006314,P0005,2,0.0,126.18
ORD006314,P0022,1,0.05,51.78
ORD006315,P0007,1,0.1,99.68
ORD006315,P0019,2,0.0,87.42
ORD006316,P0009,1,0.15,158.85
ORD006316,P0014,1,0.05,10.77
ORD006317,P0019,1,0.05,41.52
ORD006317,P0009,2,0.15,317.7
ORD006317,P0014,1,0.0,11.34
ORD006318,P0001,1,0.15,39.51
ORD006319,P0006,1,0.0,46.81
ORD006320,P0020,1,0.05,25.9
ORD006320,P0013,1,0.05,5.51
ORD006320,P0017,1,0.05,8.02
ORD006320,P0014,3,0.0,34.02
ORD006321,P0015,2,0.0,16.42
ORD006322,P0021,2,0.0,49.06
ORD006322,P0011,1,0.05,269.24
ORD006322,P0017,1,0.05,8.02
ORD006323,P0012,1,0.0,23.15
ORD006323,P0009,1,0.2,149.5
ORD006323,P0008,1,0.15,161.55
ORD006324,P0020,1,0.15,23.17
ORD006325,P0018,1,0.15,35.53
ORD006325,P0014,1,0.05,10.77
ORD006325,P0003,2,0.05,33.21
ORD006325,P0010,3,0.0,1010.73
ORD006326,P0014,3,0.0,34.02
ORD006326,P0016,1,0.05,30.31
ORD006327,P0003,1,0.0,17.48
ORD006328,P0017,3,0.0,25.32
ORD006329,P0011,3,0.0,850.23
ORD006329,P0022,1,0.1,49.06
ORD006330,P0018,1,0.1,37.62
ORD006331,P0015,1,0.1,7.39
ORD006331,P0007,1,0.0,110.75
ORD006332,P0021,1,0.0,24.53
ORD006333,P0017,1,0.0,8.44
ORD006334,P0014,1,0.05,10.77
ORD006335,P0013,1,0.05,5.51
ORD006335,P0001,1,0.0,46.48
ORD006335,P0021,1,0.05,23.3
ORD006335,P0014,1,0.05,10.77
ORD006336,P0019,1,0.2,34.97
ORD006337,P0022,1,0.0,54.51
ORD006338,P0009,1,0.0,186.88
ORD006339,P0014,1,0.15,9.64
ORD006340,P0017,1,0.0,8.44
ORD006341,P0013,1,0.0,5.8
ORD006341,P0006,1,0.0,46.81
ORD006341,P0008,1,0.0,190.06
ORD006342,P0018,2,0.0,83.6
ORD006342,P0010,2,0.0,673.82
ORD006343,P0013,1,0.0,5.8
ORD006343,P0005,1,0.0,63.09
ORD006344,P0022,1,0.0,54.51
ORD006345,P0007,1,0.2,88.6
ORD006346,P0005,3,0.0,189.27
ORD006346,P0020,1,0.1,24.53
ORD006347,P0013,1,0.2,4.64
ORD006347,P0003,2,0.1,31.46
ORD006348,P0012,1,0.15,19.68
ORD006349,P0012,1,0.1,20.84
ORD006349,P0004,3,0.0,291.72
ORD006350,P0007,1,0.05,105.21
ORD006351,P0013,1,0.05,5.51
ORD006352,P0016,1,0.2,25.53
ORD006353,P0012,1,0.0,23.15
ORD006353,P0019,2,0.0,87.42
ORD006354,P0008,1,0.05,180.56
ORD006354,P0012,1,0.0,23.15
ORD006355,P0012,1,0.0,23.15
ORD006355,P0001,3,0.15,118.52
ORD006355,P0002,1,0.1,105.56
ORD006355,P0013,1,0.0,5.8
ORD006356,P0006,1,0.15,39.79
ORD006356,P0003,1,0.0,17.48
ORD006356,P0007,1,0.15,94.14
ORD006356,P0019,1,0.05,41.52
ORD006357,P0014,1,0.0,11.34
ORD006358,P0015,1,0.0,8.21
ORD006359,P0014,1,0.0,11.34
ORD006360,P0015,3,0.15,20.94
ORD006360,P0009,2,0.15,317.7
ORD006360,P0021,3,0.0,73.59
ORD006361,P0018,1,0.0,41.8
ORD006362,P0008,1,0.0,190.06
ORD006362,P0021,1,0.05,23.3
ORD006363,P0011,3,0.1,765.21
ORD006364,P0007,2,0.0,221.5
ORD006364,P0013,1,0.1,5.22
ORD006365,P0006,1,0.0,46.81
ORD006365,P0001,1,0.1,41.83
ORD006366,P0016,1,0.0,31.91
ORD006366,P0013,1,0.0,5.8
ORD006367,P0020,1,0.0,27.26
ORD006368,P0015,1,0.05,7.8
ORD006369,P0002,1,0.0,117.29
ORD006369,P0010,2,0.0,673.82
ORD006370,P0022,2,0.15,92.67
ORD006371,P0015,1,0.0,8.21
ORD006371,P0010,3,0.1,909.66
ORD006372,P0002,2,0.1,211.12
ORD006373,P0014,1,0.05,10.77
ORD006373,P0018,1,0.1,37.62
ORD006374,P0014,2,0.0,22.68
ORD006374,P0016,2,0.0,63.82
ORD006375,P0003,2,0.1,31.46
ORD006376,P0015,1,0.0,8.21
ORD006377,P0003,1,0.1,15.73
ORD006378,P0011,1,0.1,255.07
ORD006379,P0021,3,0.0,73.59
ORD006380,P0010,1,0.0,336.91
ORD006380,P0016,1,0.05,30.31
ORD006380,P0002,1,0.1,105.56
ORD006380,P0007,2,0.0,221.5
ORD006381,P0002,1,0.05,111.43
ORD006381,P0022,1,0.05,51.78
ORD006382,P0011,2,0.0,566.82
ORD006382,P0007,2,0.1,199.35
ORD006383,P0005,2,0.0,126.18
ORD006384,P0016,1,0.05,30.31
ORD006384,P0020,1,0.1,24.53
ORD006385,P0009,2,0.0,373.76
ORD006386,P0014,1,0.0,11.34
ORD006387,P0019,1,0.0,43.71
ORD006388,P0010,1,0.0,336.91
ORD006388,P0022,2,0.0,109.02
ORD006388,P0003,1,0.0,17.48
ORD006389,P0020,1,0.0,27.26
ORD006389,P0014,1,0.0,11.34
ORD006389,P0012,3,0.1,62.5
ORD006390,P0008,2,0.0,380.12
ORD006391,P0005,1,0.0,63.09
ORD006391,P0011,1,0.0,283.41
ORD006391,P0018,1,0.0,41.8
ORD006391,P0010,2,0.0,673.82
ORD006392,P0012,1,0.0,23.15
ORD006392,P0021,2,0.0,49.06
ORD006393,P0004,1,0.0,97.24
ORD006393,P0015,1,0.0,8.21
ORD006393,P0019,1,0.0,43.71
ORD006394,P0019,1,0.15,37.15
ORD006394,P0011,1,0.1,255.07
ORD006395,P0009,1,0.0,186.88
ORD006395,P0013,1,0.0,5.8
ORD006395,P0003,1,0.1,15.73
ORD006396,P0021,1,0.05,23.3
ORD006396,P0007,1,0.05,105.21
ORD006396,P0022,1,0.1,49.06
ORD006396,P0014,2,0.0,22.68
ORD006397,P0005,1,0.15,53.63
ORD006397,P0004,1,0.05,92.38
ORD006398,P0022,2,0.2,87.22
ORD006398,P0009,2,0.15,317.7
ORD006399,P0008,2,0.1,342.11
ORD006399,P0018,2,0.1,75.24
ORD006399,P0004,1,0.0,97.24
ORD006400,P0022,1,0.05,51.78
ORD006400,P0005,1,0.0,63.09
ORD006400,P0017,1,0.0,8.44
ORD006401,P0001,2,0.05,88.31
ORD006401,P0009,1,0.1,168.19
ORD006402,P0019,1,0.0,43.71
ORD006403,P0010,1,0.0,336.91
ORD006403,P0019,3,0.1,118.02
ORD006403,P0007,2,0.0,221.5
ORD006404,P0018,1,0.05,39.71
ORD006405,P0019,1,0.0,43.71
ORD006405,P0016,1,0.1,28.72
ORD006406,P0002,1,0.0,117.29
ORD006406,P0010,1,0.15,286.37
ORD006407,P0015,1,0.0,8.21
ORD006407,P0002,1,0.1,105.56
ORD006408,P0009,1,0.05,177.54
ORD006408,P0012,3,0.0,69.45
ORD006409,P0012,1,0.0,23.15
ORD006410,P0012,3,0.0,69.45
ORD006411,P0018,1,0.0,41.8
ORD006411,P0007,3,0.05,315.64
ORD006412,P0014,3,0.0,34.02
ORD006413,P0003,1,0.15,14.86
ORD006414,P0008,1,0.0,190.06
ORD006414,P0017,1,0.1,7.6
ORD006415,P0005,1,0.0,63.09
ORD006415,P0011,1,0.0,283.41
ORD006416,P0006,3,0.1,126.39
ORD006416,P0015,1,0.05,7.8
ORD006416,P0008,1,0.0,190.06
ORD006416,P0010,2,0.1,606.44
ORD006417,P0022,1,0.05,51.78
ORD006418,P0016,1,0.05,30.31
ORD006418,P0006,3,0.0,140.43
ORD006419,P0013,3,0.05,16.53
ORD006419,P0009,3,0.15,476.54
ORD006419,P0012,1,0.0,23.15
ORD006420,P0020,1,0.0,27.26
ORD006421,P0004,1,0.0,97.24
ORD006421,P0012,1,0.1,20.84
ORD006422,P0008,2,0.1,342.11
ORD006422,P0005,3,0.05,179.81
ORD006422,P0007,2,0.0,221.5
ORD006423,P0017,1,0.05,8.02
ORD006424,P0004,1,0.0,97.24
ORD006424,P0016,3,0.15,81.37
ORD006424,P0010,3,0.0,1010.73
ORD006424,P0021,2,0.0,49.06
ORD006425,P0007,1,0.05,105.21
ORD006426,P0011,1,0.0,283.41
ORD006427,P0004,3,0.1,262.55
ORD006428,P0004,1,0.2,77.79
ORD006429,P0015,2,0.15,13.96
ORD006429,P0022,3,0.0,163.53
ORD006429,P0018,1,0.05,39.71
ORD006430,P0003,1,0.1,15.73
ORD006430,P0020,1,0.15,23.17
ORD006431,P0022,2,0.0,109.02
ORD006432,P0002,1,0.15,99.7
ORD006433,P0013,1,0.05,5.51
ORD006433,P0005,2,0.05,119.87
ORD006434,P0022,1,0.15,46.33
ORD006435,P0016,2,0.15,54.25
ORD006436,P0007,3,0.05,315.64
ORD006436,P0010,1,0.1,303.22
ORD006437,P0003,1,0.0,17.48
ORD006438,P0005,3,0.15,160.88
ORD006438,P0012,3,0.15,59.03
ORD006438,P0002,1,0.0,117.29
ORD006439,P0003,3,0.0,52.44
ORD006439,P0012,1,0.0,23.15
ORD006440,P0015,1,0.15,6.98
ORD006440,P0002,2,0.0,234.58
ORD006441,P0003,2,0.0,34.96
ORD006441,P0015,2,0.15,13.96
ORD006441,P0009,2,0.0,373.76
ORD006442,P0017,1,0.0,8.44
ORD006443,P0011,3,0.0,850.23
ORD006443,P0022,1,0.0,54.51
ORD006443,P0017,1,0.0,8.44
ORD006443,P0009,1,0.0,186.88
ORD006444,P0022,1,0.0,54.51
ORD006444,P0004,1,0.15,82.65
ORD006444,P0020,1,0.1,24.53
ORD006444,P0014,1,0.0,11.34
ORD006445,P0010,1,0.0,336.91
ORD006446,P0006,2,0.05,88.94
ORD006447,P0014,1,0.0,11.34
ORD006448,P0015,1,0.0,8.21
ORD006448,P0022,2,0.0,109.02
ORD006448,P0014,1,0.0,11.34
ORD006449,P0006,2,0.1,84.26
ORD006450,P0008,1,0.1,171.05
ORD006450,P0017,1,0.0,8.44
ORD006451,P0008,1,0.1,171.05
ORD006451,P0004,1,0.1,87.52
ORD006452,P0016,2,0.1,57.44
ORD006452,P0020,1,0.2,21.81
ORD006453,P0003,3,0.0,52.44
ORD006454,P0005,3,0.0,189.27
ORD006455,P0018,3,0.1,112.86
ORD006456,P0003,1,0.0,17.48
ORD006456,P0021,1,0.0,24.53
ORD006456,P0020,2,0.1,49.07
ORD006457,P0021,1,0.2,19.62
ORD006457,P0008,1,0.0,190.06
ORD006458,P0019,1,0.05,41.52
ORD006458,P0004,3,0.0,291.72
ORD006458,P0010,1,0.0,336.91
ORD006458,P0020,1,0.1,24.53
ORD006459,P0006,2,0.0,93.62
ORD006459,P0021,1,0.05,23.3
ORD006459,P0002,1,0.15,99.7
ORD006460,P0018,1,0.05,39.71
ORD006460,P0013,1,0.0,5.8
ORD006460,P0003,1,0.0,17.48
ORD006461,P0015,1,0.1,7.39
ORD006461,P0003,1,0.0,17.48
ORD006462,P0015,1,0.05,7.8
ORD006462,P0021,1,0.0,24.53
ORD006463,P0019,1,0.15,37.15
ORD006463,P0016,1,0.0,31.91
ORD006463,P0020,1,0.0,27.26
ORD006463,P0017,2,0.0,16.88
ORD006464,P0008,1,0.05,180.56
ORD006464,P0020,1,0.1,24.53
ORD006464,P0001,1,0.15,39.51
ORD006465,P0009,1,0.1,168.19
ORD006465,P0015,2,0.0,16.42
ORD006466,P0013,2,0.15,9.86
ORD006466,P0022,1,0.1,49.06
ORD006467,P0018,1,0.0,41.8
ORD006468,P0009,2,0.0,373.76
ORD006468,P0013,2,0.0,11.6
ORD006468,P0002,1,0.0,117.29
ORD006469,P0008,1,0.0,190.06
ORD006469,P0015,2,0.05,15.6
ORD006470,P0022,2,0.0,109.02
ORD006471,P0001,1,0.15,39.51
ORD006471,P0020,2,0.0,54.52
ORD006472,P0015,1,0.15,6.98
ORD006472,P0016,2,0.1,57.44
ORD006473,P0002,1,0.15,99.7
ORD006473,P0006,3,0.0,140.43
ORD006473,P0009,1,0.1,168.19
ORD006474,P0018,3,0.2,100.32
ORD006475,P0010,2,0.0,673.82
ORD006475,P0016,1,0.05,30.31
ORD006475,P0018,2,0.0,83.6
ORD006475,P0021,3,0.05,69.91
ORD006476,P0012,1,0.0,23.15
ORD006476,P0009,1,0.05,177.54
ORD006477,P0001,1,0.0,46.48
ORD006478,P0002,1,0.05,111.43
ORD006479,P0004,1,0.0,97.24
ORD006479,P0020,3,0.0,81.78
ORD006480,P0015,1,0.05,7.8
ORD006480,P0011,1,0.0,283.41
ORD006480,P0013,2,0.1,10.44
ORD006480,P0009,3,0.0,560.64
ORD006481,P0020,1,0.0,27.26
ORD006481,P0005,2,0.05,119.87
ORD006482,P0015,3,0.0,24.63
ORD006483,P0022,1,0.2,43.61
ORD006483,P0017,1,0.0,8.44
ORD006484,P0022,1,0.1,49.06
ORD006484,P0019,1,0.0,43.71
ORD006485,P0017,1,0.1,7.6
ORD006485,P0009,1,0.0,186.88
ORD006486,P0001,3,0.0,139.44
ORD006487,P0013,1,0.0,5.8
ORD006488,P0011,1,0.15,240.9
ORD006489,P0003,2,0.0,34.96
ORD006490,P0006,1,0.0,46.81
ORD006491,P0001,1,0.0,46.48
ORD006491,P0021,1,0.15,20.85
ORD006491,P0004,2,0.0,194.48
ORD006492,P0014,1,0.0,11.34
ORD006492,P0005,1,0.05,59.94
ORD006492,P0003,1,0.1,15.73
ORD006493,P0019,1,0.15,37.15
ORD006494,P0015,1,0.0,8.21
ORD006494,P0007,1,0.2,88.6
ORD006494,P0012,1,0.0,23.15
ORD006495,P0009,3,0.05,532.61
ORD006495,P0004,1,0.1,87.52
ORD006495,P0006,1,0.0,46.81
ORD006496,P0009,2,0.05,355.07
ORD006497,P0012,1,0.1,20.84
ORD006498,P0002,1,0.0,117.29
ORD006499,P0010,1,0.1,303.22
ORD006500,P0002,1,0.0,117.29
ORD006500,P0013,2,0.15,9.86
ORD006500,P0021,1,0.0,24.53
ORD006501,P0004,1,0.15,82.65
ORD006502,P0005,1,0.0,63.09
ORD006502,P0019,1,0.05,41.52
ORD006502,P0001,1,0.0,46.48
ORD006502,P0020,1,0.1,24.53
ORD006503,P0020,1,0.15,23.17
ORD006503,P0019,2,0.1,78.68
ORD006503,P0012,1,0.0,23.15
ORD006504,P0015,2,0.1,14.78
ORD006505,P0018,1,0.1,37.62
ORD006506,P0009,2,0.0,373.76
ORD006507,P0014,1,0.05,10.77
ORD006508,P0001,2,0.0,92.96
ORD006508,P0010,1,0.0,336.91
ORD006509,P0021,2,0.0,49.06
ORD006509,P0006,2,0.0,93.62
ORD006509,P0018,1,0.0,41.8
ORD006510,P0004,2,0.05,184.76
ORD006511,P0003,1,0.0,17.48
ORD006512,P0010,1,0.05,320.06
ORD006513,P0010,2,0.0,673.82
ORD006514,P0016,1,0.0,31.91
ORD006514,P0003,1,0.05,16.61
ORD006514,P0001,1,0.0,46.48
ORD006515,P0011,2,0.05,538.48
ORD006515,P0010,1,0.0,336.91
ORD006515,P0004,2,0.1,175.03
ORD006515,P0018,2,0.1,75.24
ORD006516,P0019,1,0.0,43.71
ORD006516,P0020,1,0.0,27.26
ORD006517,P0005,1,0.05,59.94
ORD006517,P0001,2,0.05,88.31
ORD006518,P0013,2,0.0,11.6
ORD006519,P0002,1,0.15,99.7
ORD006519,P0010,2,0.0,673.82
ORD006519,P0009,1,0.1,168.19
ORD006519,P0016,1,0.0,31.91
ORD006520,P0016,1,0.1,28.72
ORD006520,P0007,1,0.05,105.21
ORD006520,P0017,1,0.0,8.44
ORD006520,P0004,2,0.0,194.48
ORD006521,P0001,3,0.15,118.52
ORD006521,P0022,1,0.05,51.78
ORD006521,P0006,1,0.1,42.13
ORD006522,P0009,1,0.1,168.19
ORD006522,P0004,1,0.05,92.38
ORD006523,P0007,1,0.0,110.75
ORD006523,P0017,1,0.0,8.44
ORD006524,P0007,1,0.1,99.68
ORD006525,P0013,1,0.0,5.8
ORD006525,P0008,1,0.0,190.06
ORD006526,P0019,1,0.1,39.34
ORD006527,P0001,2,0.1,83.66
ORD006528,P0007,1,0.0,110.75
ORD006528,P0021,2,0.05,46.61
ORD006528,P0012,1,0.0,23.15
ORD006529,P0020,2,0.05,51.79
ORD006529,P0015,3,0.0,24.63
ORD006529,P0009,2,0.0,373.76
ORD006530,P0020,1,0.0,27.26
ORD006531,P0011,1,0.0,283.41
ORD006531,P0013,1,0.05,5.51
ORD006531,P0012,2,0.1,41.67
ORD006532,P0006,3,0.0,140.43
ORD006533,P0020,2,0.0,54.52
ORD006534,P0004,1,0.2,77.79
ORD006535,P0007,1,0.0,110.75
ORD006536,P0013,1,0.15,4.93
ORD006536,P0003,1,0.0,17.48
ORD006536,P0020,1,0.1,24.53
ORD006536,P0007,1,0.0,110.75
ORD006537,P0017,3,0.0,25.32
ORD006538,P0012,1,0.05,21.99
ORD006539,P0016,1,0.0,31.91
ORD006539,P0004,3,0.0,291.72
ORD006539,P0019,1,0.0,43.71
ORD006539,P0014,1,0.0,11.34
ORD006540,P0007,1,0.0,110.75
ORD006540,P0015,2,0.15,13.96
ORD006541,P0003,1,0.15,14.86
ORD006541,P0002,1,0.2,93.83
ORD006541,P0010,1,0.1,303.22
ORD006541,P0007,1,0.05,105.21
ORD006542,P0020,1,0.1,24.53
ORD006542,P0007,1,0.05,105.21
ORD006543,P0005,1,0.05,59.94
ORD006543,P0014,2,0.1,20.41
ORD006544,P0005,3,0.1,170.34
ORD006544,P0011,2,0.15,481.8
ORD006545,P0002,1,0.05,111.43
ORD006546,P0002,1,0.05,111.43
ORD006547,P0012,3,0.0,69.45
ORD006548,P0011,1,0.2,226.73
ORD006549,P0008,1,0.15,161.55
ORD006550,P0008,1,0.05,180.56
ORD006550,P0004,1,0.1,87.52
ORD006551,P0010,1,0.1,303.22
ORD006552,P0016,1,0.0,31.91
ORD006552,P0018,2,0.2,66.88
ORD006553,P0004,1,0.0,97.24
ORD006553,P0019,1,0.05,41.52
ORD006554,P0009,1,0.0,186.88
ORD006554,P0005,1,0.0,63.09
ORD006555,P0004,1,0.2,77.79
ORD006555,P0012,1,0.1,20.84
ORD006556,P0003,1,0.0,17.48
ORD006556,P0019,1,0.15,37.15
ORD006556,P0012,1,0.0,23.15
ORD006557,P0021,1,0.1,22.08
ORD006557,P0013,2,0.05,11.02
ORD006558,P0013,1,0.1,5.22
ORD006558,P0016,1,0.0,31.91
ORD006558,P0017,2,0.0,16.88
ORD006559,P0012,1,0.0,23.15
ORD006560,P0016,2,0.15,54.25
ORD006560,P0019,2,0.15,74.31
ORD006561,P0004,2,0.05,184.76
ORD006562,P0002,1,0.1,105.56
ORD006562,P0008,1,0.05,180.56
ORD006562,P0014,1,0.0,11.34
ORD006563,P0011,1,0.0,283.41
ORD006563,P0009,1,0.05,177.54
ORD006564,P0003,2,0.0,34.96
ORD006564,P0019,2,0.0,87.42
ORD006564,P0004,1,0.1,87.52
ORD006565,P0012,1,0.0,23.15
ORD006566,P0021,2,0.0,49.06
ORD006567,P0002,1,0.0,117.29
ORD006568,P0010,1,0.15,286.37
ORD006568,P0018,2,0.1,75.24
ORD006569,P0003,1,0.15,14.86
ORD006570,P0012,1,0.0,23.15
ORD006571,P0010,1,0.05,320.06
ORD006571,P0008,1,0.0,190.06
ORD006572,P0012,3,0.0,69.45
ORD006572,P0021,1,0.0,24.53
ORD006572,P0019,1,0.0,43.71
ORD006573,P0001,3,0.05,132.47
ORD006573,P0018,1,0.0,41.8
ORD006573,P0002,2,0.0,234.58
ORD006574,P0007,1,0.15,94.14
ORD006574,P0008,1,0.0,190.06
ORD006575,P0011,1,0.05,269.24
ORD006575,P0009,2,0.05,355.07
ORD006575,P0012,1,0.0,23.15
ORD006576,P0005,1,0.1,56.78
ORD006576,P0007,1,0.0,110.75
ORD006577,P0014,1,0.15,9.64
ORD006577,P0001,1,0.0,46.48
ORD006578,P0014,1,0.15,9.64
ORD006579,P0002,1,0.15,99.7
ORD006579,P0008,1,0.0,190.06
ORD006580,P0010,1,0.0,336.91
ORD006580,P0017,3,0.1,22.79
ORD006581,P0017,3,0.0,25.32
ORD006582,P0010,1,0.0,336.91
ORD006583,P0016,1,0.2,25.53
ORD006584,P0016,1,0.05,30.31
ORD006584,P0006,1,0.15,39.79
ORD006584,P0022,1,0.15,46.33
ORD006585,P0019,1,0.05,41.52
ORD006585,P0013,1,0.0,5.8
ORD006586,P0004,1,0.0,97.24
ORD006586,P0017,1,0.15,7.17
ORD006587,P0020,2,0.05,51.79
ORD006587,P0006,1,0.0,46.81
ORD006587,P0017,2,0.0,16.88
ORD006588,P0014,3,0.1,30.62
ORD006588,P0004,1,0.1,87.52
ORD006588,P0007,3,0.0,332.25
ORD006589,P0002,1,0.1,105.56
ORD006590,P0013,1,0.05,5.51
ORD006590,P0002,1,0.0,117.29
ORD006590,P0010,2,0.0,673.82
ORD006591,P0012,1,0.1,20.84
ORD006591,P0010,1,0.0,336.91
ORD006592,P0008,2,0.0,380.12
ORD006593,P0005,1,0.05,59.94
ORD006594,P0018,2,0.0,83.6
ORD006595,P0013,3,0.0,17.4
ORD006595,P0012,1,0.0,23.15
ORD006595,P0016,1,0.05,30.31
ORD006596,P0006,1,0.0,46.81
ORD006597,P0022,2,0.0,109.02
ORD006597,P0007,1,0.05,105.21
ORD006597,P0020,1,0.2,21.81
ORD006598,P0012,1,0.0,23.15
ORD006598,P0013,2,0.05,11.02
ORD006599,P0021,1,0.1,22.08
ORD006600,P0010,1,0.05,320.06
ORD006600,P0008,1,0.0,190.06
ORD006600,P0006,1,0.1,42.13
